id,title,state,phases,source,url,disposition,routing_basis,body,head,base,head_branch,base_branch,ahead_main,behind_main,file_count,files,failed_checks
FEAT-001,Create project,protected,"[""E08""]",docs/research/incoming/blueprint-revisions/FULL-PLATFORM-FEATURE-CATALOG.csv,https://github.com/ruddvz/Arq/blob/a02ccc69e44e41324324c9482a43edbfb58e7905/docs/research/incoming/blueprint-revisions/FULL-PLATFORM-FEATURE-CATALOG.csv,"Preserve source stage and applicability. This is coverage allocation, not proof of implementation or a confirmed defect. Revalidate detailed owning capability before execution.",category/title coverage allocation; source stage remains controlling,"id: FEAT-001
group: Project and files
feature: Create project
stage: R1
status: protected
dependency: See command and entity catalogues
quality_gate: Usability, correctness, recovery, accessibility, performance and security
claim_rule: Do not market as available before release evidence",,,,,,,,,
FEAT-002,Open project,protected,"[""E08""]",docs/research/incoming/blueprint-revisions/FULL-PLATFORM-FEATURE-CATALOG.csv,https://github.com/ruddvz/Arq/blob/a02ccc69e44e41324324c9482a43edbfb58e7905/docs/research/incoming/blueprint-revisions/FULL-PLATFORM-FEATURE-CATALOG.csv,"Preserve source stage and applicability. This is coverage allocation, not proof of implementation or a confirmed defect. Revalidate detailed owning capability before execution.",category/title coverage allocation; source stage remains controlling,"id: FEAT-002
group: Project and files
feature: Open project
stage: R1
status: protected
dependency: See command and entity catalogues
quality_gate: Usability, correctness, recovery, accessibility, performance and security
claim_rule: Do not market as available before release evidence",,,,,,,,,
FEAT-003,Recent projects,protected,"[""E08""]",docs/research/incoming/blueprint-revisions/FULL-PLATFORM-FEATURE-CATALOG.csv,https://github.com/ruddvz/Arq/blob/a02ccc69e44e41324324c9482a43edbfb58e7905/docs/research/incoming/blueprint-revisions/FULL-PLATFORM-FEATURE-CATALOG.csv,"Preserve source stage and applicability. This is coverage allocation, not proof of implementation or a confirmed defect. Revalidate detailed owning capability before execution.",category/title coverage allocation; source stage remains controlling,"id: FEAT-003
group: Project and files
feature: Recent projects
stage: R1
status: protected
dependency: See command and entity catalogues
quality_gate: Usability, correctness, recovery, accessibility, performance and security
claim_rule: Do not market as available before release evidence",,,,,,,,,
FEAT-004,Duplicate project,protected,"[""E08""]",docs/research/incoming/blueprint-revisions/FULL-PLATFORM-FEATURE-CATALOG.csv,https://github.com/ruddvz/Arq/blob/a02ccc69e44e41324324c9482a43edbfb58e7905/docs/research/incoming/blueprint-revisions/FULL-PLATFORM-FEATURE-CATALOG.csv,"Preserve source stage and applicability. This is coverage allocation, not proof of implementation or a confirmed defect. Revalidate detailed owning capability before execution.",category/title coverage allocation; source stage remains controlling,"id: FEAT-004
group: Project and files
feature: Duplicate project
stage: R1
status: protected
dependency: See command and entity catalogues
quality_gate: Usability, correctness, recovery, accessibility, performance and security
claim_rule: Do not market as available before release evidence",,,,,,,,,
FEAT-005,Archive project,protected,"[""E07""]",docs/research/incoming/blueprint-revisions/FULL-PLATFORM-FEATURE-CATALOG.csv,https://github.com/ruddvz/Arq/blob/a02ccc69e44e41324324c9482a43edbfb58e7905/docs/research/incoming/blueprint-revisions/FULL-PLATFORM-FEATURE-CATALOG.csv,"Preserve source stage and applicability. This is coverage allocation, not proof of implementation or a confirmed defect. Revalidate detailed owning capability before execution.",category/title coverage allocation; source stage remains controlling,"id: FEAT-005
group: Project and files
feature: Archive project
stage: R1
status: protected
dependency: See command and entity catalogues
quality_gate: Usability, correctness, recovery, accessibility, performance and security
claim_rule: Do not market as available before release evidence",,,,,,,,,
FEAT-006,Restore project,protected,"[""E08""]",docs/research/incoming/blueprint-revisions/FULL-PLATFORM-FEATURE-CATALOG.csv,https://github.com/ruddvz/Arq/blob/a02ccc69e44e41324324c9482a43edbfb58e7905/docs/research/incoming/blueprint-revisions/FULL-PLATFORM-FEATURE-CATALOG.csv,"Preserve source stage and applicability. This is coverage allocation, not proof of implementation or a confirmed defect. Revalidate detailed owning capability before execution.",category/title coverage allocation; source stage remains controlling,"id: FEAT-006
group: Project and files
feature: Restore project
stage: R1
status: protected
dependency: See command and entity catalogues
quality_gate: Usability, correctness, recovery, accessibility, performance and security
claim_rule: Do not market as available before release evidence",,,,,,,,,
FEAT-007,Clean .arq export,protected,"[""E20""]",docs/research/incoming/blueprint-revisions/FULL-PLATFORM-FEATURE-CATALOG.csv,https://github.com/ruddvz/Arq/blob/a02ccc69e44e41324324c9482a43edbfb58e7905/docs/research/incoming/blueprint-revisions/FULL-PLATFORM-FEATURE-CATALOG.csv,"Preserve source stage and applicability. This is coverage allocation, not proof of implementation or a confirmed defect. Revalidate detailed owning capability before execution.",category/title coverage allocation; source stage remains controlling,"id: FEAT-007
group: Project and files
feature: Clean .arq export
stage: R1
status: protected
dependency: See command and entity catalogues
quality_gate: Usability, correctness, recovery, accessibility, performance and security
claim_rule: Do not market as available before release evidence",,,,,,,,,
FEAT-008,Linked external .arq document,planned,"[""E07""]",docs/research/incoming/blueprint-revisions/FULL-PLATFORM-FEATURE-CATALOG.csv,https://github.com/ruddvz/Arq/blob/a02ccc69e44e41324324c9482a43edbfb58e7905/docs/research/incoming/blueprint-revisions/FULL-PLATFORM-FEATURE-CATALOG.csv,"Preserve source stage and applicability. This is coverage allocation, not proof of implementation or a confirmed defect. Revalidate detailed owning capability before execution.",category/title coverage allocation; source stage remains controlling,"id: FEAT-008
group: Project and files
feature: Linked external .arq document
stage: R2
status: planned
dependency: See command and entity catalogues
quality_gate: Usability, correctness, recovery, accessibility, performance and security
claim_rule: Do not market as available before release evidence",,,,,,,,,
FEAT-009,Project templates,protected,"[""E08""]",docs/research/incoming/blueprint-revisions/FULL-PLATFORM-FEATURE-CATALOG.csv,https://github.com/ruddvz/Arq/blob/a02ccc69e44e41324324c9482a43edbfb58e7905/docs/research/incoming/blueprint-revisions/FULL-PLATFORM-FEATURE-CATALOG.csv,"Preserve source stage and applicability. This is coverage allocation, not proof of implementation or a confirmed defect. Revalidate detailed owning capability before execution.",category/title coverage allocation; source stage remains controlling,"id: FEAT-009
group: Project and files
feature: Project templates
stage: R1
status: protected
dependency: See command and entity catalogues
quality_gate: Usability, correctness, recovery, accessibility, performance and security
claim_rule: Do not market as available before release evidence",,,,,,,,,
FEAT-010,Safe mode,protected,"[""E07""]",docs/research/incoming/blueprint-revisions/FULL-PLATFORM-FEATURE-CATALOG.csv,https://github.com/ruddvz/Arq/blob/a02ccc69e44e41324324c9482a43edbfb58e7905/docs/research/incoming/blueprint-revisions/FULL-PLATFORM-FEATURE-CATALOG.csv,"Preserve source stage and applicability. This is coverage allocation, not proof of implementation or a confirmed defect. Revalidate detailed owning capability before execution.",category/title coverage allocation; source stage remains controlling,"id: FEAT-010
group: Project and files
feature: Safe mode
stage: R1
status: protected
dependency: See command and entity catalogues
quality_gate: Usability, correctness, recovery, accessibility, performance and security
claim_rule: Do not market as available before release evidence",,,,,,,,,
FEAT-011,Recovery centre,protected,"[""E07""]",docs/research/incoming/blueprint-revisions/FULL-PLATFORM-FEATURE-CATALOG.csv,https://github.com/ruddvz/Arq/blob/a02ccc69e44e41324324c9482a43edbfb58e7905/docs/research/incoming/blueprint-revisions/FULL-PLATFORM-FEATURE-CATALOG.csv,"Preserve source stage and applicability. This is coverage allocation, not proof of implementation or a confirmed defect. Revalidate detailed owning capability before execution.",category/title coverage allocation; source stage remains controlling,"id: FEAT-011
group: Project and files
feature: Recovery centre
stage: R1
status: protected
dependency: See command and entity catalogues
quality_gate: Usability, correctness, recovery, accessibility, performance and security
claim_rule: Do not market as available before release evidence",,,,,,,,,
FEAT-012,Project diagnostics,protected,"[""E24""]",docs/research/incoming/blueprint-revisions/FULL-PLATFORM-FEATURE-CATALOG.csv,https://github.com/ruddvz/Arq/blob/a02ccc69e44e41324324c9482a43edbfb58e7905/docs/research/incoming/blueprint-revisions/FULL-PLATFORM-FEATURE-CATALOG.csv,"Preserve source stage and applicability. This is coverage allocation, not proof of implementation or a confirmed defect. Revalidate detailed owning capability before execution.",category/title coverage allocation; source stage remains controlling,"id: FEAT-012
group: Project and files
feature: Project diagnostics
stage: R1
status: protected
dependency: See command and entity catalogues
quality_gate: Usability, correctness, recovery, accessibility, performance and security
claim_rule: Do not market as available before release evidence",,,,,,,,,
FEAT-013,Project comparison,planned,"[""E08""]",docs/research/incoming/blueprint-revisions/FULL-PLATFORM-FEATURE-CATALOG.csv,https://github.com/ruddvz/Arq/blob/a02ccc69e44e41324324c9482a43edbfb58e7905/docs/research/incoming/blueprint-revisions/FULL-PLATFORM-FEATURE-CATALOG.csv,"Preserve source stage and applicability. This is coverage allocation, not proof of implementation or a confirmed defect. Revalidate detailed owning capability before execution.",category/title coverage allocation; source stage remains controlling,"id: FEAT-013
group: Project and files
feature: Project comparison
stage: R2
status: planned
dependency: See command and entity catalogues
quality_gate: Usability, correctness, recovery, accessibility, performance and security
claim_rule: Do not market as available before release evidence",,,,,,,,,
FEAT-014,Project branching,planned,"[""E08""]",docs/research/incoming/blueprint-revisions/FULL-PLATFORM-FEATURE-CATALOG.csv,https://github.com/ruddvz/Arq/blob/a02ccc69e44e41324324c9482a43edbfb58e7905/docs/research/incoming/blueprint-revisions/FULL-PLATFORM-FEATURE-CATALOG.csv,"Preserve source stage and applicability. This is coverage allocation, not proof of implementation or a confirmed defect. Revalidate detailed owning capability before execution.",category/title coverage allocation; source stage remains controlling,"id: FEAT-014
group: Project and files
feature: Project branching
stage: R4
status: planned
dependency: See command and entity catalogues
quality_gate: Usability, correctness, recovery, accessibility, performance and security
claim_rule: Do not market as available before release evidence",,,,,,,,,
FEAT-015,Project merge,planned,"[""E08""]",docs/research/incoming/blueprint-revisions/FULL-PLATFORM-FEATURE-CATALOG.csv,https://github.com/ruddvz/Arq/blob/a02ccc69e44e41324324c9482a43edbfb58e7905/docs/research/incoming/blueprint-revisions/FULL-PLATFORM-FEATURE-CATALOG.csv,"Preserve source stage and applicability. This is coverage allocation, not proof of implementation or a confirmed defect. Revalidate detailed owning capability before execution.",category/title coverage allocation; source stage remains controlling,"id: FEAT-015
group: Project and files
feature: Project merge
stage: R5
status: planned
dependency: See command and entity catalogues
quality_gate: Usability, correctness, recovery, accessibility, performance and security
claim_rule: Do not market as available before release evidence",,,,,,,,,
FEAT-016,Metric units,protected,"[""E03""]",docs/research/incoming/blueprint-revisions/FULL-PLATFORM-FEATURE-CATALOG.csv,https://github.com/ruddvz/Arq/blob/a02ccc69e44e41324324c9482a43edbfb58e7905/docs/research/incoming/blueprint-revisions/FULL-PLATFORM-FEATURE-CATALOG.csv,"Preserve source stage and applicability. This is coverage allocation, not proof of implementation or a confirmed defect. Revalidate detailed owning capability before execution.",category/title coverage allocation; source stage remains controlling,"id: FEAT-016
group: Units and coordinates
feature: Metric units
stage: R1
status: protected
dependency: See command and entity catalogues
quality_gate: Usability, correctness, recovery, accessibility, performance and security
claim_rule: Do not market as available before release evidence",,,,,,,,,
FEAT-017,Imperial units,protected,"[""E03""]",docs/research/incoming/blueprint-revisions/FULL-PLATFORM-FEATURE-CATALOG.csv,https://github.com/ruddvz/Arq/blob/a02ccc69e44e41324324c9482a43edbfb58e7905/docs/research/incoming/blueprint-revisions/FULL-PLATFORM-FEATURE-CATALOG.csv,"Preserve source stage and applicability. This is coverage allocation, not proof of implementation or a confirmed defect. Revalidate detailed owning capability before execution.",category/title coverage allocation; source stage remains controlling,"id: FEAT-017
group: Units and coordinates
feature: Imperial units
stage: R1
status: protected
dependency: See command and entity catalogues
quality_gate: Usability, correctness, recovery, accessibility, performance and security
claim_rule: Do not market as available before release evidence",,,,,,,,,
FEAT-018,Display precision,protected,"[""E03""]",docs/research/incoming/blueprint-revisions/FULL-PLATFORM-FEATURE-CATALOG.csv,https://github.com/ruddvz/Arq/blob/a02ccc69e44e41324324c9482a43edbfb58e7905/docs/research/incoming/blueprint-revisions/FULL-PLATFORM-FEATURE-CATALOG.csv,"Preserve source stage and applicability. This is coverage allocation, not proof of implementation or a confirmed defect. Revalidate detailed owning capability before execution.",category/title coverage allocation; source stage remains controlling,"id: FEAT-018
group: Units and coordinates
feature: Display precision
stage: R1
status: protected
dependency: See command and entity catalogues
quality_gate: Usability, correctness, recovery, accessibility, performance and security
claim_rule: Do not market as available before release evidence",,,,,,,,,
FEAT-019,Internal canonical units,protected,"[""E03""]",docs/research/incoming/blueprint-revisions/FULL-PLATFORM-FEATURE-CATALOG.csv,https://github.com/ruddvz/Arq/blob/a02ccc69e44e41324324c9482a43edbfb58e7905/docs/research/incoming/blueprint-revisions/FULL-PLATFORM-FEATURE-CATALOG.csv,"Preserve source stage and applicability. This is coverage allocation, not proof of implementation or a confirmed defect. Revalidate detailed owning capability before execution.",category/title coverage allocation; source stage remains controlling,"id: FEAT-019
group: Units and coordinates
feature: Internal canonical units
stage: R1
status: protected
dependency: See command and entity catalogues
quality_gate: Usability, correctness, recovery, accessibility, performance and security
claim_rule: Do not market as available before release evidence",,,,,,,,,
FEAT-020,Project origin,protected,"[""E03""]",docs/research/incoming/blueprint-revisions/FULL-PLATFORM-FEATURE-CATALOG.csv,https://github.com/ruddvz/Arq/blob/a02ccc69e44e41324324c9482a43edbfb58e7905/docs/research/incoming/blueprint-revisions/FULL-PLATFORM-FEATURE-CATALOG.csv,"Preserve source stage and applicability. This is coverage allocation, not proof of implementation or a confirmed defect. Revalidate detailed owning capability before execution.",category/title coverage allocation; source stage remains controlling,"id: FEAT-020
group: Units and coordinates
feature: Project origin
stage: R1
status: protected
dependency: See command and entity catalogues
quality_gate: Usability, correctness, recovery, accessibility, performance and security
claim_rule: Do not market as available before release evidence",,,,,,,,,
FEAT-021,North direction,protected,"[""E03""]",docs/research/incoming/blueprint-revisions/FULL-PLATFORM-FEATURE-CATALOG.csv,https://github.com/ruddvz/Arq/blob/a02ccc69e44e41324324c9482a43edbfb58e7905/docs/research/incoming/blueprint-revisions/FULL-PLATFORM-FEATURE-CATALOG.csv,"Preserve source stage and applicability. This is coverage allocation, not proof of implementation or a confirmed defect. Revalidate detailed owning capability before execution.",category/title coverage allocation; source stage remains controlling,"id: FEAT-021
group: Units and coordinates
feature: North direction
stage: R1
status: protected
dependency: See command and entity catalogues
quality_gate: Usability, correctness, recovery, accessibility, performance and security
claim_rule: Do not market as available before release evidence",,,,,,,,,
FEAT-022,Shared coordinates,planned,"[""E35""]",docs/research/incoming/blueprint-revisions/FULL-PLATFORM-FEATURE-CATALOG.csv,https://github.com/ruddvz/Arq/blob/a02ccc69e44e41324324c9482a43edbfb58e7905/docs/research/incoming/blueprint-revisions/FULL-PLATFORM-FEATURE-CATALOG.csv,"Preserve source stage and applicability. This is coverage allocation, not proof of implementation or a confirmed defect. Revalidate detailed owning capability before execution.",category/title coverage allocation; source stage remains controlling,"id: FEAT-022
group: Units and coordinates
feature: Shared coordinates
stage: R3
status: planned
dependency: See command and entity catalogues
quality_gate: Usability, correctness, recovery, accessibility, performance and security
claim_rule: Do not market as available before release evidence",,,,,,,,,
FEAT-023,Survey point,planned,"[""E03""]",docs/research/incoming/blueprint-revisions/FULL-PLATFORM-FEATURE-CATALOG.csv,https://github.com/ruddvz/Arq/blob/a02ccc69e44e41324324c9482a43edbfb58e7905/docs/research/incoming/blueprint-revisions/FULL-PLATFORM-FEATURE-CATALOG.csv,"Preserve source stage and applicability. This is coverage allocation, not proof of implementation or a confirmed defect. Revalidate detailed owning capability before execution.",category/title coverage allocation; source stage remains controlling,"id: FEAT-023
group: Units and coordinates
feature: Survey point
stage: R3
status: planned
dependency: See command and entity catalogues
quality_gate: Usability, correctness, recovery, accessibility, performance and security
claim_rule: Do not market as available before release evidence",,,,,,,,,
FEAT-024,Georeferencing,planned,"[""E03""]",docs/research/incoming/blueprint-revisions/FULL-PLATFORM-FEATURE-CATALOG.csv,https://github.com/ruddvz/Arq/blob/a02ccc69e44e41324324c9482a43edbfb58e7905/docs/research/incoming/blueprint-revisions/FULL-PLATFORM-FEATURE-CATALOG.csv,"Preserve source stage and applicability. This is coverage allocation, not proof of implementation or a confirmed defect. Revalidate detailed owning capability before execution.",category/title coverage allocation; source stage remains controlling,"id: FEAT-024
group: Units and coordinates
feature: Georeferencing
stage: R3
status: planned
dependency: See command and entity catalogues
quality_gate: Usability, correctness, recovery, accessibility, performance and security
claim_rule: Do not market as available before release evidence",,,,,,,,,
FEAT-025,True north and project north,planned,"[""E03""]",docs/research/incoming/blueprint-revisions/FULL-PLATFORM-FEATURE-CATALOG.csv,https://github.com/ruddvz/Arq/blob/a02ccc69e44e41324324c9482a43edbfb58e7905/docs/research/incoming/blueprint-revisions/FULL-PLATFORM-FEATURE-CATALOG.csv,"Preserve source stage and applicability. This is coverage allocation, not proof of implementation or a confirmed defect. Revalidate detailed owning capability before execution.",category/title coverage allocation; source stage remains controlling,"id: FEAT-025
group: Units and coordinates
feature: True north and project north
stage: R3
status: planned
dependency: See command and entity catalogues
quality_gate: Usability, correctness, recovery, accessibility, performance and security
claim_rule: Do not market as available before release evidence",,,,,,,,,
FEAT-026,Line,protected,"[""E02""]",docs/research/incoming/blueprint-revisions/FULL-PLATFORM-FEATURE-CATALOG.csv,https://github.com/ruddvz/Arq/blob/a02ccc69e44e41324324c9482a43edbfb58e7905/docs/research/incoming/blueprint-revisions/FULL-PLATFORM-FEATURE-CATALOG.csv,"Preserve source stage and applicability. This is coverage allocation, not proof of implementation or a confirmed defect. Revalidate detailed owning capability before execution.",category/title coverage allocation; source stage remains controlling,"id: FEAT-026
group: 2D drafting
feature: Line
stage: R1
status: protected
dependency: See command and entity catalogues
quality_gate: Usability, correctness, recovery, accessibility, performance and security
claim_rule: Do not market as available before release evidence",,,,,,,,,
FEAT-027,Polyline,protected,"[""E02""]",docs/research/incoming/blueprint-revisions/FULL-PLATFORM-FEATURE-CATALOG.csv,https://github.com/ruddvz/Arq/blob/a02ccc69e44e41324324c9482a43edbfb58e7905/docs/research/incoming/blueprint-revisions/FULL-PLATFORM-FEATURE-CATALOG.csv,"Preserve source stage and applicability. This is coverage allocation, not proof of implementation or a confirmed defect. Revalidate detailed owning capability before execution.",category/title coverage allocation; source stage remains controlling,"id: FEAT-027
group: 2D drafting
feature: Polyline
stage: R1
status: protected
dependency: See command and entity catalogues
quality_gate: Usability, correctness, recovery, accessibility, performance and security
claim_rule: Do not market as available before release evidence",,,,,,,,,
FEAT-028,Rectangle,protected,"[""E02""]",docs/research/incoming/blueprint-revisions/FULL-PLATFORM-FEATURE-CATALOG.csv,https://github.com/ruddvz/Arq/blob/a02ccc69e44e41324324c9482a43edbfb58e7905/docs/research/incoming/blueprint-revisions/FULL-PLATFORM-FEATURE-CATALOG.csv,"Preserve source stage and applicability. This is coverage allocation, not proof of implementation or a confirmed defect. Revalidate detailed owning capability before execution.",category/title coverage allocation; source stage remains controlling,"id: FEAT-028
group: 2D drafting
feature: Rectangle
stage: R1
status: protected
dependency: See command and entity catalogues
quality_gate: Usability, correctness, recovery, accessibility, performance and security
claim_rule: Do not market as available before release evidence",,,,,,,,,
FEAT-029,Polygon,planned,"[""E02""]",docs/research/incoming/blueprint-revisions/FULL-PLATFORM-FEATURE-CATALOG.csv,https://github.com/ruddvz/Arq/blob/a02ccc69e44e41324324c9482a43edbfb58e7905/docs/research/incoming/blueprint-revisions/FULL-PLATFORM-FEATURE-CATALOG.csv,"Preserve source stage and applicability. This is coverage allocation, not proof of implementation or a confirmed defect. Revalidate detailed owning capability before execution.",category/title coverage allocation; source stage remains controlling,"id: FEAT-029
group: 2D drafting
feature: Polygon
stage: R2
status: planned
dependency: See command and entity catalogues
quality_gate: Usability, correctness, recovery, accessibility, performance and security
claim_rule: Do not market as available before release evidence",,,,,,,,,
FEAT-030,Circle,planned,"[""E28""]",docs/research/incoming/blueprint-revisions/FULL-PLATFORM-FEATURE-CATALOG.csv,https://github.com/ruddvz/Arq/blob/a02ccc69e44e41324324c9482a43edbfb58e7905/docs/research/incoming/blueprint-revisions/FULL-PLATFORM-FEATURE-CATALOG.csv,"Preserve source stage and applicability. This is coverage allocation, not proof of implementation or a confirmed defect. Revalidate detailed owning capability before execution.",category/title coverage allocation; source stage remains controlling,"id: FEAT-030
group: 2D drafting
feature: Circle
stage: R2
status: planned
dependency: See command and entity catalogues
quality_gate: Usability, correctness, recovery, accessibility, performance and security
claim_rule: Do not market as available before release evidence",,,,,,,,,
FEAT-031,Arc,planned,"[""E02""]",docs/research/incoming/blueprint-revisions/FULL-PLATFORM-FEATURE-CATALOG.csv,https://github.com/ruddvz/Arq/blob/a02ccc69e44e41324324c9482a43edbfb58e7905/docs/research/incoming/blueprint-revisions/FULL-PLATFORM-FEATURE-CATALOG.csv,"Preserve source stage and applicability. This is coverage allocation, not proof of implementation or a confirmed defect. Revalidate detailed owning capability before execution.",category/title coverage allocation; source stage remains controlling,"id: FEAT-031
group: 2D drafting
feature: Arc
stage: R2
status: planned
dependency: See command and entity catalogues
quality_gate: Usability, correctness, recovery, accessibility, performance and security
claim_rule: Do not market as available before release evidence",,,,,,,,,
FEAT-032,Ellipse,planned,"[""E02""]",docs/research/incoming/blueprint-revisions/FULL-PLATFORM-FEATURE-CATALOG.csv,https://github.com/ruddvz/Arq/blob/a02ccc69e44e41324324c9482a43edbfb58e7905/docs/research/incoming/blueprint-revisions/FULL-PLATFORM-FEATURE-CATALOG.csv,"Preserve source stage and applicability. This is coverage allocation, not proof of implementation or a confirmed defect. Revalidate detailed owning capability before execution.",category/title coverage allocation; source stage remains controlling,"id: FEAT-032
group: 2D drafting
feature: Ellipse
stage: R3
status: planned
dependency: See command and entity catalogues
quality_gate: Usability, correctness, recovery, accessibility, performance and security
claim_rule: Do not market as available before release evidence",,,,,,,,,
FEAT-033,Spline,planned,"[""E02""]",docs/research/incoming/blueprint-revisions/FULL-PLATFORM-FEATURE-CATALOG.csv,https://github.com/ruddvz/Arq/blob/a02ccc69e44e41324324c9482a43edbfb58e7905/docs/research/incoming/blueprint-revisions/FULL-PLATFORM-FEATURE-CATALOG.csv,"Preserve source stage and applicability. This is coverage allocation, not proof of implementation or a confirmed defect. Revalidate detailed owning capability before execution.",category/title coverage allocation; source stage remains controlling,"id: FEAT-033
group: 2D drafting
feature: Spline
stage: R3
status: planned
dependency: See command and entity catalogues
quality_gate: Usability, correctness, recovery, accessibility, performance and security
claim_rule: Do not market as available before release evidence",,,,,,,,,
FEAT-034,Construction line,planned,"[""E02""]",docs/research/incoming/blueprint-revisions/FULL-PLATFORM-FEATURE-CATALOG.csv,https://github.com/ruddvz/Arq/blob/a02ccc69e44e41324324c9482a43edbfb58e7905/docs/research/incoming/blueprint-revisions/FULL-PLATFORM-FEATURE-CATALOG.csv,"Preserve source stage and applicability. This is coverage allocation, not proof of implementation or a confirmed defect. Revalidate detailed owning capability before execution.",category/title coverage allocation; source stage remains controlling,"id: FEAT-034
group: 2D drafting
feature: Construction line
stage: R2
status: planned
dependency: See command and entity catalogues
quality_gate: Usability, correctness, recovery, accessibility, performance and security
claim_rule: Do not market as available before release evidence",,,,,,,,,
FEAT-035,Detail line,planned,"[""E02""]",docs/research/incoming/blueprint-revisions/FULL-PLATFORM-FEATURE-CATALOG.csv,https://github.com/ruddvz/Arq/blob/a02ccc69e44e41324324c9482a43edbfb58e7905/docs/research/incoming/blueprint-revisions/FULL-PLATFORM-FEATURE-CATALOG.csv,"Preserve source stage and applicability. This is coverage allocation, not proof of implementation or a confirmed defect. Revalidate detailed owning capability before execution.",category/title coverage allocation; source stage remains controlling,"id: FEAT-035
group: 2D drafting
feature: Detail line
stage: R2
status: planned
dependency: See command and entity catalogues
quality_gate: Usability, correctness, recovery, accessibility, performance and security
claim_rule: Do not market as available before release evidence",,,,,,,,,
FEAT-036,Region,planned,"[""E02""]",docs/research/incoming/blueprint-revisions/FULL-PLATFORM-FEATURE-CATALOG.csv,https://github.com/ruddvz/Arq/blob/a02ccc69e44e41324324c9482a43edbfb58e7905/docs/research/incoming/blueprint-revisions/FULL-PLATFORM-FEATURE-CATALOG.csv,"Preserve source stage and applicability. This is coverage allocation, not proof of implementation or a confirmed defect. Revalidate detailed owning capability before execution.",category/title coverage allocation; source stage remains controlling,"id: FEAT-036
group: 2D drafting
feature: Region
stage: R2
status: planned
dependency: See command and entity catalogues
quality_gate: Usability, correctness, recovery, accessibility, performance and security
claim_rule: Do not market as available before release evidence",,,,,,,,,
FEAT-037,Hatch and fill,planned,"[""E02""]",docs/research/incoming/blueprint-revisions/FULL-PLATFORM-FEATURE-CATALOG.csv,https://github.com/ruddvz/Arq/blob/a02ccc69e44e41324324c9482a43edbfb58e7905/docs/research/incoming/blueprint-revisions/FULL-PLATFORM-FEATURE-CATALOG.csv,"Preserve source stage and applicability. This is coverage allocation, not proof of implementation or a confirmed defect. Revalidate detailed owning capability before execution.",category/title coverage allocation; source stage remains controlling,"id: FEAT-037
group: 2D drafting
feature: Hatch and fill
stage: R3
status: planned
dependency: See command and entity catalogues
quality_gate: Usability, correctness, recovery, accessibility, performance and security
claim_rule: Do not market as available before release evidence",,,,,,,,,
FEAT-038,Offset,protected,"[""E11""]",docs/research/incoming/blueprint-revisions/FULL-PLATFORM-FEATURE-CATALOG.csv,https://github.com/ruddvz/Arq/blob/a02ccc69e44e41324324c9482a43edbfb58e7905/docs/research/incoming/blueprint-revisions/FULL-PLATFORM-FEATURE-CATALOG.csv,"Preserve source stage and applicability. This is coverage allocation, not proof of implementation or a confirmed defect. Revalidate detailed owning capability before execution.",category/title coverage allocation; source stage remains controlling,"id: FEAT-038
group: 2D drafting
feature: Offset
stage: R1
status: protected
dependency: See command and entity catalogues
quality_gate: Usability, correctness, recovery, accessibility, performance and security
claim_rule: Do not market as available before release evidence",,,,,,,,,
FEAT-039,Trim,protected,"[""E11""]",docs/research/incoming/blueprint-revisions/FULL-PLATFORM-FEATURE-CATALOG.csv,https://github.com/ruddvz/Arq/blob/a02ccc69e44e41324324c9482a43edbfb58e7905/docs/research/incoming/blueprint-revisions/FULL-PLATFORM-FEATURE-CATALOG.csv,"Preserve source stage and applicability. This is coverage allocation, not proof of implementation or a confirmed defect. Revalidate detailed owning capability before execution.",category/title coverage allocation; source stage remains controlling,"id: FEAT-039
group: 2D drafting
feature: Trim
stage: R1
status: protected
dependency: See command and entity catalogues
quality_gate: Usability, correctness, recovery, accessibility, performance and security
claim_rule: Do not market as available before release evidence",,,,,,,,,
FEAT-040,Extend,protected,"[""E11""]",docs/research/incoming/blueprint-revisions/FULL-PLATFORM-FEATURE-CATALOG.csv,https://github.com/ruddvz/Arq/blob/a02ccc69e44e41324324c9482a43edbfb58e7905/docs/research/incoming/blueprint-revisions/FULL-PLATFORM-FEATURE-CATALOG.csv,"Preserve source stage and applicability. This is coverage allocation, not proof of implementation or a confirmed defect. Revalidate detailed owning capability before execution.",category/title coverage allocation; source stage remains controlling,"id: FEAT-040
group: 2D drafting
feature: Extend
stage: R1
status: protected
dependency: See command and entity catalogues
quality_gate: Usability, correctness, recovery, accessibility, performance and security
claim_rule: Do not market as available before release evidence",,,,,,,,,
FEAT-041,Split,protected,"[""E02""]",docs/research/incoming/blueprint-revisions/FULL-PLATFORM-FEATURE-CATALOG.csv,https://github.com/ruddvz/Arq/blob/a02ccc69e44e41324324c9482a43edbfb58e7905/docs/research/incoming/blueprint-revisions/FULL-PLATFORM-FEATURE-CATALOG.csv,"Preserve source stage and applicability. This is coverage allocation, not proof of implementation or a confirmed defect. Revalidate detailed owning capability before execution.",category/title coverage allocation; source stage remains controlling,"id: FEAT-041
group: 2D drafting
feature: Split
stage: R1
status: protected
dependency: See command and entity catalogues
quality_gate: Usability, correctness, recovery, accessibility, performance and security
claim_rule: Do not market as available before release evidence",,,,,,,,,
FEAT-042,Join,protected,"[""E11""]",docs/research/incoming/blueprint-revisions/FULL-PLATFORM-FEATURE-CATALOG.csv,https://github.com/ruddvz/Arq/blob/a02ccc69e44e41324324c9482a43edbfb58e7905/docs/research/incoming/blueprint-revisions/FULL-PLATFORM-FEATURE-CATALOG.csv,"Preserve source stage and applicability. This is coverage allocation, not proof of implementation or a confirmed defect. Revalidate detailed owning capability before execution.",category/title coverage allocation; source stage remains controlling,"id: FEAT-042
group: 2D drafting
feature: Join
stage: R1
status: protected
dependency: See command and entity catalogues
quality_gate: Usability, correctness, recovery, accessibility, performance and security
claim_rule: Do not market as available before release evidence",,,,,,,,,
FEAT-043,Fillet,planned,"[""E02""]",docs/research/incoming/blueprint-revisions/FULL-PLATFORM-FEATURE-CATALOG.csv,https://github.com/ruddvz/Arq/blob/a02ccc69e44e41324324c9482a43edbfb58e7905/docs/research/incoming/blueprint-revisions/FULL-PLATFORM-FEATURE-CATALOG.csv,"Preserve source stage and applicability. This is coverage allocation, not proof of implementation or a confirmed defect. Revalidate detailed owning capability before execution.",category/title coverage allocation; source stage remains controlling,"id: FEAT-043
group: 2D drafting
feature: Fillet
stage: R2
status: planned
dependency: See command and entity catalogues
quality_gate: Usability, correctness, recovery, accessibility, performance and security
claim_rule: Do not market as available before release evidence",,,,,,,,,
FEAT-044,Chamfer,planned,"[""E02""]",docs/research/incoming/blueprint-revisions/FULL-PLATFORM-FEATURE-CATALOG.csv,https://github.com/ruddvz/Arq/blob/a02ccc69e44e41324324c9482a43edbfb58e7905/docs/research/incoming/blueprint-revisions/FULL-PLATFORM-FEATURE-CATALOG.csv,"Preserve source stage and applicability. This is coverage allocation, not proof of implementation or a confirmed defect. Revalidate detailed owning capability before execution.",category/title coverage allocation; source stage remains controlling,"id: FEAT-044
group: 2D drafting
feature: Chamfer
stage: R2
status: planned
dependency: See command and entity catalogues
quality_gate: Usability, correctness, recovery, accessibility, performance and security
claim_rule: Do not market as available before release evidence",,,,,,,,,
FEAT-045,Move,protected,"[""E02""]",docs/research/incoming/blueprint-revisions/FULL-PLATFORM-FEATURE-CATALOG.csv,https://github.com/ruddvz/Arq/blob/a02ccc69e44e41324324c9482a43edbfb58e7905/docs/research/incoming/blueprint-revisions/FULL-PLATFORM-FEATURE-CATALOG.csv,"Preserve source stage and applicability. This is coverage allocation, not proof of implementation or a confirmed defect. Revalidate detailed owning capability before execution.",category/title coverage allocation; source stage remains controlling,"id: FEAT-045
group: 2D drafting
feature: Move
stage: R1
status: protected
dependency: See command and entity catalogues
quality_gate: Usability, correctness, recovery, accessibility, performance and security
claim_rule: Do not market as available before release evidence",,,,,,,,,
FEAT-046,Copy,protected,"[""E27""]",docs/research/incoming/blueprint-revisions/FULL-PLATFORM-FEATURE-CATALOG.csv,https://github.com/ruddvz/Arq/blob/a02ccc69e44e41324324c9482a43edbfb58e7905/docs/research/incoming/blueprint-revisions/FULL-PLATFORM-FEATURE-CATALOG.csv,"Preserve source stage and applicability. This is coverage allocation, not proof of implementation or a confirmed defect. Revalidate detailed owning capability before execution.",category/title coverage allocation; source stage remains controlling,"id: FEAT-046
group: 2D drafting
feature: Copy
stage: R1
status: protected
dependency: See command and entity catalogues
quality_gate: Usability, correctness, recovery, accessibility, performance and security
claim_rule: Do not market as available before release evidence",,,,,,,,,
FEAT-047,Rotate,protected,"[""E02""]",docs/research/incoming/blueprint-revisions/FULL-PLATFORM-FEATURE-CATALOG.csv,https://github.com/ruddvz/Arq/blob/a02ccc69e44e41324324c9482a43edbfb58e7905/docs/research/incoming/blueprint-revisions/FULL-PLATFORM-FEATURE-CATALOG.csv,"Preserve source stage and applicability. This is coverage allocation, not proof of implementation or a confirmed defect. Revalidate detailed owning capability before execution.",category/title coverage allocation; source stage remains controlling,"id: FEAT-047
group: 2D drafting
feature: Rotate
stage: R1
status: protected
dependency: See command and entity catalogues
quality_gate: Usability, correctness, recovery, accessibility, performance and security
claim_rule: Do not market as available before release evidence",,,,,,,,,
FEAT-048,Mirror,protected,"[""E02""]",docs/research/incoming/blueprint-revisions/FULL-PLATFORM-FEATURE-CATALOG.csv,https://github.com/ruddvz/Arq/blob/a02ccc69e44e41324324c9482a43edbfb58e7905/docs/research/incoming/blueprint-revisions/FULL-PLATFORM-FEATURE-CATALOG.csv,"Preserve source stage and applicability. This is coverage allocation, not proof of implementation or a confirmed defect. Revalidate detailed owning capability before execution.",category/title coverage allocation; source stage remains controlling,"id: FEAT-048
group: 2D drafting
feature: Mirror
stage: R1
status: protected
dependency: See command and entity catalogues
quality_gate: Usability, correctness, recovery, accessibility, performance and security
claim_rule: Do not market as available before release evidence",,,,,,,,,
FEAT-049,Scale imported linework,protected,"[""E34""]",docs/research/incoming/blueprint-revisions/FULL-PLATFORM-FEATURE-CATALOG.csv,https://github.com/ruddvz/Arq/blob/a02ccc69e44e41324324c9482a43edbfb58e7905/docs/research/incoming/blueprint-revisions/FULL-PLATFORM-FEATURE-CATALOG.csv,"Preserve source stage and applicability. This is coverage allocation, not proof of implementation or a confirmed defect. Revalidate detailed owning capability before execution.",category/title coverage allocation; source stage remains controlling,"id: FEAT-049
group: 2D drafting
feature: Scale imported linework
stage: R1
status: protected
dependency: See command and entity catalogues
quality_gate: Usability, correctness, recovery, accessibility, performance and security
claim_rule: Do not market as available before release evidence",,,,,,,,,
FEAT-050,Rectangular array,planned,"[""E02""]",docs/research/incoming/blueprint-revisions/FULL-PLATFORM-FEATURE-CATALOG.csv,https://github.com/ruddvz/Arq/blob/a02ccc69e44e41324324c9482a43edbfb58e7905/docs/research/incoming/blueprint-revisions/FULL-PLATFORM-FEATURE-CATALOG.csv,"Preserve source stage and applicability. This is coverage allocation, not proof of implementation or a confirmed defect. Revalidate detailed owning capability before execution.",category/title coverage allocation; source stage remains controlling,"id: FEAT-050
group: 2D drafting
feature: Rectangular array
stage: R2
status: planned
dependency: See command and entity catalogues
quality_gate: Usability, correctness, recovery, accessibility, performance and security
claim_rule: Do not market as available before release evidence",,,,,,,,,
FEAT-051,Polar array,planned,"[""E02""]",docs/research/incoming/blueprint-revisions/FULL-PLATFORM-FEATURE-CATALOG.csv,https://github.com/ruddvz/Arq/blob/a02ccc69e44e41324324c9482a43edbfb58e7905/docs/research/incoming/blueprint-revisions/FULL-PLATFORM-FEATURE-CATALOG.csv,"Preserve source stage and applicability. This is coverage allocation, not proof of implementation or a confirmed defect. Revalidate detailed owning capability before execution.",category/title coverage allocation; source stage remains controlling,"id: FEAT-051
group: 2D drafting
feature: Polar array
stage: R3
status: planned
dependency: See command and entity catalogues
quality_gate: Usability, correctness, recovery, accessibility, performance and security
claim_rule: Do not market as available before release evidence",,,,,,,,,
FEAT-052,Align,protected,"[""E02""]",docs/research/incoming/blueprint-revisions/FULL-PLATFORM-FEATURE-CATALOG.csv,https://github.com/ruddvz/Arq/blob/a02ccc69e44e41324324c9482a43edbfb58e7905/docs/research/incoming/blueprint-revisions/FULL-PLATFORM-FEATURE-CATALOG.csv,"Preserve source stage and applicability. This is coverage allocation, not proof of implementation or a confirmed defect. Revalidate detailed owning capability before execution.",category/title coverage allocation; source stage remains controlling,"id: FEAT-052
group: 2D drafting
feature: Align
stage: R1
status: protected
dependency: See command and entity catalogues
quality_gate: Usability, correctness, recovery, accessibility, performance and security
claim_rule: Do not market as available before release evidence",,,,,,,,,
FEAT-053,Distribute,planned,"[""E02""]",docs/research/incoming/blueprint-revisions/FULL-PLATFORM-FEATURE-CATALOG.csv,https://github.com/ruddvz/Arq/blob/a02ccc69e44e41324324c9482a43edbfb58e7905/docs/research/incoming/blueprint-revisions/FULL-PLATFORM-FEATURE-CATALOG.csv,"Preserve source stage and applicability. This is coverage allocation, not proof of implementation or a confirmed defect. Revalidate detailed owning capability before execution.",category/title coverage allocation; source stage remains controlling,"id: FEAT-053
group: 2D drafting
feature: Distribute
stage: R3
status: planned
dependency: See command and entity catalogues
quality_gate: Usability, correctness, recovery, accessibility, performance and security
claim_rule: Do not market as available before release evidence",,,,,,,,,
FEAT-054,Constraints,planned,"[""E02""]",docs/research/incoming/blueprint-revisions/FULL-PLATFORM-FEATURE-CATALOG.csv,https://github.com/ruddvz/Arq/blob/a02ccc69e44e41324324c9482a43edbfb58e7905/docs/research/incoming/blueprint-revisions/FULL-PLATFORM-FEATURE-CATALOG.csv,"Preserve source stage and applicability. This is coverage allocation, not proof of implementation or a confirmed defect. Revalidate detailed owning capability before execution.",category/title coverage allocation; source stage remains controlling,"id: FEAT-054
group: 2D drafting
feature: Constraints
stage: R2
status: planned
dependency: See command and entity catalogues
quality_gate: Usability, correctness, recovery, accessibility, performance and security
claim_rule: Do not market as available before release evidence",,,,,,,,,
FEAT-055,Selection filters,protected,"[""E04""]",docs/research/incoming/blueprint-revisions/FULL-PLATFORM-FEATURE-CATALOG.csv,https://github.com/ruddvz/Arq/blob/a02ccc69e44e41324324c9482a43edbfb58e7905/docs/research/incoming/blueprint-revisions/FULL-PLATFORM-FEATURE-CATALOG.csv,"Preserve source stage and applicability. This is coverage allocation, not proof of implementation or a confirmed defect. Revalidate detailed owning capability before execution.",category/title coverage allocation; source stage remains controlling,"id: FEAT-055
group: 2D drafting
feature: Selection filters
stage: R1
status: protected
dependency: See command and entity catalogues
quality_gate: Usability, correctness, recovery, accessibility, performance and security
claim_rule: Do not market as available before release evidence",,,,,,,,,
FEAT-056,Layers for imported content,protected,"[""E34""]",docs/research/incoming/blueprint-revisions/FULL-PLATFORM-FEATURE-CATALOG.csv,https://github.com/ruddvz/Arq/blob/a02ccc69e44e41324324c9482a43edbfb58e7905/docs/research/incoming/blueprint-revisions/FULL-PLATFORM-FEATURE-CATALOG.csv,"Preserve source stage and applicability. This is coverage allocation, not proof of implementation or a confirmed defect. Revalidate detailed owning capability before execution.",category/title coverage allocation; source stage remains controlling,"id: FEAT-056
group: 2D drafting
feature: Layers for imported content
stage: R1
status: protected
dependency: See command and entity catalogues
quality_gate: Usability, correctness, recovery, accessibility, performance and security
claim_rule: Do not market as available before release evidence",,,,,,,,,
FEAT-057,Line styles,planned,"[""E02""]",docs/research/incoming/blueprint-revisions/FULL-PLATFORM-FEATURE-CATALOG.csv,https://github.com/ruddvz/Arq/blob/a02ccc69e44e41324324c9482a43edbfb58e7905/docs/research/incoming/blueprint-revisions/FULL-PLATFORM-FEATURE-CATALOG.csv,"Preserve source stage and applicability. This is coverage allocation, not proof of implementation or a confirmed defect. Revalidate detailed owning capability before execution.",category/title coverage allocation; source stage remains controlling,"id: FEAT-057
group: 2D drafting
feature: Line styles
stage: R2
status: planned
dependency: See command and entity catalogues
quality_gate: Usability, correctness, recovery, accessibility, performance and security
claim_rule: Do not market as available before release evidence",,,,,,,,,
FEAT-058,Line weights,planned,"[""E18""]",docs/research/incoming/blueprint-revisions/FULL-PLATFORM-FEATURE-CATALOG.csv,https://github.com/ruddvz/Arq/blob/a02ccc69e44e41324324c9482a43edbfb58e7905/docs/research/incoming/blueprint-revisions/FULL-PLATFORM-FEATURE-CATALOG.csv,"Preserve source stage and applicability. This is coverage allocation, not proof of implementation or a confirmed defect. Revalidate detailed owning capability before execution.",category/title coverage allocation; source stage remains controlling,"id: FEAT-058
group: 2D drafting
feature: Line weights
stage: R2
status: planned
dependency: See command and entity catalogues
quality_gate: Usability, correctness, recovery, accessibility, performance and security
claim_rule: Do not market as available before release evidence",,,,,,,,,
FEAT-059,Levels,protected,"[""E14""]",docs/research/incoming/blueprint-revisions/FULL-PLATFORM-FEATURE-CATALOG.csv,https://github.com/ruddvz/Arq/blob/a02ccc69e44e41324324c9482a43edbfb58e7905/docs/research/incoming/blueprint-revisions/FULL-PLATFORM-FEATURE-CATALOG.csv,"Preserve source stage and applicability. This is coverage allocation, not proof of implementation or a confirmed defect. Revalidate detailed owning capability before execution.",category/title coverage allocation; source stage remains controlling,"id: FEAT-059
group: Architectural model
feature: Levels
stage: R1
status: protected
dependency: See command and entity catalogues
quality_gate: Usability, correctness, recovery, accessibility, performance and security
claim_rule: Do not market as available before release evidence",,,,,,,,,
FEAT-060,Grids,protected,"[""E02""]",docs/research/incoming/blueprint-revisions/FULL-PLATFORM-FEATURE-CATALOG.csv,https://github.com/ruddvz/Arq/blob/a02ccc69e44e41324324c9482a43edbfb58e7905/docs/research/incoming/blueprint-revisions/FULL-PLATFORM-FEATURE-CATALOG.csv,"Preserve source stage and applicability. This is coverage allocation, not proof of implementation or a confirmed defect. Revalidate detailed owning capability before execution.",category/title coverage allocation; source stage remains controlling,"id: FEAT-060
group: Architectural model
feature: Grids
stage: R1
status: protected
dependency: See command and entity catalogues
quality_gate: Usability, correctness, recovery, accessibility, performance and security
claim_rule: Do not market as available before release evidence",,,,,,,,,
FEAT-061,Straight walls,protected,"[""E11""]",docs/research/incoming/blueprint-revisions/FULL-PLATFORM-FEATURE-CATALOG.csv,https://github.com/ruddvz/Arq/blob/a02ccc69e44e41324324c9482a43edbfb58e7905/docs/research/incoming/blueprint-revisions/FULL-PLATFORM-FEATURE-CATALOG.csv,"Preserve source stage and applicability. This is coverage allocation, not proof of implementation or a confirmed defect. Revalidate detailed owning capability before execution.",category/title coverage allocation; source stage remains controlling,"id: FEAT-061
group: Architectural model
feature: Straight walls
stage: R1
status: protected
dependency: See command and entity catalogues
quality_gate: Usability, correctness, recovery, accessibility, performance and security
claim_rule: Do not market as available before release evidence",,,,,,,,,
FEAT-062,Wall types,protected,"[""E11""]",docs/research/incoming/blueprint-revisions/FULL-PLATFORM-FEATURE-CATALOG.csv,https://github.com/ruddvz/Arq/blob/a02ccc69e44e41324324c9482a43edbfb58e7905/docs/research/incoming/blueprint-revisions/FULL-PLATFORM-FEATURE-CATALOG.csv,"Preserve source stage and applicability. This is coverage allocation, not proof of implementation or a confirmed defect. Revalidate detailed owning capability before execution.",category/title coverage allocation; source stage remains controlling,"id: FEAT-062
group: Architectural model
feature: Wall types
stage: R1
status: protected
dependency: See command and entity catalogues
quality_gate: Usability, correctness, recovery, accessibility, performance and security
claim_rule: Do not market as available before release evidence",,,,,,,,,
FEAT-063,Wall joins,protected,"[""E11""]",docs/research/incoming/blueprint-revisions/FULL-PLATFORM-FEATURE-CATALOG.csv,https://github.com/ruddvz/Arq/blob/a02ccc69e44e41324324c9482a43edbfb58e7905/docs/research/incoming/blueprint-revisions/FULL-PLATFORM-FEATURE-CATALOG.csv,"Preserve source stage and applicability. This is coverage allocation, not proof of implementation or a confirmed defect. Revalidate detailed owning capability before execution.",category/title coverage allocation; source stage remains controlling,"id: FEAT-063
group: Architectural model
feature: Wall joins
stage: R1
status: protected
dependency: See command and entity catalogues
quality_gate: Usability, correctness, recovery, accessibility, performance and security
claim_rule: Do not market as available before release evidence",,,,,,,,,
FEAT-064,Wall profile edit,planned,"[""E11""]",docs/research/incoming/blueprint-revisions/FULL-PLATFORM-FEATURE-CATALOG.csv,https://github.com/ruddvz/Arq/blob/a02ccc69e44e41324324c9482a43edbfb58e7905/docs/research/incoming/blueprint-revisions/FULL-PLATFORM-FEATURE-CATALOG.csv,"Preserve source stage and applicability. This is coverage allocation, not proof of implementation or a confirmed defect. Revalidate detailed owning capability before execution.",category/title coverage allocation; source stage remains controlling,"id: FEAT-064
group: Architectural model
feature: Wall profile edit
stage: R3
status: planned
dependency: See command and entity catalogues
quality_gate: Usability, correctness, recovery, accessibility, performance and security
claim_rule: Do not market as available before release evidence",,,,,,,,,
FEAT-065,Curved walls,planned,"[""E46""]",docs/research/incoming/blueprint-revisions/FULL-PLATFORM-FEATURE-CATALOG.csv,https://github.com/ruddvz/Arq/blob/a02ccc69e44e41324324c9482a43edbfb58e7905/docs/research/incoming/blueprint-revisions/FULL-PLATFORM-FEATURE-CATALOG.csv,"Preserve source stage and applicability. This is coverage allocation, not proof of implementation or a confirmed defect. Revalidate detailed owning capability before execution.",category/title coverage allocation; source stage remains controlling,"id: FEAT-065
group: Architectural model
feature: Curved walls
stage: R3
status: planned
dependency: See command and entity catalogues
quality_gate: Usability, correctness, recovery, accessibility, performance and security
claim_rule: Do not market as available before release evidence",,,,,,,,,
FEAT-066,Stacked walls,planned,"[""E11""]",docs/research/incoming/blueprint-revisions/FULL-PLATFORM-FEATURE-CATALOG.csv,https://github.com/ruddvz/Arq/blob/a02ccc69e44e41324324c9482a43edbfb58e7905/docs/research/incoming/blueprint-revisions/FULL-PLATFORM-FEATURE-CATALOG.csv,"Preserve source stage and applicability. This is coverage allocation, not proof of implementation or a confirmed defect. Revalidate detailed owning capability before execution.",category/title coverage allocation; source stage remains controlling,"id: FEAT-066
group: Architectural model
feature: Stacked walls
stage: R5
status: planned
dependency: See command and entity catalogues
quality_gate: Usability, correctness, recovery, accessibility, performance and security
claim_rule: Do not market as available before release evidence",,,,,,,,,
FEAT-067,Curtain walls,planned,"[""E11""]",docs/research/incoming/blueprint-revisions/FULL-PLATFORM-FEATURE-CATALOG.csv,https://github.com/ruddvz/Arq/blob/a02ccc69e44e41324324c9482a43edbfb58e7905/docs/research/incoming/blueprint-revisions/FULL-PLATFORM-FEATURE-CATALOG.csv,"Preserve source stage and applicability. This is coverage allocation, not proof of implementation or a confirmed defect. Revalidate detailed owning capability before execution.",category/title coverage allocation; source stage remains controlling,"id: FEAT-067
group: Architectural model
feature: Curtain walls
stage: R4
status: planned
dependency: See command and entity catalogues
quality_gate: Usability, correctness, recovery, accessibility, performance and security
claim_rule: Do not market as available before release evidence",,,,,,,,,
FEAT-068,Doors,protected,"[""E12""]",docs/research/incoming/blueprint-revisions/FULL-PLATFORM-FEATURE-CATALOG.csv,https://github.com/ruddvz/Arq/blob/a02ccc69e44e41324324c9482a43edbfb58e7905/docs/research/incoming/blueprint-revisions/FULL-PLATFORM-FEATURE-CATALOG.csv,"Preserve source stage and applicability. This is coverage allocation, not proof of implementation or a confirmed defect. Revalidate detailed owning capability before execution.",category/title coverage allocation; source stage remains controlling,"id: FEAT-068
group: Architectural model
feature: Doors
stage: R1
status: protected
dependency: See command and entity catalogues
quality_gate: Usability, correctness, recovery, accessibility, performance and security
claim_rule: Do not market as available before release evidence",,,,,,,,,
FEAT-069,Windows,protected,"[""E12""]",docs/research/incoming/blueprint-revisions/FULL-PLATFORM-FEATURE-CATALOG.csv,https://github.com/ruddvz/Arq/blob/a02ccc69e44e41324324c9482a43edbfb58e7905/docs/research/incoming/blueprint-revisions/FULL-PLATFORM-FEATURE-CATALOG.csv,"Preserve source stage and applicability. This is coverage allocation, not proof of implementation or a confirmed defect. Revalidate detailed owning capability before execution.",category/title coverage allocation; source stage remains controlling,"id: FEAT-069
group: Architectural model
feature: Windows
stage: R1
status: protected
dependency: See command and entity catalogues
quality_gate: Usability, correctness, recovery, accessibility, performance and security
claim_rule: Do not market as available before release evidence",,,,,,,,,
FEAT-070,Generic openings,protected,"[""E12""]",docs/research/incoming/blueprint-revisions/FULL-PLATFORM-FEATURE-CATALOG.csv,https://github.com/ruddvz/Arq/blob/a02ccc69e44e41324324c9482a43edbfb58e7905/docs/research/incoming/blueprint-revisions/FULL-PLATFORM-FEATURE-CATALOG.csv,"Preserve source stage and applicability. This is coverage allocation, not proof of implementation or a confirmed defect. Revalidate detailed owning capability before execution.",category/title coverage allocation; source stage remains controlling,"id: FEAT-070
group: Architectural model
feature: Generic openings
stage: R1
status: protected
dependency: See command and entity catalogues
quality_gate: Usability, correctness, recovery, accessibility, performance and security
claim_rule: Do not market as available before release evidence",,,,,,,,,
FEAT-071,Hosted components,planned,"[""E10""]",docs/research/incoming/blueprint-revisions/FULL-PLATFORM-FEATURE-CATALOG.csv,https://github.com/ruddvz/Arq/blob/a02ccc69e44e41324324c9482a43edbfb58e7905/docs/research/incoming/blueprint-revisions/FULL-PLATFORM-FEATURE-CATALOG.csv,"Preserve source stage and applicability. This is coverage allocation, not proof of implementation or a confirmed defect. Revalidate detailed owning capability before execution.",category/title coverage allocation; source stage remains controlling,"id: FEAT-071
group: Architectural model
feature: Hosted components
stage: R2
status: planned
dependency: See command and entity catalogues
quality_gate: Usability, correctness, recovery, accessibility, performance and security
claim_rule: Do not market as available before release evidence",,,,,,,,,
FEAT-072,Rooms,protected,"[""E13""]",docs/research/incoming/blueprint-revisions/FULL-PLATFORM-FEATURE-CATALOG.csv,https://github.com/ruddvz/Arq/blob/a02ccc69e44e41324324c9482a43edbfb58e7905/docs/research/incoming/blueprint-revisions/FULL-PLATFORM-FEATURE-CATALOG.csv,"Preserve source stage and applicability. This is coverage allocation, not proof of implementation or a confirmed defect. Revalidate detailed owning capability before execution.",category/title coverage allocation; source stage remains controlling,"id: FEAT-072
group: Architectural model
feature: Rooms
stage: R1
status: protected
dependency: See command and entity catalogues
quality_gate: Usability, correctness, recovery, accessibility, performance and security
claim_rule: Do not market as available before release evidence",,,,,,,,,
FEAT-073,Areas,planned,"[""E02""]",docs/research/incoming/blueprint-revisions/FULL-PLATFORM-FEATURE-CATALOG.csv,https://github.com/ruddvz/Arq/blob/a02ccc69e44e41324324c9482a43edbfb58e7905/docs/research/incoming/blueprint-revisions/FULL-PLATFORM-FEATURE-CATALOG.csv,"Preserve source stage and applicability. This is coverage allocation, not proof of implementation or a confirmed defect. Revalidate detailed owning capability before execution.",category/title coverage allocation; source stage remains controlling,"id: FEAT-073
group: Architectural model
feature: Areas
stage: R2
status: planned
dependency: See command and entity catalogues
quality_gate: Usability, correctness, recovery, accessibility, performance and security
claim_rule: Do not market as available before release evidence",,,,,,,,,
FEAT-074,Room separation lines,planned,"[""E13""]",docs/research/incoming/blueprint-revisions/FULL-PLATFORM-FEATURE-CATALOG.csv,https://github.com/ruddvz/Arq/blob/a02ccc69e44e41324324c9482a43edbfb58e7905/docs/research/incoming/blueprint-revisions/FULL-PLATFORM-FEATURE-CATALOG.csv,"Preserve source stage and applicability. This is coverage allocation, not proof of implementation or a confirmed defect. Revalidate detailed owning capability before execution.",category/title coverage allocation; source stage remains controlling,"id: FEAT-074
group: Architectural model
feature: Room separation lines
stage: R2
status: planned
dependency: See command and entity catalogues
quality_gate: Usability, correctness, recovery, accessibility, performance and security
claim_rule: Do not market as available before release evidence",,,,,,,,,
FEAT-075,Slabs and floors,planned,"[""E46""]",docs/research/incoming/blueprint-revisions/FULL-PLATFORM-FEATURE-CATALOG.csv,https://github.com/ruddvz/Arq/blob/a02ccc69e44e41324324c9482a43edbfb58e7905/docs/research/incoming/blueprint-revisions/FULL-PLATFORM-FEATURE-CATALOG.csv,"Preserve source stage and applicability. This is coverage allocation, not proof of implementation or a confirmed defect. Revalidate detailed owning capability before execution.",category/title coverage allocation; source stage remains controlling,"id: FEAT-075
group: Architectural model
feature: Slabs and floors
stage: R2
status: planned
dependency: See command and entity catalogues
quality_gate: Usability, correctness, recovery, accessibility, performance and security
claim_rule: Do not market as available before release evidence",,,,,,,,,
FEAT-076,Ceilings,planned,"[""E02""]",docs/research/incoming/blueprint-revisions/FULL-PLATFORM-FEATURE-CATALOG.csv,https://github.com/ruddvz/Arq/blob/a02ccc69e44e41324324c9482a43edbfb58e7905/docs/research/incoming/blueprint-revisions/FULL-PLATFORM-FEATURE-CATALOG.csv,"Preserve source stage and applicability. This is coverage allocation, not proof of implementation or a confirmed defect. Revalidate detailed owning capability before execution.",category/title coverage allocation; source stage remains controlling,"id: FEAT-076
group: Architectural model
feature: Ceilings
stage: R3
status: planned
dependency: See command and entity catalogues
quality_gate: Usability, correctness, recovery, accessibility, performance and security
claim_rule: Do not market as available before release evidence",,,,,,,,,
FEAT-077,Columns,planned,"[""E02""]",docs/research/incoming/blueprint-revisions/FULL-PLATFORM-FEATURE-CATALOG.csv,https://github.com/ruddvz/Arq/blob/a02ccc69e44e41324324c9482a43edbfb58e7905/docs/research/incoming/blueprint-revisions/FULL-PLATFORM-FEATURE-CATALOG.csv,"Preserve source stage and applicability. This is coverage allocation, not proof of implementation or a confirmed defect. Revalidate detailed owning capability before execution.",category/title coverage allocation; source stage remains controlling,"id: FEAT-077
group: Architectural model
feature: Columns
stage: R2
status: planned
dependency: See command and entity catalogues
quality_gate: Usability, correctness, recovery, accessibility, performance and security
claim_rule: Do not market as available before release evidence",,,,,,,,,
FEAT-078,Beams,planned,"[""E02""]",docs/research/incoming/blueprint-revisions/FULL-PLATFORM-FEATURE-CATALOG.csv,https://github.com/ruddvz/Arq/blob/a02ccc69e44e41324324c9482a43edbfb58e7905/docs/research/incoming/blueprint-revisions/FULL-PLATFORM-FEATURE-CATALOG.csv,"Preserve source stage and applicability. This is coverage allocation, not proof of implementation or a confirmed defect. Revalidate detailed owning capability before execution.",category/title coverage allocation; source stage remains controlling,"id: FEAT-078
group: Architectural model
feature: Beams
stage: R3
status: planned
dependency: See command and entity catalogues
quality_gate: Usability, correctness, recovery, accessibility, performance and security
claim_rule: Do not market as available before release evidence",,,,,,,,,
FEAT-079,Basic stairs,planned,"[""E46""]",docs/research/incoming/blueprint-revisions/FULL-PLATFORM-FEATURE-CATALOG.csv,https://github.com/ruddvz/Arq/blob/a02ccc69e44e41324324c9482a43edbfb58e7905/docs/research/incoming/blueprint-revisions/FULL-PLATFORM-FEATURE-CATALOG.csv,"Preserve source stage and applicability. This is coverage allocation, not proof of implementation or a confirmed defect. Revalidate detailed owning capability before execution.",category/title coverage allocation; source stage remains controlling,"id: FEAT-079
group: Architectural model
feature: Basic stairs
stage: R3
status: planned
dependency: See command and entity catalogues
quality_gate: Usability, correctness, recovery, accessibility, performance and security
claim_rule: Do not market as available before release evidence",,,,,,,,,
FEAT-080,Advanced stairs,planned,"[""E46""]",docs/research/incoming/blueprint-revisions/FULL-PLATFORM-FEATURE-CATALOG.csv,https://github.com/ruddvz/Arq/blob/a02ccc69e44e41324324c9482a43edbfb58e7905/docs/research/incoming/blueprint-revisions/FULL-PLATFORM-FEATURE-CATALOG.csv,"Preserve source stage and applicability. This is coverage allocation, not proof of implementation or a confirmed defect. Revalidate detailed owning capability before execution.",category/title coverage allocation; source stage remains controlling,"id: FEAT-080
group: Architectural model
feature: Advanced stairs
stage: R5
status: planned
dependency: See command and entity catalogues
quality_gate: Usability, correctness, recovery, accessibility, performance and security
claim_rule: Do not market as available before release evidence",,,,,,,,,
FEAT-081,Railings,planned,"[""E46""]",docs/research/incoming/blueprint-revisions/FULL-PLATFORM-FEATURE-CATALOG.csv,https://github.com/ruddvz/Arq/blob/a02ccc69e44e41324324c9482a43edbfb58e7905/docs/research/incoming/blueprint-revisions/FULL-PLATFORM-FEATURE-CATALOG.csv,"Preserve source stage and applicability. This is coverage allocation, not proof of implementation or a confirmed defect. Revalidate detailed owning capability before execution.",category/title coverage allocation; source stage remains controlling,"id: FEAT-081
group: Architectural model
feature: Railings
stage: R4
status: planned
dependency: See command and entity catalogues
quality_gate: Usability, correctness, recovery, accessibility, performance and security
claim_rule: Do not market as available before release evidence",,,,,,,,,
FEAT-082,Ramps,planned,"[""E02""]",docs/research/incoming/blueprint-revisions/FULL-PLATFORM-FEATURE-CATALOG.csv,https://github.com/ruddvz/Arq/blob/a02ccc69e44e41324324c9482a43edbfb58e7905/docs/research/incoming/blueprint-revisions/FULL-PLATFORM-FEATURE-CATALOG.csv,"Preserve source stage and applicability. This is coverage allocation, not proof of implementation or a confirmed defect. Revalidate detailed owning capability before execution.",category/title coverage allocation; source stage remains controlling,"id: FEAT-082
group: Architectural model
feature: Ramps
stage: R4
status: planned
dependency: See command and entity catalogues
quality_gate: Usability, correctness, recovery, accessibility, performance and security
claim_rule: Do not market as available before release evidence",,,,,,,,,
FEAT-083,Roof by footprint,planned,"[""E46""]",docs/research/incoming/blueprint-revisions/FULL-PLATFORM-FEATURE-CATALOG.csv,https://github.com/ruddvz/Arq/blob/a02ccc69e44e41324324c9482a43edbfb58e7905/docs/research/incoming/blueprint-revisions/FULL-PLATFORM-FEATURE-CATALOG.csv,"Preserve source stage and applicability. This is coverage allocation, not proof of implementation or a confirmed defect. Revalidate detailed owning capability before execution.",category/title coverage allocation; source stage remains controlling,"id: FEAT-083
group: Architectural model
feature: Roof by footprint
stage: R3
status: planned
dependency: See command and entity catalogues
quality_gate: Usability, correctness, recovery, accessibility, performance and security
claim_rule: Do not market as available before release evidence",,,,,,,,,
FEAT-084,Roof by extrusion,planned,"[""E46""]",docs/research/incoming/blueprint-revisions/FULL-PLATFORM-FEATURE-CATALOG.csv,https://github.com/ruddvz/Arq/blob/a02ccc69e44e41324324c9482a43edbfb58e7905/docs/research/incoming/blueprint-revisions/FULL-PLATFORM-FEATURE-CATALOG.csv,"Preserve source stage and applicability. This is coverage allocation, not proof of implementation or a confirmed defect. Revalidate detailed owning capability before execution.",category/title coverage allocation; source stage remains controlling,"id: FEAT-084
group: Architectural model
feature: Roof by extrusion
stage: R4
status: planned
dependency: See command and entity catalogues
quality_gate: Usability, correctness, recovery, accessibility, performance and security
claim_rule: Do not market as available before release evidence",,,,,,,,,
FEAT-085,Shaft openings,planned,"[""E12""]",docs/research/incoming/blueprint-revisions/FULL-PLATFORM-FEATURE-CATALOG.csv,https://github.com/ruddvz/Arq/blob/a02ccc69e44e41324324c9482a43edbfb58e7905/docs/research/incoming/blueprint-revisions/FULL-PLATFORM-FEATURE-CATALOG.csv,"Preserve source stage and applicability. This is coverage allocation, not proof of implementation or a confirmed defect. Revalidate detailed owning capability before execution.",category/title coverage allocation; source stage remains controlling,"id: FEAT-085
group: Architectural model
feature: Shaft openings
stage: R3
status: planned
dependency: See command and entity catalogues
quality_gate: Usability, correctness, recovery, accessibility, performance and security
claim_rule: Do not market as available before release evidence",,,,,,,,,
FEAT-086,Generic components,planned,"[""E10""]",docs/research/incoming/blueprint-revisions/FULL-PLATFORM-FEATURE-CATALOG.csv,https://github.com/ruddvz/Arq/blob/a02ccc69e44e41324324c9482a43edbfb58e7905/docs/research/incoming/blueprint-revisions/FULL-PLATFORM-FEATURE-CATALOG.csv,"Preserve source stage and applicability. This is coverage allocation, not proof of implementation or a confirmed defect. Revalidate detailed owning capability before execution.",category/title coverage allocation; source stage remains controlling,"id: FEAT-086
group: Architectural model
feature: Generic components
stage: R2
status: planned
dependency: See command and entity catalogues
quality_gate: Usability, correctness, recovery, accessibility, performance and security
claim_rule: Do not market as available before release evidence",,,,,,,,,
FEAT-087,Groups,planned,"[""E02""]",docs/research/incoming/blueprint-revisions/FULL-PLATFORM-FEATURE-CATALOG.csv,https://github.com/ruddvz/Arq/blob/a02ccc69e44e41324324c9482a43edbfb58e7905/docs/research/incoming/blueprint-revisions/FULL-PLATFORM-FEATURE-CATALOG.csv,"Preserve source stage and applicability. This is coverage allocation, not proof of implementation or a confirmed defect. Revalidate detailed owning capability before execution.",category/title coverage allocation; source stage remains controlling,"id: FEAT-087
group: Architectural model
feature: Groups
stage: R3
status: planned
dependency: See command and entity catalogues
quality_gate: Usability, correctness, recovery, accessibility, performance and security
claim_rule: Do not market as available before release evidence",,,,,,,,,
FEAT-088,Assemblies,planned,"[""E02""]",docs/research/incoming/blueprint-revisions/FULL-PLATFORM-FEATURE-CATALOG.csv,https://github.com/ruddvz/Arq/blob/a02ccc69e44e41324324c9482a43edbfb58e7905/docs/research/incoming/blueprint-revisions/FULL-PLATFORM-FEATURE-CATALOG.csv,"Preserve source stage and applicability. This is coverage allocation, not proof of implementation or a confirmed defect. Revalidate detailed owning capability before execution.",category/title coverage allocation; source stage remains controlling,"id: FEAT-088
group: Architectural model
feature: Assemblies
stage: R5
status: planned
dependency: See command and entity catalogues
quality_gate: Usability, correctness, recovery, accessibility, performance and security
claim_rule: Do not market as available before release evidence",,,,,,,,,
FEAT-089,Parts,planned,"[""E02""]",docs/research/incoming/blueprint-revisions/FULL-PLATFORM-FEATURE-CATALOG.csv,https://github.com/ruddvz/Arq/blob/a02ccc69e44e41324324c9482a43edbfb58e7905/docs/research/incoming/blueprint-revisions/FULL-PLATFORM-FEATURE-CATALOG.csv,"Preserve source stage and applicability. This is coverage allocation, not proof of implementation or a confirmed defect. Revalidate detailed owning capability before execution.",category/title coverage allocation; source stage remains controlling,"id: FEAT-089
group: Architectural model
feature: Parts
stage: R5
status: planned
dependency: See command and entity catalogues
quality_gate: Usability, correctness, recovery, accessibility, performance and security
claim_rule: Do not market as available before release evidence",,,,,,,,,
FEAT-090,Phases,planned,"[""E02""]",docs/research/incoming/blueprint-revisions/FULL-PLATFORM-FEATURE-CATALOG.csv,https://github.com/ruddvz/Arq/blob/a02ccc69e44e41324324c9482a43edbfb58e7905/docs/research/incoming/blueprint-revisions/FULL-PLATFORM-FEATURE-CATALOG.csv,"Preserve source stage and applicability. This is coverage allocation, not proof of implementation or a confirmed defect. Revalidate detailed owning capability before execution.",category/title coverage allocation; source stage remains controlling,"id: FEAT-090
group: Architectural model
feature: Phases
stage: R4
status: planned
dependency: See command and entity catalogues
quality_gate: Usability, correctness, recovery, accessibility, performance and security
claim_rule: Do not market as available before release evidence",,,,,,,,,
FEAT-091,Design options,planned,"[""E10""]",docs/research/incoming/blueprint-revisions/FULL-PLATFORM-FEATURE-CATALOG.csv,https://github.com/ruddvz/Arq/blob/a02ccc69e44e41324324c9482a43edbfb58e7905/docs/research/incoming/blueprint-revisions/FULL-PLATFORM-FEATURE-CATALOG.csv,"Preserve source stage and applicability. This is coverage allocation, not proof of implementation or a confirmed defect. Revalidate detailed owning capability before execution.",category/title coverage allocation; source stage remains controlling,"id: FEAT-091
group: Architectural model
feature: Design options
stage: R4
status: planned
dependency: See command and entity catalogues
quality_gate: Usability, correctness, recovery, accessibility, performance and security
claim_rule: Do not market as available before release evidence",,,,,,,,,
FEAT-092,Demolition and renovation,planned,"[""E02""]",docs/research/incoming/blueprint-revisions/FULL-PLATFORM-FEATURE-CATALOG.csv,https://github.com/ruddvz/Arq/blob/a02ccc69e44e41324324c9482a43edbfb58e7905/docs/research/incoming/blueprint-revisions/FULL-PLATFORM-FEATURE-CATALOG.csv,"Preserve source stage and applicability. This is coverage allocation, not proof of implementation or a confirmed defect. Revalidate detailed owning capability before execution.",category/title coverage allocation; source stage remains controlling,"id: FEAT-092
group: Architectural model
feature: Demolition and renovation
stage: R4
status: planned
dependency: See command and entity catalogues
quality_gate: Usability, correctness, recovery, accessibility, performance and security
claim_rule: Do not market as available before release evidence",,,,,,,,,
FEAT-093,Site boundary,planned,"[""E42""]",docs/research/incoming/blueprint-revisions/FULL-PLATFORM-FEATURE-CATALOG.csv,https://github.com/ruddvz/Arq/blob/a02ccc69e44e41324324c9482a43edbfb58e7905/docs/research/incoming/blueprint-revisions/FULL-PLATFORM-FEATURE-CATALOG.csv,"Preserve source stage and applicability. This is coverage allocation, not proof of implementation or a confirmed defect. Revalidate detailed owning capability before execution.",category/title coverage allocation; source stage remains controlling,"id: FEAT-093
group: Site and context
feature: Site boundary
stage: R3
status: planned
dependency: See command and entity catalogues
quality_gate: Usability, correctness, recovery, accessibility, performance and security
claim_rule: Do not market as available before release evidence",,,,,,,,,
FEAT-094,Property lines,planned,"[""E42""]",docs/research/incoming/blueprint-revisions/FULL-PLATFORM-FEATURE-CATALOG.csv,https://github.com/ruddvz/Arq/blob/a02ccc69e44e41324324c9482a43edbfb58e7905/docs/research/incoming/blueprint-revisions/FULL-PLATFORM-FEATURE-CATALOG.csv,"Preserve source stage and applicability. This is coverage allocation, not proof of implementation or a confirmed defect. Revalidate detailed owning capability before execution.",category/title coverage allocation; source stage remains controlling,"id: FEAT-094
group: Site and context
feature: Property lines
stage: R3
status: planned
dependency: See command and entity catalogues
quality_gate: Usability, correctness, recovery, accessibility, performance and security
claim_rule: Do not market as available before release evidence",,,,,,,,,
FEAT-095,Topography surface,planned,"[""E00""]",docs/research/incoming/blueprint-revisions/FULL-PLATFORM-FEATURE-CATALOG.csv,https://github.com/ruddvz/Arq/blob/a02ccc69e44e41324324c9482a43edbfb58e7905/docs/research/incoming/blueprint-revisions/FULL-PLATFORM-FEATURE-CATALOG.csv,"Preserve source stage and applicability. This is coverage allocation, not proof of implementation or a confirmed defect. Revalidate detailed owning capability before execution.",category/title coverage allocation; source stage remains controlling,"id: FEAT-095
group: Site and context
feature: Topography surface
stage: R4
status: planned
dependency: See command and entity catalogues
quality_gate: Usability, correctness, recovery, accessibility, performance and security
claim_rule: Do not market as available before release evidence",,,,,,,,,
FEAT-096,Graded region,planned,"[""E42""]",docs/research/incoming/blueprint-revisions/FULL-PLATFORM-FEATURE-CATALOG.csv,https://github.com/ruddvz/Arq/blob/a02ccc69e44e41324324c9482a43edbfb58e7905/docs/research/incoming/blueprint-revisions/FULL-PLATFORM-FEATURE-CATALOG.csv,"Preserve source stage and applicability. This is coverage allocation, not proof of implementation or a confirmed defect. Revalidate detailed owning capability before execution.",category/title coverage allocation; source stage remains controlling,"id: FEAT-096
group: Site and context
feature: Graded region
stage: R5
status: planned
dependency: See command and entity catalogues
quality_gate: Usability, correctness, recovery, accessibility, performance and security
claim_rule: Do not market as available before release evidence",,,,,,,,,
FEAT-097,Building pad,planned,"[""E42""]",docs/research/incoming/blueprint-revisions/FULL-PLATFORM-FEATURE-CATALOG.csv,https://github.com/ruddvz/Arq/blob/a02ccc69e44e41324324c9482a43edbfb58e7905/docs/research/incoming/blueprint-revisions/FULL-PLATFORM-FEATURE-CATALOG.csv,"Preserve source stage and applicability. This is coverage allocation, not proof of implementation or a confirmed defect. Revalidate detailed owning capability before execution.",category/title coverage allocation; source stage remains controlling,"id: FEAT-097
group: Site and context
feature: Building pad
stage: R4
status: planned
dependency: See command and entity catalogues
quality_gate: Usability, correctness, recovery, accessibility, performance and security
claim_rule: Do not market as available before release evidence",,,,,,,,,
FEAT-098,Parking components,planned,"[""E42""]",docs/research/incoming/blueprint-revisions/FULL-PLATFORM-FEATURE-CATALOG.csv,https://github.com/ruddvz/Arq/blob/a02ccc69e44e41324324c9482a43edbfb58e7905/docs/research/incoming/blueprint-revisions/FULL-PLATFORM-FEATURE-CATALOG.csv,"Preserve source stage and applicability. This is coverage allocation, not proof of implementation or a confirmed defect. Revalidate detailed owning capability before execution.",category/title coverage allocation; source stage remains controlling,"id: FEAT-098
group: Site and context
feature: Parking components
stage: R4
status: planned
dependency: See command and entity catalogues
quality_gate: Usability, correctness, recovery, accessibility, performance and security
claim_rule: Do not market as available before release evidence",,,,,,,,,
FEAT-099,Trees and entourage,planned,"[""E42""]",docs/research/incoming/blueprint-revisions/FULL-PLATFORM-FEATURE-CATALOG.csv,https://github.com/ruddvz/Arq/blob/a02ccc69e44e41324324c9482a43edbfb58e7905/docs/research/incoming/blueprint-revisions/FULL-PLATFORM-FEATURE-CATALOG.csv,"Preserve source stage and applicability. This is coverage allocation, not proof of implementation or a confirmed defect. Revalidate detailed owning capability before execution.",category/title coverage allocation; source stage remains controlling,"id: FEAT-099
group: Site and context
feature: Trees and entourage
stage: R3
status: planned
dependency: See command and entity catalogues
quality_gate: Usability, correctness, recovery, accessibility, performance and security
claim_rule: Do not market as available before release evidence",,,,,,,,,
FEAT-100,Sun study,planned,"[""E42""]",docs/research/incoming/blueprint-revisions/FULL-PLATFORM-FEATURE-CATALOG.csv,https://github.com/ruddvz/Arq/blob/a02ccc69e44e41324324c9482a43edbfb58e7905/docs/research/incoming/blueprint-revisions/FULL-PLATFORM-FEATURE-CATALOG.csv,"Preserve source stage and applicability. This is coverage allocation, not proof of implementation or a confirmed defect. Revalidate detailed owning capability before execution.",category/title coverage allocation; source stage remains controlling,"id: FEAT-100
group: Site and context
feature: Sun study
stage: R3
status: planned
dependency: See command and entity catalogues
quality_gate: Usability, correctness, recovery, accessibility, performance and security
claim_rule: Do not market as available before release evidence",,,,,,,,,
FEAT-101,Geographic location,planned,"[""E00""]",docs/research/incoming/blueprint-revisions/FULL-PLATFORM-FEATURE-CATALOG.csv,https://github.com/ruddvz/Arq/blob/a02ccc69e44e41324324c9482a43edbfb58e7905/docs/research/incoming/blueprint-revisions/FULL-PLATFORM-FEATURE-CATALOG.csv,"Preserve source stage and applicability. This is coverage allocation, not proof of implementation or a confirmed defect. Revalidate detailed owning capability before execution.",category/title coverage allocation; source stage remains controlling,"id: FEAT-101
group: Site and context
feature: Geographic location
stage: R3
status: planned
dependency: See command and entity catalogues
quality_gate: Usability, correctness, recovery, accessibility, performance and security
claim_rule: Do not market as available before release evidence",,,,,,,,,
FEAT-102,GIS reference import,planned,"[""E42""]",docs/research/incoming/blueprint-revisions/FULL-PLATFORM-FEATURE-CATALOG.csv,https://github.com/ruddvz/Arq/blob/a02ccc69e44e41324324c9482a43edbfb58e7905/docs/research/incoming/blueprint-revisions/FULL-PLATFORM-FEATURE-CATALOG.csv,"Preserve source stage and applicability. This is coverage allocation, not proof of implementation or a confirmed defect. Revalidate detailed owning capability before execution.",category/title coverage allocation; source stage remains controlling,"id: FEAT-102
group: Site and context
feature: GIS reference import
stage: R5
status: planned
dependency: See command and entity catalogues
quality_gate: Usability, correctness, recovery, accessibility, performance and security
claim_rule: Do not market as available before release evidence",,,,,,,,,
FEAT-103,Point cloud viewing,planned,"[""E42""]",docs/research/incoming/blueprint-revisions/FULL-PLATFORM-FEATURE-CATALOG.csv,https://github.com/ruddvz/Arq/blob/a02ccc69e44e41324324c9482a43edbfb58e7905/docs/research/incoming/blueprint-revisions/FULL-PLATFORM-FEATURE-CATALOG.csv,"Preserve source stage and applicability. This is coverage allocation, not proof of implementation or a confirmed defect. Revalidate detailed owning capability before execution.",category/title coverage allocation; source stage remains controlling,"id: FEAT-103
group: Site and context
feature: Point cloud viewing
stage: R5
status: planned
dependency: See command and entity catalogues
quality_gate: Usability, correctness, recovery, accessibility, performance and security
claim_rule: Do not market as available before release evidence",,,,,,,,,
FEAT-104,Point cloud authoring,planned,"[""E42""]",docs/research/incoming/blueprint-revisions/FULL-PLATFORM-FEATURE-CATALOG.csv,https://github.com/ruddvz/Arq/blob/a02ccc69e44e41324324c9482a43edbfb58e7905/docs/research/incoming/blueprint-revisions/FULL-PLATFORM-FEATURE-CATALOG.csv,"Preserve source stage and applicability. This is coverage allocation, not proof of implementation or a confirmed defect. Revalidate detailed owning capability before execution.",category/title coverage allocation; source stage remains controlling,"id: FEAT-104
group: Site and context
feature: Point cloud authoring
stage: Later
status: planned
dependency: See command and entity catalogues
quality_gate: Usability, correctness, recovery, accessibility, performance and security
claim_rule: Do not market as available before release evidence",,,,,,,,,
FEAT-105,Floor plan,protected,"[""E02""]",docs/research/incoming/blueprint-revisions/FULL-PLATFORM-FEATURE-CATALOG.csv,https://github.com/ruddvz/Arq/blob/a02ccc69e44e41324324c9482a43edbfb58e7905/docs/research/incoming/blueprint-revisions/FULL-PLATFORM-FEATURE-CATALOG.csv,"Preserve source stage and applicability. This is coverage allocation, not proof of implementation or a confirmed defect. Revalidate detailed owning capability before execution.",category/title coverage allocation; source stage remains controlling,"id: FEAT-105
group: Views
feature: Floor plan
stage: R1
status: protected
dependency: See command and entity catalogues
quality_gate: Usability, correctness, recovery, accessibility, performance and security
claim_rule: Do not market as available before release evidence",,,,,,,,,
FEAT-106,Reflected ceiling plan,planned,"[""E02""]",docs/research/incoming/blueprint-revisions/FULL-PLATFORM-FEATURE-CATALOG.csv,https://github.com/ruddvz/Arq/blob/a02ccc69e44e41324324c9482a43edbfb58e7905/docs/research/incoming/blueprint-revisions/FULL-PLATFORM-FEATURE-CATALOG.csv,"Preserve source stage and applicability. This is coverage allocation, not proof of implementation or a confirmed defect. Revalidate detailed owning capability before execution.",category/title coverage allocation; source stage remains controlling,"id: FEAT-106
group: Views
feature: Reflected ceiling plan
stage: R3
status: planned
dependency: See command and entity catalogues
quality_gate: Usability, correctness, recovery, accessibility, performance and security
claim_rule: Do not market as available before release evidence",,,,,,,,,
FEAT-107,Orthographic 3D,protected,"[""E00""]",docs/research/incoming/blueprint-revisions/FULL-PLATFORM-FEATURE-CATALOG.csv,https://github.com/ruddvz/Arq/blob/a02ccc69e44e41324324c9482a43edbfb58e7905/docs/research/incoming/blueprint-revisions/FULL-PLATFORM-FEATURE-CATALOG.csv,"Preserve source stage and applicability. This is coverage allocation, not proof of implementation or a confirmed defect. Revalidate detailed owning capability before execution.",category/title coverage allocation; source stage remains controlling,"id: FEAT-107
group: Views
feature: Orthographic 3D
stage: R1
status: protected
dependency: See command and entity catalogues
quality_gate: Usability, correctness, recovery, accessibility, performance and security
claim_rule: Do not market as available before release evidence",,,,,,,,,
FEAT-108,Perspective 3D,planned,"[""E18""]",docs/research/incoming/blueprint-revisions/FULL-PLATFORM-FEATURE-CATALOG.csv,https://github.com/ruddvz/Arq/blob/a02ccc69e44e41324324c9482a43edbfb58e7905/docs/research/incoming/blueprint-revisions/FULL-PLATFORM-FEATURE-CATALOG.csv,"Preserve source stage and applicability. This is coverage allocation, not proof of implementation or a confirmed defect. Revalidate detailed owning capability before execution.",category/title coverage allocation; source stage remains controlling,"id: FEAT-108
group: Views
feature: Perspective 3D
stage: R2
status: planned
dependency: See command and entity catalogues
quality_gate: Usability, correctness, recovery, accessibility, performance and security
claim_rule: Do not market as available before release evidence",,,,,,,,,
FEAT-109,Section,planned,"[""E02""]",docs/research/incoming/blueprint-revisions/FULL-PLATFORM-FEATURE-CATALOG.csv,https://github.com/ruddvz/Arq/blob/a02ccc69e44e41324324c9482a43edbfb58e7905/docs/research/incoming/blueprint-revisions/FULL-PLATFORM-FEATURE-CATALOG.csv,"Preserve source stage and applicability. This is coverage allocation, not proof of implementation or a confirmed defect. Revalidate detailed owning capability before execution.",category/title coverage allocation; source stage remains controlling,"id: FEAT-109
group: Views
feature: Section
stage: R2
status: planned
dependency: See command and entity catalogues
quality_gate: Usability, correctness, recovery, accessibility, performance and security
claim_rule: Do not market as available before release evidence",,,,,,,,,
FEAT-110,Elevation,planned,"[""E02""]",docs/research/incoming/blueprint-revisions/FULL-PLATFORM-FEATURE-CATALOG.csv,https://github.com/ruddvz/Arq/blob/a02ccc69e44e41324324c9482a43edbfb58e7905/docs/research/incoming/blueprint-revisions/FULL-PLATFORM-FEATURE-CATALOG.csv,"Preserve source stage and applicability. This is coverage allocation, not proof of implementation or a confirmed defect. Revalidate detailed owning capability before execution.",category/title coverage allocation; source stage remains controlling,"id: FEAT-110
group: Views
feature: Elevation
stage: R2
status: planned
dependency: See command and entity catalogues
quality_gate: Usability, correctness, recovery, accessibility, performance and security
claim_rule: Do not market as available before release evidence",,,,,,,,,
FEAT-111,Detail view,planned,"[""E02""]",docs/research/incoming/blueprint-revisions/FULL-PLATFORM-FEATURE-CATALOG.csv,https://github.com/ruddvz/Arq/blob/a02ccc69e44e41324324c9482a43edbfb58e7905/docs/research/incoming/blueprint-revisions/FULL-PLATFORM-FEATURE-CATALOG.csv,"Preserve source stage and applicability. This is coverage allocation, not proof of implementation or a confirmed defect. Revalidate detailed owning capability before execution.",category/title coverage allocation; source stage remains controlling,"id: FEAT-111
group: Views
feature: Detail view
stage: R3
status: planned
dependency: See command and entity catalogues
quality_gate: Usability, correctness, recovery, accessibility, performance and security
claim_rule: Do not market as available before release evidence",,,,,,,,,
FEAT-112,Drafting view,planned,"[""E02""]",docs/research/incoming/blueprint-revisions/FULL-PLATFORM-FEATURE-CATALOG.csv,https://github.com/ruddvz/Arq/blob/a02ccc69e44e41324324c9482a43edbfb58e7905/docs/research/incoming/blueprint-revisions/FULL-PLATFORM-FEATURE-CATALOG.csv,"Preserve source stage and applicability. This is coverage allocation, not proof of implementation or a confirmed defect. Revalidate detailed owning capability before execution.",category/title coverage allocation; source stage remains controlling,"id: FEAT-112
group: Views
feature: Drafting view
stage: R3
status: planned
dependency: See command and entity catalogues
quality_gate: Usability, correctness, recovery, accessibility, performance and security
claim_rule: Do not market as available before release evidence",,,,,,,,,
FEAT-113,Legend,planned,"[""E02""]",docs/research/incoming/blueprint-revisions/FULL-PLATFORM-FEATURE-CATALOG.csv,https://github.com/ruddvz/Arq/blob/a02ccc69e44e41324324c9482a43edbfb58e7905/docs/research/incoming/blueprint-revisions/FULL-PLATFORM-FEATURE-CATALOG.csv,"Preserve source stage and applicability. This is coverage allocation, not proof of implementation or a confirmed defect. Revalidate detailed owning capability before execution.",category/title coverage allocation; source stage remains controlling,"id: FEAT-113
group: Views
feature: Legend
stage: R3
status: planned
dependency: See command and entity catalogues
quality_gate: Usability, correctness, recovery, accessibility, performance and security
claim_rule: Do not market as available before release evidence",,,,,,,,,
FEAT-114,Saved view,protected,"[""E02""]",docs/research/incoming/blueprint-revisions/FULL-PLATFORM-FEATURE-CATALOG.csv,https://github.com/ruddvz/Arq/blob/a02ccc69e44e41324324c9482a43edbfb58e7905/docs/research/incoming/blueprint-revisions/FULL-PLATFORM-FEATURE-CATALOG.csv,"Preserve source stage and applicability. This is coverage allocation, not proof of implementation or a confirmed defect. Revalidate detailed owning capability before execution.",category/title coverage allocation; source stage remains controlling,"id: FEAT-114
group: Views
feature: Saved view
stage: R1
status: protected
dependency: See command and entity catalogues
quality_gate: Usability, correctness, recovery, accessibility, performance and security
claim_rule: Do not market as available before release evidence",,,,,,,,,
FEAT-115,Split view,protected,"[""E02""]",docs/research/incoming/blueprint-revisions/FULL-PLATFORM-FEATURE-CATALOG.csv,https://github.com/ruddvz/Arq/blob/a02ccc69e44e41324324c9482a43edbfb58e7905/docs/research/incoming/blueprint-revisions/FULL-PLATFORM-FEATURE-CATALOG.csv,"Preserve source stage and applicability. This is coverage allocation, not proof of implementation or a confirmed defect. Revalidate detailed owning capability before execution.",category/title coverage allocation; source stage remains controlling,"id: FEAT-115
group: Views
feature: Split view
stage: R1
status: protected
dependency: See command and entity catalogues
quality_gate: Usability, correctness, recovery, accessibility, performance and security
claim_rule: Do not market as available before release evidence",,,,,,,,,
FEAT-116,View crop,planned,"[""E02""]",docs/research/incoming/blueprint-revisions/FULL-PLATFORM-FEATURE-CATALOG.csv,https://github.com/ruddvz/Arq/blob/a02ccc69e44e41324324c9482a43edbfb58e7905/docs/research/incoming/blueprint-revisions/FULL-PLATFORM-FEATURE-CATALOG.csv,"Preserve source stage and applicability. This is coverage allocation, not proof of implementation or a confirmed defect. Revalidate detailed owning capability before execution.",category/title coverage allocation; source stage remains controlling,"id: FEAT-116
group: Views
feature: View crop
stage: R2
status: planned
dependency: See command and entity catalogues
quality_gate: Usability, correctness, recovery, accessibility, performance and security
claim_rule: Do not market as available before release evidence",,,,,,,,,
FEAT-117,Annotation crop,planned,"[""E17""]",docs/research/incoming/blueprint-revisions/FULL-PLATFORM-FEATURE-CATALOG.csv,https://github.com/ruddvz/Arq/blob/a02ccc69e44e41324324c9482a43edbfb58e7905/docs/research/incoming/blueprint-revisions/FULL-PLATFORM-FEATURE-CATALOG.csv,"Preserve source stage and applicability. This is coverage allocation, not proof of implementation or a confirmed defect. Revalidate detailed owning capability before execution.",category/title coverage allocation; source stage remains controlling,"id: FEAT-117
group: Views
feature: Annotation crop
stage: R3
status: planned
dependency: See command and entity catalogues
quality_gate: Usability, correctness, recovery, accessibility, performance and security
claim_rule: Do not market as available before release evidence",,,,,,,,,
FEAT-118,View template,planned,"[""E02""]",docs/research/incoming/blueprint-revisions/FULL-PLATFORM-FEATURE-CATALOG.csv,https://github.com/ruddvz/Arq/blob/a02ccc69e44e41324324c9482a43edbfb58e7905/docs/research/incoming/blueprint-revisions/FULL-PLATFORM-FEATURE-CATALOG.csv,"Preserve source stage and applicability. This is coverage allocation, not proof of implementation or a confirmed defect. Revalidate detailed owning capability before execution.",category/title coverage allocation; source stage remains controlling,"id: FEAT-118
group: Views
feature: View template
stage: R3
status: planned
dependency: See command and entity catalogues
quality_gate: Usability, correctness, recovery, accessibility, performance and security
claim_rule: Do not market as available before release evidence",,,,,,,,,
FEAT-119,Visibility classes,planned,"[""E02""]",docs/research/incoming/blueprint-revisions/FULL-PLATFORM-FEATURE-CATALOG.csv,https://github.com/ruddvz/Arq/blob/a02ccc69e44e41324324c9482a43edbfb58e7905/docs/research/incoming/blueprint-revisions/FULL-PLATFORM-FEATURE-CATALOG.csv,"Preserve source stage and applicability. This is coverage allocation, not proof of implementation or a confirmed defect. Revalidate detailed owning capability before execution.",category/title coverage allocation; source stage remains controlling,"id: FEAT-119
group: Views
feature: Visibility classes
stage: R2
status: planned
dependency: See command and entity catalogues
quality_gate: Usability, correctness, recovery, accessibility, performance and security
claim_rule: Do not market as available before release evidence",,,,,,,,,
FEAT-120,Hide and isolate,protected,"[""E18""]",docs/research/incoming/blueprint-revisions/FULL-PLATFORM-FEATURE-CATALOG.csv,https://github.com/ruddvz/Arq/blob/a02ccc69e44e41324324c9482a43edbfb58e7905/docs/research/incoming/blueprint-revisions/FULL-PLATFORM-FEATURE-CATALOG.csv,"Preserve source stage and applicability. This is coverage allocation, not proof of implementation or a confirmed defect. Revalidate detailed owning capability before execution.",category/title coverage allocation; source stage remains controlling,"id: FEAT-120
group: Views
feature: Hide and isolate
stage: R1
status: protected
dependency: See command and entity catalogues
quality_gate: Usability, correctness, recovery, accessibility, performance and security
claim_rule: Do not market as available before release evidence",,,,,,,,,
FEAT-121,Reveal hidden,planned,"[""E02""]",docs/research/incoming/blueprint-revisions/FULL-PLATFORM-FEATURE-CATALOG.csv,https://github.com/ruddvz/Arq/blob/a02ccc69e44e41324324c9482a43edbfb58e7905/docs/research/incoming/blueprint-revisions/FULL-PLATFORM-FEATURE-CATALOG.csv,"Preserve source stage and applicability. This is coverage allocation, not proof of implementation or a confirmed defect. Revalidate detailed owning capability before execution.",category/title coverage allocation; source stage remains controlling,"id: FEAT-121
group: Views
feature: Reveal hidden
stage: R2
status: planned
dependency: See command and entity catalogues
quality_gate: Usability, correctness, recovery, accessibility, performance and security
claim_rule: Do not market as available before release evidence",,,,,,,,,
FEAT-122,View depth,planned,"[""E02""]",docs/research/incoming/blueprint-revisions/FULL-PLATFORM-FEATURE-CATALOG.csv,https://github.com/ruddvz/Arq/blob/a02ccc69e44e41324324c9482a43edbfb58e7905/docs/research/incoming/blueprint-revisions/FULL-PLATFORM-FEATURE-CATALOG.csv,"Preserve source stage and applicability. This is coverage allocation, not proof of implementation or a confirmed defect. Revalidate detailed owning capability before execution.",category/title coverage allocation; source stage remains controlling,"id: FEAT-122
group: Views
feature: View depth
stage: R3
status: planned
dependency: See command and entity catalogues
quality_gate: Usability, correctness, recovery, accessibility, performance and security
claim_rule: Do not market as available before release evidence",,,,,,,,,
FEAT-123,Discipline filters,planned,"[""E28""]",docs/research/incoming/blueprint-revisions/FULL-PLATFORM-FEATURE-CATALOG.csv,https://github.com/ruddvz/Arq/blob/a02ccc69e44e41324324c9482a43edbfb58e7905/docs/research/incoming/blueprint-revisions/FULL-PLATFORM-FEATURE-CATALOG.csv,"Preserve source stage and applicability. This is coverage allocation, not proof of implementation or a confirmed defect. Revalidate detailed owning capability before execution.",category/title coverage allocation; source stage remains controlling,"id: FEAT-123
group: Views
feature: Discipline filters
stage: R5
status: planned
dependency: See command and entity catalogues
quality_gate: Usability, correctness, recovery, accessibility, performance and security
claim_rule: Do not market as available before release evidence",,,,,,,,,
FEAT-124,Presentation mode,planned,"[""E40""]",docs/research/incoming/blueprint-revisions/FULL-PLATFORM-FEATURE-CATALOG.csv,https://github.com/ruddvz/Arq/blob/a02ccc69e44e41324324c9482a43edbfb58e7905/docs/research/incoming/blueprint-revisions/FULL-PLATFORM-FEATURE-CATALOG.csv,"Preserve source stage and applicability. This is coverage allocation, not proof of implementation or a confirmed defect. Revalidate detailed owning capability before execution.",category/title coverage allocation; source stage remains controlling,"id: FEAT-124
group: Views
feature: Presentation mode
stage: R2
status: planned
dependency: See command and entity catalogues
quality_gate: Usability, correctness, recovery, accessibility, performance and security
claim_rule: Do not market as available before release evidence",,,,,,,,,
FEAT-125,Linear dimension,protected,"[""E16""]",docs/research/incoming/blueprint-revisions/FULL-PLATFORM-FEATURE-CATALOG.csv,https://github.com/ruddvz/Arq/blob/a02ccc69e44e41324324c9482a43edbfb58e7905/docs/research/incoming/blueprint-revisions/FULL-PLATFORM-FEATURE-CATALOG.csv,"Preserve source stage and applicability. This is coverage allocation, not proof of implementation or a confirmed defect. Revalidate detailed owning capability before execution.",category/title coverage allocation; source stage remains controlling,"id: FEAT-125
group: Documentation
feature: Linear dimension
stage: R1
status: protected
dependency: See command and entity catalogues
quality_gate: Usability, correctness, recovery, accessibility, performance and security
claim_rule: Do not market as available before release evidence",,,,,,,,,
FEAT-126,Aligned dimension,protected,"[""E16""]",docs/research/incoming/blueprint-revisions/FULL-PLATFORM-FEATURE-CATALOG.csv,https://github.com/ruddvz/Arq/blob/a02ccc69e44e41324324c9482a43edbfb58e7905/docs/research/incoming/blueprint-revisions/FULL-PLATFORM-FEATURE-CATALOG.csv,"Preserve source stage and applicability. This is coverage allocation, not proof of implementation or a confirmed defect. Revalidate detailed owning capability before execution.",category/title coverage allocation; source stage remains controlling,"id: FEAT-126
group: Documentation
feature: Aligned dimension
stage: R1
status: protected
dependency: See command and entity catalogues
quality_gate: Usability, correctness, recovery, accessibility, performance and security
claim_rule: Do not market as available before release evidence",,,,,,,,,
FEAT-127,Angular dimension,planned,"[""E16""]",docs/research/incoming/blueprint-revisions/FULL-PLATFORM-FEATURE-CATALOG.csv,https://github.com/ruddvz/Arq/blob/a02ccc69e44e41324324c9482a43edbfb58e7905/docs/research/incoming/blueprint-revisions/FULL-PLATFORM-FEATURE-CATALOG.csv,"Preserve source stage and applicability. This is coverage allocation, not proof of implementation or a confirmed defect. Revalidate detailed owning capability before execution.",category/title coverage allocation; source stage remains controlling,"id: FEAT-127
group: Documentation
feature: Angular dimension
stage: R2
status: planned
dependency: See command and entity catalogues
quality_gate: Usability, correctness, recovery, accessibility, performance and security
claim_rule: Do not market as available before release evidence",,,,,,,,,
FEAT-128,Radial dimension,planned,"[""E16""]",docs/research/incoming/blueprint-revisions/FULL-PLATFORM-FEATURE-CATALOG.csv,https://github.com/ruddvz/Arq/blob/a02ccc69e44e41324324c9482a43edbfb58e7905/docs/research/incoming/blueprint-revisions/FULL-PLATFORM-FEATURE-CATALOG.csv,"Preserve source stage and applicability. This is coverage allocation, not proof of implementation or a confirmed defect. Revalidate detailed owning capability before execution.",category/title coverage allocation; source stage remains controlling,"id: FEAT-128
group: Documentation
feature: Radial dimension
stage: R2
status: planned
dependency: See command and entity catalogues
quality_gate: Usability, correctness, recovery, accessibility, performance and security
claim_rule: Do not market as available before release evidence",,,,,,,,,
FEAT-129,Spot elevation,planned,"[""E02""]",docs/research/incoming/blueprint-revisions/FULL-PLATFORM-FEATURE-CATALOG.csv,https://github.com/ruddvz/Arq/blob/a02ccc69e44e41324324c9482a43edbfb58e7905/docs/research/incoming/blueprint-revisions/FULL-PLATFORM-FEATURE-CATALOG.csv,"Preserve source stage and applicability. This is coverage allocation, not proof of implementation or a confirmed defect. Revalidate detailed owning capability before execution.",category/title coverage allocation; source stage remains controlling,"id: FEAT-129
group: Documentation
feature: Spot elevation
stage: R3
status: planned
dependency: See command and entity catalogues
quality_gate: Usability, correctness, recovery, accessibility, performance and security
claim_rule: Do not market as available before release evidence",,,,,,,,,
FEAT-130,Text note,protected,"[""E17""]",docs/research/incoming/blueprint-revisions/FULL-PLATFORM-FEATURE-CATALOG.csv,https://github.com/ruddvz/Arq/blob/a02ccc69e44e41324324c9482a43edbfb58e7905/docs/research/incoming/blueprint-revisions/FULL-PLATFORM-FEATURE-CATALOG.csv,"Preserve source stage and applicability. This is coverage allocation, not proof of implementation or a confirmed defect. Revalidate detailed owning capability before execution.",category/title coverage allocation; source stage remains controlling,"id: FEAT-130
group: Documentation
feature: Text note
stage: R1
status: protected
dependency: See command and entity catalogues
quality_gate: Usability, correctness, recovery, accessibility, performance and security
claim_rule: Do not market as available before release evidence",,,,,,,,,
FEAT-131,Leader,planned,"[""E02""]",docs/research/incoming/blueprint-revisions/FULL-PLATFORM-FEATURE-CATALOG.csv,https://github.com/ruddvz/Arq/blob/a02ccc69e44e41324324c9482a43edbfb58e7905/docs/research/incoming/blueprint-revisions/FULL-PLATFORM-FEATURE-CATALOG.csv,"Preserve source stage and applicability. This is coverage allocation, not proof of implementation or a confirmed defect. Revalidate detailed owning capability before execution.",category/title coverage allocation; source stage remains controlling,"id: FEAT-131
group: Documentation
feature: Leader
stage: R2
status: planned
dependency: See command and entity catalogues
quality_gate: Usability, correctness, recovery, accessibility, performance and security
claim_rule: Do not market as available before release evidence",,,,,,,,,
FEAT-132,Room tag,protected,"[""E13""]",docs/research/incoming/blueprint-revisions/FULL-PLATFORM-FEATURE-CATALOG.csv,https://github.com/ruddvz/Arq/blob/a02ccc69e44e41324324c9482a43edbfb58e7905/docs/research/incoming/blueprint-revisions/FULL-PLATFORM-FEATURE-CATALOG.csv,"Preserve source stage and applicability. This is coverage allocation, not proof of implementation or a confirmed defect. Revalidate detailed owning capability before execution.",category/title coverage allocation; source stage remains controlling,"id: FEAT-132
group: Documentation
feature: Room tag
stage: R1
status: protected
dependency: See command and entity catalogues
quality_gate: Usability, correctness, recovery, accessibility, performance and security
claim_rule: Do not market as available before release evidence",,,,,,,,,
FEAT-133,Door tag,planned,"[""E12""]",docs/research/incoming/blueprint-revisions/FULL-PLATFORM-FEATURE-CATALOG.csv,https://github.com/ruddvz/Arq/blob/a02ccc69e44e41324324c9482a43edbfb58e7905/docs/research/incoming/blueprint-revisions/FULL-PLATFORM-FEATURE-CATALOG.csv,"Preserve source stage and applicability. This is coverage allocation, not proof of implementation or a confirmed defect. Revalidate detailed owning capability before execution.",category/title coverage allocation; source stage remains controlling,"id: FEAT-133
group: Documentation
feature: Door tag
stage: R2
status: planned
dependency: See command and entity catalogues
quality_gate: Usability, correctness, recovery, accessibility, performance and security
claim_rule: Do not market as available before release evidence",,,,,,,,,
FEAT-134,Window tag,planned,"[""E12""]",docs/research/incoming/blueprint-revisions/FULL-PLATFORM-FEATURE-CATALOG.csv,https://github.com/ruddvz/Arq/blob/a02ccc69e44e41324324c9482a43edbfb58e7905/docs/research/incoming/blueprint-revisions/FULL-PLATFORM-FEATURE-CATALOG.csv,"Preserve source stage and applicability. This is coverage allocation, not proof of implementation or a confirmed defect. Revalidate detailed owning capability before execution.",category/title coverage allocation; source stage remains controlling,"id: FEAT-134
group: Documentation
feature: Window tag
stage: R2
status: planned
dependency: See command and entity catalogues
quality_gate: Usability, correctness, recovery, accessibility, performance and security
claim_rule: Do not market as available before release evidence",,,,,,,,,
FEAT-135,Generic tag,planned,"[""E02""]",docs/research/incoming/blueprint-revisions/FULL-PLATFORM-FEATURE-CATALOG.csv,https://github.com/ruddvz/Arq/blob/a02ccc69e44e41324324c9482a43edbfb58e7905/docs/research/incoming/blueprint-revisions/FULL-PLATFORM-FEATURE-CATALOG.csv,"Preserve source stage and applicability. This is coverage allocation, not proof of implementation or a confirmed defect. Revalidate detailed owning capability before execution.",category/title coverage allocation; source stage remains controlling,"id: FEAT-135
group: Documentation
feature: Generic tag
stage: R3
status: planned
dependency: See command and entity catalogues
quality_gate: Usability, correctness, recovery, accessibility, performance and security
claim_rule: Do not market as available before release evidence",,,,,,,,,
FEAT-136,Keynotes,planned,"[""E02""]",docs/research/incoming/blueprint-revisions/FULL-PLATFORM-FEATURE-CATALOG.csv,https://github.com/ruddvz/Arq/blob/a02ccc69e44e41324324c9482a43edbfb58e7905/docs/research/incoming/blueprint-revisions/FULL-PLATFORM-FEATURE-CATALOG.csv,"Preserve source stage and applicability. This is coverage allocation, not proof of implementation or a confirmed defect. Revalidate detailed owning capability before execution.",category/title coverage allocation; source stage remains controlling,"id: FEAT-136
group: Documentation
feature: Keynotes
stage: R4
status: planned
dependency: See command and entity catalogues
quality_gate: Usability, correctness, recovery, accessibility, performance and security
claim_rule: Do not market as available before release evidence",,,,,,,,,
FEAT-137,Revision cloud,planned,"[""E02""]",docs/research/incoming/blueprint-revisions/FULL-PLATFORM-FEATURE-CATALOG.csv,https://github.com/ruddvz/Arq/blob/a02ccc69e44e41324324c9482a43edbfb58e7905/docs/research/incoming/blueprint-revisions/FULL-PLATFORM-FEATURE-CATALOG.csv,"Preserve source stage and applicability. This is coverage allocation, not proof of implementation or a confirmed defect. Revalidate detailed owning capability before execution.",category/title coverage allocation; source stage remains controlling,"id: FEAT-137
group: Documentation
feature: Revision cloud
stage: R2
status: planned
dependency: See command and entity catalogues
quality_gate: Usability, correctness, recovery, accessibility, performance and security
claim_rule: Do not market as available before release evidence",,,,,,,,,
FEAT-138,Revision schedule,planned,"[""E02""]",docs/research/incoming/blueprint-revisions/FULL-PLATFORM-FEATURE-CATALOG.csv,https://github.com/ruddvz/Arq/blob/a02ccc69e44e41324324c9482a43edbfb58e7905/docs/research/incoming/blueprint-revisions/FULL-PLATFORM-FEATURE-CATALOG.csv,"Preserve source stage and applicability. This is coverage allocation, not proof of implementation or a confirmed defect. Revalidate detailed owning capability before execution.",category/title coverage allocation; source stage remains controlling,"id: FEAT-138
group: Documentation
feature: Revision schedule
stage: R3
status: planned
dependency: See command and entity catalogues
quality_gate: Usability, correctness, recovery, accessibility, performance and security
claim_rule: Do not market as available before release evidence",,,,,,,,,
FEAT-139,Sheet,protected,"[""E20""]",docs/research/incoming/blueprint-revisions/FULL-PLATFORM-FEATURE-CATALOG.csv,https://github.com/ruddvz/Arq/blob/a02ccc69e44e41324324c9482a43edbfb58e7905/docs/research/incoming/blueprint-revisions/FULL-PLATFORM-FEATURE-CATALOG.csv,"Preserve source stage and applicability. This is coverage allocation, not proof of implementation or a confirmed defect. Revalidate detailed owning capability before execution.",category/title coverage allocation; source stage remains controlling,"id: FEAT-139
group: Documentation
feature: Sheet
stage: R1
status: protected
dependency: See command and entity catalogues
quality_gate: Usability, correctness, recovery, accessibility, performance and security
claim_rule: Do not market as available before release evidence",,,,,,,,,
FEAT-140,Viewport,protected,"[""E18""]",docs/research/incoming/blueprint-revisions/FULL-PLATFORM-FEATURE-CATALOG.csv,https://github.com/ruddvz/Arq/blob/a02ccc69e44e41324324c9482a43edbfb58e7905/docs/research/incoming/blueprint-revisions/FULL-PLATFORM-FEATURE-CATALOG.csv,"Preserve source stage and applicability. This is coverage allocation, not proof of implementation or a confirmed defect. Revalidate detailed owning capability before execution.",category/title coverage allocation; source stage remains controlling,"id: FEAT-140
group: Documentation
feature: Viewport
stage: R1
status: protected
dependency: See command and entity catalogues
quality_gate: Usability, correctness, recovery, accessibility, performance and security
claim_rule: Do not market as available before release evidence",,,,,,,,,
FEAT-141,Title block,protected,"[""E02""]",docs/research/incoming/blueprint-revisions/FULL-PLATFORM-FEATURE-CATALOG.csv,https://github.com/ruddvz/Arq/blob/a02ccc69e44e41324324c9482a43edbfb58e7905/docs/research/incoming/blueprint-revisions/FULL-PLATFORM-FEATURE-CATALOG.csv,"Preserve source stage and applicability. This is coverage allocation, not proof of implementation or a confirmed defect. Revalidate detailed owning capability before execution.",category/title coverage allocation; source stage remains controlling,"id: FEAT-141
group: Documentation
feature: Title block
stage: R1
status: protected
dependency: See command and entity catalogues
quality_gate: Usability, correctness, recovery, accessibility, performance and security
claim_rule: Do not market as available before release evidence",,,,,,,,,
FEAT-142,Sheet numbering,protected,"[""E20""]",docs/research/incoming/blueprint-revisions/FULL-PLATFORM-FEATURE-CATALOG.csv,https://github.com/ruddvz/Arq/blob/a02ccc69e44e41324324c9482a43edbfb58e7905/docs/research/incoming/blueprint-revisions/FULL-PLATFORM-FEATURE-CATALOG.csv,"Preserve source stage and applicability. This is coverage allocation, not proof of implementation or a confirmed defect. Revalidate detailed owning capability before execution.",category/title coverage allocation; source stage remains controlling,"id: FEAT-142
group: Documentation
feature: Sheet numbering
stage: R1
status: protected
dependency: See command and entity catalogues
quality_gate: Usability, correctness, recovery, accessibility, performance and security
claim_rule: Do not market as available before release evidence",,,,,,,,,
FEAT-143,Sheet set,planned,"[""E20""]",docs/research/incoming/blueprint-revisions/FULL-PLATFORM-FEATURE-CATALOG.csv,https://github.com/ruddvz/Arq/blob/a02ccc69e44e41324324c9482a43edbfb58e7905/docs/research/incoming/blueprint-revisions/FULL-PLATFORM-FEATURE-CATALOG.csv,"Preserve source stage and applicability. This is coverage allocation, not proof of implementation or a confirmed defect. Revalidate detailed owning capability before execution.",category/title coverage allocation; source stage remains controlling,"id: FEAT-143
group: Documentation
feature: Sheet set
stage: R2
status: planned
dependency: See command and entity catalogues
quality_gate: Usability, correctness, recovery, accessibility, performance and security
claim_rule: Do not market as available before release evidence",,,,,,,,,
FEAT-144,Print set,planned,"[""E02""]",docs/research/incoming/blueprint-revisions/FULL-PLATFORM-FEATURE-CATALOG.csv,https://github.com/ruddvz/Arq/blob/a02ccc69e44e41324324c9482a43edbfb58e7905/docs/research/incoming/blueprint-revisions/FULL-PLATFORM-FEATURE-CATALOG.csv,"Preserve source stage and applicability. This is coverage allocation, not proof of implementation or a confirmed defect. Revalidate detailed owning capability before execution.",category/title coverage allocation; source stage remains controlling,"id: FEAT-144
group: Documentation
feature: Print set
stage: R2
status: planned
dependency: See command and entity catalogues
quality_gate: Usability, correctness, recovery, accessibility, performance and security
claim_rule: Do not market as available before release evidence",,,,,,,,,
FEAT-145,Vector PDF,protected,"[""E20""]",docs/research/incoming/blueprint-revisions/FULL-PLATFORM-FEATURE-CATALOG.csv,https://github.com/ruddvz/Arq/blob/a02ccc69e44e41324324c9482a43edbfb58e7905/docs/research/incoming/blueprint-revisions/FULL-PLATFORM-FEATURE-CATALOG.csv,"Preserve source stage and applicability. This is coverage allocation, not proof of implementation or a confirmed defect. Revalidate detailed owning capability before execution.",category/title coverage allocation; source stage remains controlling,"id: FEAT-145
group: Documentation
feature: Vector PDF
stage: R1
status: protected
dependency: See command and entity catalogues
quality_gate: Usability, correctness, recovery, accessibility, performance and security
claim_rule: Do not market as available before release evidence",,,,,,,,,
FEAT-146,Print preview,protected,"[""E02""]",docs/research/incoming/blueprint-revisions/FULL-PLATFORM-FEATURE-CATALOG.csv,https://github.com/ruddvz/Arq/blob/a02ccc69e44e41324324c9482a43edbfb58e7905/docs/research/incoming/blueprint-revisions/FULL-PLATFORM-FEATURE-CATALOG.csv,"Preserve source stage and applicability. This is coverage allocation, not proof of implementation or a confirmed defect. Revalidate detailed owning capability before execution.",category/title coverage allocation; source stage remains controlling,"id: FEAT-146
group: Documentation
feature: Print preview
stage: R1
status: protected
dependency: See command and entity catalogues
quality_gate: Usability, correctness, recovery, accessibility, performance and security
claim_rule: Do not market as available before release evidence",,,,,,,,,
FEAT-147,Schedules,planned,"[""E02""]",docs/research/incoming/blueprint-revisions/FULL-PLATFORM-FEATURE-CATALOG.csv,https://github.com/ruddvz/Arq/blob/a02ccc69e44e41324324c9482a43edbfb58e7905/docs/research/incoming/blueprint-revisions/FULL-PLATFORM-FEATURE-CATALOG.csv,"Preserve source stage and applicability. This is coverage allocation, not proof of implementation or a confirmed defect. Revalidate detailed owning capability before execution.",category/title coverage allocation; source stage remains controlling,"id: FEAT-147
group: Documentation
feature: Schedules
stage: R2
status: planned
dependency: See command and entity catalogues
quality_gate: Usability, correctness, recovery, accessibility, performance and security
claim_rule: Do not market as available before release evidence",,,,,,,,,
FEAT-148,Door schedule,planned,"[""E12""]",docs/research/incoming/blueprint-revisions/FULL-PLATFORM-FEATURE-CATALOG.csv,https://github.com/ruddvz/Arq/blob/a02ccc69e44e41324324c9482a43edbfb58e7905/docs/research/incoming/blueprint-revisions/FULL-PLATFORM-FEATURE-CATALOG.csv,"Preserve source stage and applicability. This is coverage allocation, not proof of implementation or a confirmed defect. Revalidate detailed owning capability before execution.",category/title coverage allocation; source stage remains controlling,"id: FEAT-148
group: Documentation
feature: Door schedule
stage: R2
status: planned
dependency: See command and entity catalogues
quality_gate: Usability, correctness, recovery, accessibility, performance and security
claim_rule: Do not market as available before release evidence",,,,,,,,,
FEAT-149,Window schedule,planned,"[""E12""]",docs/research/incoming/blueprint-revisions/FULL-PLATFORM-FEATURE-CATALOG.csv,https://github.com/ruddvz/Arq/blob/a02ccc69e44e41324324c9482a43edbfb58e7905/docs/research/incoming/blueprint-revisions/FULL-PLATFORM-FEATURE-CATALOG.csv,"Preserve source stage and applicability. This is coverage allocation, not proof of implementation or a confirmed defect. Revalidate detailed owning capability before execution.",category/title coverage allocation; source stage remains controlling,"id: FEAT-149
group: Documentation
feature: Window schedule
stage: R2
status: planned
dependency: See command and entity catalogues
quality_gate: Usability, correctness, recovery, accessibility, performance and security
claim_rule: Do not market as available before release evidence",,,,,,,,,
FEAT-150,Room schedule,planned,"[""E13""]",docs/research/incoming/blueprint-revisions/FULL-PLATFORM-FEATURE-CATALOG.csv,https://github.com/ruddvz/Arq/blob/a02ccc69e44e41324324c9482a43edbfb58e7905/docs/research/incoming/blueprint-revisions/FULL-PLATFORM-FEATURE-CATALOG.csv,"Preserve source stage and applicability. This is coverage allocation, not proof of implementation or a confirmed defect. Revalidate detailed owning capability before execution.",category/title coverage allocation; source stage remains controlling,"id: FEAT-150
group: Documentation
feature: Room schedule
stage: R2
status: planned
dependency: See command and entity catalogues
quality_gate: Usability, correctness, recovery, accessibility, performance and security
claim_rule: Do not market as available before release evidence",,,,,,,,,
FEAT-151,Material takeoff,planned,"[""E02""]",docs/research/incoming/blueprint-revisions/FULL-PLATFORM-FEATURE-CATALOG.csv,https://github.com/ruddvz/Arq/blob/a02ccc69e44e41324324c9482a43edbfb58e7905/docs/research/incoming/blueprint-revisions/FULL-PLATFORM-FEATURE-CATALOG.csv,"Preserve source stage and applicability. This is coverage allocation, not proof of implementation or a confirmed defect. Revalidate detailed owning capability before execution.",category/title coverage allocation; source stage remains controlling,"id: FEAT-151
group: Documentation
feature: Material takeoff
stage: R4
status: planned
dependency: See command and entity catalogues
quality_gate: Usability, correctness, recovery, accessibility, performance and security
claim_rule: Do not market as available before release evidence",,,,,,,,,
FEAT-152,Calculated schedule fields,planned,"[""E02""]",docs/research/incoming/blueprint-revisions/FULL-PLATFORM-FEATURE-CATALOG.csv,https://github.com/ruddvz/Arq/blob/a02ccc69e44e41324324c9482a43edbfb58e7905/docs/research/incoming/blueprint-revisions/FULL-PLATFORM-FEATURE-CATALOG.csv,"Preserve source stage and applicability. This is coverage allocation, not proof of implementation or a confirmed defect. Revalidate detailed owning capability before execution.",category/title coverage allocation; source stage remains controlling,"id: FEAT-152
group: Documentation
feature: Calculated schedule fields
stage: R3
status: planned
dependency: See command and entity catalogues
quality_gate: Usability, correctness, recovery, accessibility, performance and security
claim_rule: Do not market as available before release evidence",,,,,,,,,
FEAT-153,Schedule formatting,planned,"[""E28""]",docs/research/incoming/blueprint-revisions/FULL-PLATFORM-FEATURE-CATALOG.csv,https://github.com/ruddvz/Arq/blob/a02ccc69e44e41324324c9482a43edbfb58e7905/docs/research/incoming/blueprint-revisions/FULL-PLATFORM-FEATURE-CATALOG.csv,"Preserve source stage and applicability. This is coverage allocation, not proof of implementation or a confirmed defect. Revalidate detailed owning capability before execution.",category/title coverage allocation; source stage remains controlling,"id: FEAT-153
group: Documentation
feature: Schedule formatting
stage: R3
status: planned
dependency: See command and entity catalogues
quality_gate: Usability, correctness, recovery, accessibility, performance and security
claim_rule: Do not market as available before release evidence",,,,,,,,,
FEAT-154,Workspace roles,planned,"[""E35""]",docs/research/incoming/blueprint-revisions/FULL-PLATFORM-FEATURE-CATALOG.csv,https://github.com/ruddvz/Arq/blob/a02ccc69e44e41324324c9482a43edbfb58e7905/docs/research/incoming/blueprint-revisions/FULL-PLATFORM-FEATURE-CATALOG.csv,"Preserve source stage and applicability. This is coverage allocation, not proof of implementation or a confirmed defect. Revalidate detailed owning capability before execution.",category/title coverage allocation; source stage remains controlling,"id: FEAT-154
group: Collaboration and review
feature: Workspace roles
stage: R2
status: planned
dependency: See command and entity catalogues
quality_gate: Usability, correctness, recovery, accessibility, performance and security
claim_rule: Do not market as available before release evidence",,,,,,,,,
FEAT-155,Share link,planned,"[""E35""]",docs/research/incoming/blueprint-revisions/FULL-PLATFORM-FEATURE-CATALOG.csv,https://github.com/ruddvz/Arq/blob/a02ccc69e44e41324324c9482a43edbfb58e7905/docs/research/incoming/blueprint-revisions/FULL-PLATFORM-FEATURE-CATALOG.csv,"Preserve source stage and applicability. This is coverage allocation, not proof of implementation or a confirmed defect. Revalidate detailed owning capability before execution.",category/title coverage allocation; source stage remains controlling,"id: FEAT-155
group: Collaboration and review
feature: Share link
stage: R2
status: planned
dependency: See command and entity catalogues
quality_gate: Usability, correctness, recovery, accessibility, performance and security
claim_rule: Do not market as available before release evidence",,,,,,,,,
FEAT-156,Viewer,planned,"[""E35""]",docs/research/incoming/blueprint-revisions/FULL-PLATFORM-FEATURE-CATALOG.csv,https://github.com/ruddvz/Arq/blob/a02ccc69e44e41324324c9482a43edbfb58e7905/docs/research/incoming/blueprint-revisions/FULL-PLATFORM-FEATURE-CATALOG.csv,"Preserve source stage and applicability. This is coverage allocation, not proof of implementation or a confirmed defect. Revalidate detailed owning capability before execution.",category/title coverage allocation; source stage remains controlling,"id: FEAT-156
group: Collaboration and review
feature: Viewer
stage: R2
status: planned
dependency: See command and entity catalogues
quality_gate: Usability, correctness, recovery, accessibility, performance and security
claim_rule: Do not market as available before release evidence",,,,,,,,,
FEAT-157,Commenter,planned,"[""E35""]",docs/research/incoming/blueprint-revisions/FULL-PLATFORM-FEATURE-CATALOG.csv,https://github.com/ruddvz/Arq/blob/a02ccc69e44e41324324c9482a43edbfb58e7905/docs/research/incoming/blueprint-revisions/FULL-PLATFORM-FEATURE-CATALOG.csv,"Preserve source stage and applicability. This is coverage allocation, not proof of implementation or a confirmed defect. Revalidate detailed owning capability before execution.",category/title coverage allocation; source stage remains controlling,"id: FEAT-157
group: Collaboration and review
feature: Commenter
stage: R2
status: planned
dependency: See command and entity catalogues
quality_gate: Usability, correctness, recovery, accessibility, performance and security
claim_rule: Do not market as available before release evidence",,,,,,,,,
FEAT-158,Model comments,planned,"[""E35""]",docs/research/incoming/blueprint-revisions/FULL-PLATFORM-FEATURE-CATALOG.csv,https://github.com/ruddvz/Arq/blob/a02ccc69e44e41324324c9482a43edbfb58e7905/docs/research/incoming/blueprint-revisions/FULL-PLATFORM-FEATURE-CATALOG.csv,"Preserve source stage and applicability. This is coverage allocation, not proof of implementation or a confirmed defect. Revalidate detailed owning capability before execution.",category/title coverage allocation; source stage remains controlling,"id: FEAT-158
group: Collaboration and review
feature: Model comments
stage: R2
status: planned
dependency: See command and entity catalogues
quality_gate: Usability, correctness, recovery, accessibility, performance and security
claim_rule: Do not market as available before release evidence",,,,,,,,,
FEAT-159,Sheet comments,planned,"[""E35""]",docs/research/incoming/blueprint-revisions/FULL-PLATFORM-FEATURE-CATALOG.csv,https://github.com/ruddvz/Arq/blob/a02ccc69e44e41324324c9482a43edbfb58e7905/docs/research/incoming/blueprint-revisions/FULL-PLATFORM-FEATURE-CATALOG.csv,"Preserve source stage and applicability. This is coverage allocation, not proof of implementation or a confirmed defect. Revalidate detailed owning capability before execution.",category/title coverage allocation; source stage remains controlling,"id: FEAT-159
group: Collaboration and review
feature: Sheet comments
stage: R2
status: planned
dependency: See command and entity catalogues
quality_gate: Usability, correctness, recovery, accessibility, performance and security
claim_rule: Do not market as available before release evidence",,,,,,,,,
FEAT-160,Issues,planned,"[""E35""]",docs/research/incoming/blueprint-revisions/FULL-PLATFORM-FEATURE-CATALOG.csv,https://github.com/ruddvz/Arq/blob/a02ccc69e44e41324324c9482a43edbfb58e7905/docs/research/incoming/blueprint-revisions/FULL-PLATFORM-FEATURE-CATALOG.csv,"Preserve source stage and applicability. This is coverage allocation, not proof of implementation or a confirmed defect. Revalidate detailed owning capability before execution.",category/title coverage allocation; source stage remains controlling,"id: FEAT-160
group: Collaboration and review
feature: Issues
stage: R2
status: planned
dependency: See command and entity catalogues
quality_gate: Usability, correctness, recovery, accessibility, performance and security
claim_rule: Do not market as available before release evidence",,,,,,,,,
FEAT-161,Issue assignment,planned,"[""E35""]",docs/research/incoming/blueprint-revisions/FULL-PLATFORM-FEATURE-CATALOG.csv,https://github.com/ruddvz/Arq/blob/a02ccc69e44e41324324c9482a43edbfb58e7905/docs/research/incoming/blueprint-revisions/FULL-PLATFORM-FEATURE-CATALOG.csv,"Preserve source stage and applicability. This is coverage allocation, not proof of implementation or a confirmed defect. Revalidate detailed owning capability before execution.",category/title coverage allocation; source stage remains controlling,"id: FEAT-161
group: Collaboration and review
feature: Issue assignment
stage: R2
status: planned
dependency: See command and entity catalogues
quality_gate: Usability, correctness, recovery, accessibility, performance and security
claim_rule: Do not market as available before release evidence",,,,,,,,,
FEAT-162,Revision history,planned,"[""E35""]",docs/research/incoming/blueprint-revisions/FULL-PLATFORM-FEATURE-CATALOG.csv,https://github.com/ruddvz/Arq/blob/a02ccc69e44e41324324c9482a43edbfb58e7905/docs/research/incoming/blueprint-revisions/FULL-PLATFORM-FEATURE-CATALOG.csv,"Preserve source stage and applicability. This is coverage allocation, not proof of implementation or a confirmed defect. Revalidate detailed owning capability before execution.",category/title coverage allocation; source stage remains controlling,"id: FEAT-162
group: Collaboration and review
feature: Revision history
stage: R2
status: planned
dependency: See command and entity catalogues
quality_gate: Usability, correctness, recovery, accessibility, performance and security
claim_rule: Do not market as available before release evidence",,,,,,,,,
FEAT-163,Revision compare,planned,"[""E35""]",docs/research/incoming/blueprint-revisions/FULL-PLATFORM-FEATURE-CATALOG.csv,https://github.com/ruddvz/Arq/blob/a02ccc69e44e41324324c9482a43edbfb58e7905/docs/research/incoming/blueprint-revisions/FULL-PLATFORM-FEATURE-CATALOG.csv,"Preserve source stage and applicability. This is coverage allocation, not proof of implementation or a confirmed defect. Revalidate detailed owning capability before execution.",category/title coverage allocation; source stage remains controlling,"id: FEAT-163
group: Collaboration and review
feature: Revision compare
stage: R2
status: planned
dependency: See command and entity catalogues
quality_gate: Usability, correctness, recovery, accessibility, performance and security
claim_rule: Do not market as available before release evidence",,,,,,,,,
FEAT-164,Presence,planned,"[""E43""]",docs/research/incoming/blueprint-revisions/FULL-PLATFORM-FEATURE-CATALOG.csv,https://github.com/ruddvz/Arq/blob/a02ccc69e44e41324324c9482a43edbfb58e7905/docs/research/incoming/blueprint-revisions/FULL-PLATFORM-FEATURE-CATALOG.csv,"Preserve source stage and applicability. This is coverage allocation, not proof of implementation or a confirmed defect. Revalidate detailed owning capability before execution.",category/title coverage allocation; source stage remains controlling,"id: FEAT-164
group: Collaboration and review
feature: Presence
stage: R3
status: planned
dependency: See command and entity catalogues
quality_gate: Usability, correctness, recovery, accessibility, performance and security
claim_rule: Do not market as available before release evidence",,,,,,,,,
FEAT-165,Live cursors,planned,"[""E35""]",docs/research/incoming/blueprint-revisions/FULL-PLATFORM-FEATURE-CATALOG.csv,https://github.com/ruddvz/Arq/blob/a02ccc69e44e41324324c9482a43edbfb58e7905/docs/research/incoming/blueprint-revisions/FULL-PLATFORM-FEATURE-CATALOG.csv,"Preserve source stage and applicability. This is coverage allocation, not proof of implementation or a confirmed defect. Revalidate detailed owning capability before execution.",category/title coverage allocation; source stage remains controlling,"id: FEAT-165
group: Collaboration and review
feature: Live cursors
stage: R3
status: planned
dependency: See command and entity catalogues
quality_gate: Usability, correctness, recovery, accessibility, performance and security
claim_rule: Do not market as available before release evidence",,,,,,,,,
FEAT-166,Element ownership,planned,"[""E35""]",docs/research/incoming/blueprint-revisions/FULL-PLATFORM-FEATURE-CATALOG.csv,https://github.com/ruddvz/Arq/blob/a02ccc69e44e41324324c9482a43edbfb58e7905/docs/research/incoming/blueprint-revisions/FULL-PLATFORM-FEATURE-CATALOG.csv,"Preserve source stage and applicability. This is coverage allocation, not proof of implementation or a confirmed defect. Revalidate detailed owning capability before execution.",category/title coverage allocation; source stage remains controlling,"id: FEAT-166
group: Collaboration and review
feature: Element ownership
stage: R4
status: planned
dependency: See command and entity catalogues
quality_gate: Usability, correctness, recovery, accessibility, performance and security
claim_rule: Do not market as available before release evidence",,,,,,,,,
FEAT-167,Offline collaboration,planned,"[""E35""]",docs/research/incoming/blueprint-revisions/FULL-PLATFORM-FEATURE-CATALOG.csv,https://github.com/ruddvz/Arq/blob/a02ccc69e44e41324324c9482a43edbfb58e7905/docs/research/incoming/blueprint-revisions/FULL-PLATFORM-FEATURE-CATALOG.csv,"Preserve source stage and applicability. This is coverage allocation, not proof of implementation or a confirmed defect. Revalidate detailed owning capability before execution.",category/title coverage allocation; source stage remains controlling,"id: FEAT-167
group: Collaboration and review
feature: Offline collaboration
stage: R3
status: planned
dependency: See command and entity catalogues
quality_gate: Usability, correctness, recovery, accessibility, performance and security
claim_rule: Do not market as available before release evidence",,,,,,,,,
FEAT-168,Geometry conflict resolution,planned,"[""E35""]",docs/research/incoming/blueprint-revisions/FULL-PLATFORM-FEATURE-CATALOG.csv,https://github.com/ruddvz/Arq/blob/a02ccc69e44e41324324c9482a43edbfb58e7905/docs/research/incoming/blueprint-revisions/FULL-PLATFORM-FEATURE-CATALOG.csv,"Preserve source stage and applicability. This is coverage allocation, not proof of implementation or a confirmed defect. Revalidate detailed owning capability before execution.",category/title coverage allocation; source stage remains controlling,"id: FEAT-168
group: Collaboration and review
feature: Geometry conflict resolution
stage: R4
status: planned
dependency: See command and entity catalogues
quality_gate: Usability, correctness, recovery, accessibility, performance and security
claim_rule: Do not market as available before release evidence",,,,,,,,,
FEAT-169,Named branches,planned,"[""E35""]",docs/research/incoming/blueprint-revisions/FULL-PLATFORM-FEATURE-CATALOG.csv,https://github.com/ruddvz/Arq/blob/a02ccc69e44e41324324c9482a43edbfb58e7905/docs/research/incoming/blueprint-revisions/FULL-PLATFORM-FEATURE-CATALOG.csv,"Preserve source stage and applicability. This is coverage allocation, not proof of implementation or a confirmed defect. Revalidate detailed owning capability before execution.",category/title coverage allocation; source stage remains controlling,"id: FEAT-169
group: Collaboration and review
feature: Named branches
stage: R4
status: planned
dependency: See command and entity catalogues
quality_gate: Usability, correctness, recovery, accessibility, performance and security
claim_rule: Do not market as available before release evidence",,,,,,,,,
FEAT-170,Approvals,planned,"[""E35""]",docs/research/incoming/blueprint-revisions/FULL-PLATFORM-FEATURE-CATALOG.csv,https://github.com/ruddvz/Arq/blob/a02ccc69e44e41324324c9482a43edbfb58e7905/docs/research/incoming/blueprint-revisions/FULL-PLATFORM-FEATURE-CATALOG.csv,"Preserve source stage and applicability. This is coverage allocation, not proof of implementation or a confirmed defect. Revalidate detailed owning capability before execution.",category/title coverage allocation; source stage remains controlling,"id: FEAT-170
group: Collaboration and review
feature: Approvals
stage: R3
status: planned
dependency: See command and entity catalogues
quality_gate: Usability, correctness, recovery, accessibility, performance and security
claim_rule: Do not market as available before release evidence",,,,,,,,,
FEAT-171,Issued sheet state,planned,"[""E35""]",docs/research/incoming/blueprint-revisions/FULL-PLATFORM-FEATURE-CATALOG.csv,https://github.com/ruddvz/Arq/blob/a02ccc69e44e41324324c9482a43edbfb58e7905/docs/research/incoming/blueprint-revisions/FULL-PLATFORM-FEATURE-CATALOG.csv,"Preserve source stage and applicability. This is coverage allocation, not proof of implementation or a confirmed defect. Revalidate detailed owning capability before execution.",category/title coverage allocation; source stage remains controlling,"id: FEAT-171
group: Collaboration and review
feature: Issued sheet state
stage: R3
status: planned
dependency: See command and entity catalogues
quality_gate: Usability, correctness, recovery, accessibility, performance and security
claim_rule: Do not market as available before release evidence",,,,,,,,,
FEAT-172,BCF exchange,planned,"[""E35""]",docs/research/incoming/blueprint-revisions/FULL-PLATFORM-FEATURE-CATALOG.csv,https://github.com/ruddvz/Arq/blob/a02ccc69e44e41324324c9482a43edbfb58e7905/docs/research/incoming/blueprint-revisions/FULL-PLATFORM-FEATURE-CATALOG.csv,"Preserve source stage and applicability. This is coverage allocation, not proof of implementation or a confirmed defect. Revalidate detailed owning capability before execution.",category/title coverage allocation; source stage remains controlling,"id: FEAT-172
group: Collaboration and review
feature: BCF exchange
stage: R3
status: planned
dependency: See command and entity catalogues
quality_gate: Usability, correctness, recovery, accessibility, performance and security
claim_rule: Do not market as available before release evidence",,,,,,,,,
FEAT-173,Image underlay,protected,"[""E34""]",docs/research/incoming/blueprint-revisions/FULL-PLATFORM-FEATURE-CATALOG.csv,https://github.com/ruddvz/Arq/blob/a02ccc69e44e41324324c9482a43edbfb58e7905/docs/research/incoming/blueprint-revisions/FULL-PLATFORM-FEATURE-CATALOG.csv,"Preserve source stage and applicability. This is coverage allocation, not proof of implementation or a confirmed defect. Revalidate detailed owning capability before execution.",category/title coverage allocation; source stage remains controlling,"id: FEAT-173
group: Interoperability
feature: Image underlay
stage: R1
status: protected
dependency: See command and entity catalogues
quality_gate: Usability, correctness, recovery, accessibility, performance and security
claim_rule: Do not market as available before release evidence",,,,,,,,,
FEAT-174,PDF underlay,planned,"[""E20""]",docs/research/incoming/blueprint-revisions/FULL-PLATFORM-FEATURE-CATALOG.csv,https://github.com/ruddvz/Arq/blob/a02ccc69e44e41324324c9482a43edbfb58e7905/docs/research/incoming/blueprint-revisions/FULL-PLATFORM-FEATURE-CATALOG.csv,"Preserve source stage and applicability. This is coverage allocation, not proof of implementation or a confirmed defect. Revalidate detailed owning capability before execution.",category/title coverage allocation; source stage remains controlling,"id: FEAT-174
group: Interoperability
feature: PDF underlay
stage: R2
status: planned
dependency: See command and entity catalogues
quality_gate: Usability, correctness, recovery, accessibility, performance and security
claim_rule: Do not market as available before release evidence",,,,,,,,,
FEAT-175,Arq native file,protected,"[""E02""]",docs/research/incoming/blueprint-revisions/FULL-PLATFORM-FEATURE-CATALOG.csv,https://github.com/ruddvz/Arq/blob/a02ccc69e44e41324324c9482a43edbfb58e7905/docs/research/incoming/blueprint-revisions/FULL-PLATFORM-FEATURE-CATALOG.csv,"Preserve source stage and applicability. This is coverage allocation, not proof of implementation or a confirmed defect. Revalidate detailed owning capability before execution.",category/title coverage allocation; source stage remains controlling,"id: FEAT-175
group: Interoperability
feature: Arq native file
stage: R1
status: protected
dependency: See command and entity catalogues
quality_gate: Usability, correctness, recovery, accessibility, performance and security
claim_rule: Do not market as available before release evidence",,,,,,,,,
FEAT-176,PDF export,protected,"[""E20""]",docs/research/incoming/blueprint-revisions/FULL-PLATFORM-FEATURE-CATALOG.csv,https://github.com/ruddvz/Arq/blob/a02ccc69e44e41324324c9482a43edbfb58e7905/docs/research/incoming/blueprint-revisions/FULL-PLATFORM-FEATURE-CATALOG.csv,"Preserve source stage and applicability. This is coverage allocation, not proof of implementation or a confirmed defect. Revalidate detailed owning capability before execution.",category/title coverage allocation; source stage remains controlling,"id: FEAT-176
group: Interoperability
feature: PDF export
stage: R1
status: protected
dependency: See command and entity catalogues
quality_gate: Usability, correctness, recovery, accessibility, performance and security
claim_rule: Do not market as available before release evidence",,,,,,,,,
FEAT-177,CSV schedule export,planned,"[""E20""]",docs/research/incoming/blueprint-revisions/FULL-PLATFORM-FEATURE-CATALOG.csv,https://github.com/ruddvz/Arq/blob/a02ccc69e44e41324324c9482a43edbfb58e7905/docs/research/incoming/blueprint-revisions/FULL-PLATFORM-FEATURE-CATALOG.csv,"Preserve source stage and applicability. This is coverage allocation, not proof of implementation or a confirmed defect. Revalidate detailed owning capability before execution.",category/title coverage allocation; source stage remains controlling,"id: FEAT-177
group: Interoperability
feature: CSV schedule export
stage: R2
status: planned
dependency: See command and entity catalogues
quality_gate: Usability, correctness, recovery, accessibility, performance and security
claim_rule: Do not market as available before release evidence",,,,,,,,,
FEAT-178,DXF import subset,planned,"[""E34""]",docs/research/incoming/blueprint-revisions/FULL-PLATFORM-FEATURE-CATALOG.csv,https://github.com/ruddvz/Arq/blob/a02ccc69e44e41324324c9482a43edbfb58e7905/docs/research/incoming/blueprint-revisions/FULL-PLATFORM-FEATURE-CATALOG.csv,"Preserve source stage and applicability. This is coverage allocation, not proof of implementation or a confirmed defect. Revalidate detailed owning capability before execution.",category/title coverage allocation; source stage remains controlling,"id: FEAT-178
group: Interoperability
feature: DXF import subset
stage: R2
status: planned
dependency: See command and entity catalogues
quality_gate: Usability, correctness, recovery, accessibility, performance and security
claim_rule: Do not market as available before release evidence",,,,,,,,,
FEAT-179,DXF export subset,planned,"[""E20""]",docs/research/incoming/blueprint-revisions/FULL-PLATFORM-FEATURE-CATALOG.csv,https://github.com/ruddvz/Arq/blob/a02ccc69e44e41324324c9482a43edbfb58e7905/docs/research/incoming/blueprint-revisions/FULL-PLATFORM-FEATURE-CATALOG.csv,"Preserve source stage and applicability. This is coverage allocation, not proof of implementation or a confirmed defect. Revalidate detailed owning capability before execution.",category/title coverage allocation; source stage remains controlling,"id: FEAT-179
group: Interoperability
feature: DXF export subset
stage: R2
status: planned
dependency: See command and entity catalogues
quality_gate: Usability, correctness, recovery, accessibility, performance and security
claim_rule: Do not market as available before release evidence",,,,,,,,,
FEAT-180,IFC viewing,planned,"[""E34""]",docs/research/incoming/blueprint-revisions/FULL-PLATFORM-FEATURE-CATALOG.csv,https://github.com/ruddvz/Arq/blob/a02ccc69e44e41324324c9482a43edbfb58e7905/docs/research/incoming/blueprint-revisions/FULL-PLATFORM-FEATURE-CATALOG.csv,"Preserve source stage and applicability. This is coverage allocation, not proof of implementation or a confirmed defect. Revalidate detailed owning capability before execution.",category/title coverage allocation; source stage remains controlling,"id: FEAT-180
group: Interoperability
feature: IFC viewing
stage: R2
status: planned
dependency: See command and entity catalogues
quality_gate: Usability, correctness, recovery, accessibility, performance and security
claim_rule: Do not market as available before release evidence",,,,,,,,,
FEAT-181,IFC property inspection,planned,"[""E34""]",docs/research/incoming/blueprint-revisions/FULL-PLATFORM-FEATURE-CATALOG.csv,https://github.com/ruddvz/Arq/blob/a02ccc69e44e41324324c9482a43edbfb58e7905/docs/research/incoming/blueprint-revisions/FULL-PLATFORM-FEATURE-CATALOG.csv,"Preserve source stage and applicability. This is coverage allocation, not proof of implementation or a confirmed defect. Revalidate detailed owning capability before execution.",category/title coverage allocation; source stage remains controlling,"id: FEAT-181
group: Interoperability
feature: IFC property inspection
stage: R2
status: planned
dependency: See command and entity catalogues
quality_gate: Usability, correctness, recovery, accessibility, performance and security
claim_rule: Do not market as available before release evidence",,,,,,,,,
FEAT-182,IFC import subset,planned,"[""E34""]",docs/research/incoming/blueprint-revisions/FULL-PLATFORM-FEATURE-CATALOG.csv,https://github.com/ruddvz/Arq/blob/a02ccc69e44e41324324c9482a43edbfb58e7905/docs/research/incoming/blueprint-revisions/FULL-PLATFORM-FEATURE-CATALOG.csv,"Preserve source stage and applicability. This is coverage allocation, not proof of implementation or a confirmed defect. Revalidate detailed owning capability before execution.",category/title coverage allocation; source stage remains controlling,"id: FEAT-182
group: Interoperability
feature: IFC import subset
stage: R3
status: planned
dependency: See command and entity catalogues
quality_gate: Usability, correctness, recovery, accessibility, performance and security
claim_rule: Do not market as available before release evidence",,,,,,,,,
FEAT-183,IFC export subset,planned,"[""E20""]",docs/research/incoming/blueprint-revisions/FULL-PLATFORM-FEATURE-CATALOG.csv,https://github.com/ruddvz/Arq/blob/a02ccc69e44e41324324c9482a43edbfb58e7905/docs/research/incoming/blueprint-revisions/FULL-PLATFORM-FEATURE-CATALOG.csv,"Preserve source stage and applicability. This is coverage allocation, not proof of implementation or a confirmed defect. Revalidate detailed owning capability before execution.",category/title coverage allocation; source stage remains controlling,"id: FEAT-183
group: Interoperability
feature: IFC export subset
stage: R3
status: planned
dependency: See command and entity catalogues
quality_gate: Usability, correctness, recovery, accessibility, performance and security
claim_rule: Do not market as available before release evidence",,,,,,,,,
FEAT-184,BCF import and export,planned,"[""E20""]",docs/research/incoming/blueprint-revisions/FULL-PLATFORM-FEATURE-CATALOG.csv,https://github.com/ruddvz/Arq/blob/a02ccc69e44e41324324c9482a43edbfb58e7905/docs/research/incoming/blueprint-revisions/FULL-PLATFORM-FEATURE-CATALOG.csv,"Preserve source stage and applicability. This is coverage allocation, not proof of implementation or a confirmed defect. Revalidate detailed owning capability before execution.",category/title coverage allocation; source stage remains controlling,"id: FEAT-184
group: Interoperability
feature: BCF import and export
stage: R3
status: planned
dependency: See command and entity catalogues
quality_gate: Usability, correctness, recovery, accessibility, performance and security
claim_rule: Do not market as available before release evidence",,,,,,,,,
FEAT-185,GLB export,planned,"[""E20""]",docs/research/incoming/blueprint-revisions/FULL-PLATFORM-FEATURE-CATALOG.csv,https://github.com/ruddvz/Arq/blob/a02ccc69e44e41324324c9482a43edbfb58e7905/docs/research/incoming/blueprint-revisions/FULL-PLATFORM-FEATURE-CATALOG.csv,"Preserve source stage and applicability. This is coverage allocation, not proof of implementation or a confirmed defect. Revalidate detailed owning capability before execution.",category/title coverage allocation; source stage remains controlling,"id: FEAT-185
group: Interoperability
feature: GLB export
stage: R3
status: planned
dependency: See command and entity catalogues
quality_gate: Usability, correctness, recovery, accessibility, performance and security
claim_rule: Do not market as available before release evidence",,,,,,,,,
FEAT-186,STEP selected solids,planned,"[""E02""]",docs/research/incoming/blueprint-revisions/FULL-PLATFORM-FEATURE-CATALOG.csv,https://github.com/ruddvz/Arq/blob/a02ccc69e44e41324324c9482a43edbfb58e7905/docs/research/incoming/blueprint-revisions/FULL-PLATFORM-FEATURE-CATALOG.csv,"Preserve source stage and applicability. This is coverage allocation, not proof of implementation or a confirmed defect. Revalidate detailed owning capability before execution.",category/title coverage allocation; source stage remains controlling,"id: FEAT-186
group: Interoperability
feature: STEP selected solids
stage: R4
status: planned
dependency: See command and entity catalogues
quality_gate: Usability, correctness, recovery, accessibility, performance and security
claim_rule: Do not market as available before release evidence",,,,,,,,,
FEAT-187,DWG licensed conversion,planned,"[""E26""]",docs/research/incoming/blueprint-revisions/FULL-PLATFORM-FEATURE-CATALOG.csv,https://github.com/ruddvz/Arq/blob/a02ccc69e44e41324324c9482a43edbfb58e7905/docs/research/incoming/blueprint-revisions/FULL-PLATFORM-FEATURE-CATALOG.csv,"Preserve source stage and applicability. This is coverage allocation, not proof of implementation or a confirmed defect. Revalidate detailed owning capability before execution.",category/title coverage allocation; source stage remains controlling,"id: FEAT-187
group: Interoperability
feature: DWG licensed conversion
stage: Evidence
status: planned
dependency: See command and entity catalogues
quality_gate: Usability, correctness, recovery, accessibility, performance and security
claim_rule: Do not market as available before release evidence",,,,,,,,,
FEAT-188,RVT connector,planned,"[""E38""]",docs/research/incoming/blueprint-revisions/FULL-PLATFORM-FEATURE-CATALOG.csv,https://github.com/ruddvz/Arq/blob/a02ccc69e44e41324324c9482a43edbfb58e7905/docs/research/incoming/blueprint-revisions/FULL-PLATFORM-FEATURE-CATALOG.csv,"Preserve source stage and applicability. This is coverage allocation, not proof of implementation or a confirmed defect. Revalidate detailed owning capability before execution.",category/title coverage allocation; source stage remains controlling,"id: FEAT-188
group: Interoperability
feature: RVT connector
stage: Evidence
status: planned
dependency: See command and entity catalogues
quality_gate: Usability, correctness, recovery, accessibility, performance and security
claim_rule: Do not market as available before release evidence",,,,,,,,,
FEAT-189,Speckle connector,planned,"[""E38""]",docs/research/incoming/blueprint-revisions/FULL-PLATFORM-FEATURE-CATALOG.csv,https://github.com/ruddvz/Arq/blob/a02ccc69e44e41324324c9482a43edbfb58e7905/docs/research/incoming/blueprint-revisions/FULL-PLATFORM-FEATURE-CATALOG.csv,"Preserve source stage and applicability. This is coverage allocation, not proof of implementation or a confirmed defect. Revalidate detailed owning capability before execution.",category/title coverage allocation; source stage remains controlling,"id: FEAT-189
group: Interoperability
feature: Speckle connector
stage: R4
status: planned
dependency: See command and entity catalogues
quality_gate: Usability, correctness, recovery, accessibility, performance and security
claim_rule: Do not market as available before release evidence",,,,,,,,,
FEAT-190,Revit connector,planned,"[""E38""]",docs/research/incoming/blueprint-revisions/FULL-PLATFORM-FEATURE-CATALOG.csv,https://github.com/ruddvz/Arq/blob/a02ccc69e44e41324324c9482a43edbfb58e7905/docs/research/incoming/blueprint-revisions/FULL-PLATFORM-FEATURE-CATALOG.csv,"Preserve source stage and applicability. This is coverage allocation, not proof of implementation or a confirmed defect. Revalidate detailed owning capability before execution.",category/title coverage allocation; source stage remains controlling,"id: FEAT-190
group: Interoperability
feature: Revit connector
stage: R5
status: planned
dependency: See command and entity catalogues
quality_gate: Usability, correctness, recovery, accessibility, performance and security
claim_rule: Do not market as available before release evidence",,,,,,,,,
FEAT-191,Rhino connector,planned,"[""E38""]",docs/research/incoming/blueprint-revisions/FULL-PLATFORM-FEATURE-CATALOG.csv,https://github.com/ruddvz/Arq/blob/a02ccc69e44e41324324c9482a43edbfb58e7905/docs/research/incoming/blueprint-revisions/FULL-PLATFORM-FEATURE-CATALOG.csv,"Preserve source stage and applicability. This is coverage allocation, not proof of implementation or a confirmed defect. Revalidate detailed owning capability before execution.",category/title coverage allocation; source stage remains controlling,"id: FEAT-191
group: Interoperability
feature: Rhino connector
stage: R5
status: planned
dependency: See command and entity catalogues
quality_gate: Usability, correctness, recovery, accessibility, performance and security
claim_rule: Do not market as available before release evidence",,,,,,,,,
FEAT-192,AutoCAD connector,planned,"[""E38""]",docs/research/incoming/blueprint-revisions/FULL-PLATFORM-FEATURE-CATALOG.csv,https://github.com/ruddvz/Arq/blob/a02ccc69e44e41324324c9482a43edbfb58e7905/docs/research/incoming/blueprint-revisions/FULL-PLATFORM-FEATURE-CATALOG.csv,"Preserve source stage and applicability. This is coverage allocation, not proof of implementation or a confirmed defect. Revalidate detailed owning capability before execution.",category/title coverage allocation; source stage remains controlling,"id: FEAT-192
group: Interoperability
feature: AutoCAD connector
stage: R5
status: planned
dependency: See command and entity catalogues
quality_gate: Usability, correctness, recovery, accessibility, performance and security
claim_rule: Do not market as available before release evidence",,,,,,,,,
FEAT-193,Monochrome technical 3D,protected,"[""E40""]",docs/research/incoming/blueprint-revisions/FULL-PLATFORM-FEATURE-CATALOG.csv,https://github.com/ruddvz/Arq/blob/a02ccc69e44e41324324c9482a43edbfb58e7905/docs/research/incoming/blueprint-revisions/FULL-PLATFORM-FEATURE-CATALOG.csv,"Preserve source stage and applicability. This is coverage allocation, not proof of implementation or a confirmed defect. Revalidate detailed owning capability before execution.",category/title coverage allocation; source stage remains controlling,"id: FEAT-193
group: Visualisation
feature: Monochrome technical 3D
stage: R1
status: protected
dependency: See command and entity catalogues
quality_gate: Usability, correctness, recovery, accessibility, performance and security
claim_rule: Do not market as available before release evidence",,,,,,,,,
FEAT-194,Materials,planned,"[""E40""]",docs/research/incoming/blueprint-revisions/FULL-PLATFORM-FEATURE-CATALOG.csv,https://github.com/ruddvz/Arq/blob/a02ccc69e44e41324324c9482a43edbfb58e7905/docs/research/incoming/blueprint-revisions/FULL-PLATFORM-FEATURE-CATALOG.csv,"Preserve source stage and applicability. This is coverage allocation, not proof of implementation or a confirmed defect. Revalidate detailed owning capability before execution.",category/title coverage allocation; source stage remains controlling,"id: FEAT-194
group: Visualisation
feature: Materials
stage: R2
status: planned
dependency: See command and entity catalogues
quality_gate: Usability, correctness, recovery, accessibility, performance and security
claim_rule: Do not market as available before release evidence",,,,,,,,,
FEAT-195,Textures,planned,"[""E40""]",docs/research/incoming/blueprint-revisions/FULL-PLATFORM-FEATURE-CATALOG.csv,https://github.com/ruddvz/Arq/blob/a02ccc69e44e41324324c9482a43edbfb58e7905/docs/research/incoming/blueprint-revisions/FULL-PLATFORM-FEATURE-CATALOG.csv,"Preserve source stage and applicability. This is coverage allocation, not proof of implementation or a confirmed defect. Revalidate detailed owning capability before execution.",category/title coverage allocation; source stage remains controlling,"id: FEAT-195
group: Visualisation
feature: Textures
stage: R3
status: planned
dependency: See command and entity catalogues
quality_gate: Usability, correctness, recovery, accessibility, performance and security
claim_rule: Do not market as available before release evidence",,,,,,,,,
FEAT-196,Sun and shadows,planned,"[""E40""]",docs/research/incoming/blueprint-revisions/FULL-PLATFORM-FEATURE-CATALOG.csv,https://github.com/ruddvz/Arq/blob/a02ccc69e44e41324324c9482a43edbfb58e7905/docs/research/incoming/blueprint-revisions/FULL-PLATFORM-FEATURE-CATALOG.csv,"Preserve source stage and applicability. This is coverage allocation, not proof of implementation or a confirmed defect. Revalidate detailed owning capability before execution.",category/title coverage allocation; source stage remains controlling,"id: FEAT-196
group: Visualisation
feature: Sun and shadows
stage: R3
status: planned
dependency: See command and entity catalogues
quality_gate: Usability, correctness, recovery, accessibility, performance and security
claim_rule: Do not market as available before release evidence",,,,,,,,,
FEAT-197,Ambient occlusion,planned,"[""E40""]",docs/research/incoming/blueprint-revisions/FULL-PLATFORM-FEATURE-CATALOG.csv,https://github.com/ruddvz/Arq/blob/a02ccc69e44e41324324c9482a43edbfb58e7905/docs/research/incoming/blueprint-revisions/FULL-PLATFORM-FEATURE-CATALOG.csv,"Preserve source stage and applicability. This is coverage allocation, not proof of implementation or a confirmed defect. Revalidate detailed owning capability before execution.",category/title coverage allocation; source stage remains controlling,"id: FEAT-197
group: Visualisation
feature: Ambient occlusion
stage: R3
status: planned
dependency: See command and entity catalogues
quality_gate: Usability, correctness, recovery, accessibility, performance and security
claim_rule: Do not market as available before release evidence",,,,,,,,,
FEAT-198,Section box,planned,"[""E40""]",docs/research/incoming/blueprint-revisions/FULL-PLATFORM-FEATURE-CATALOG.csv,https://github.com/ruddvz/Arq/blob/a02ccc69e44e41324324c9482a43edbfb58e7905/docs/research/incoming/blueprint-revisions/FULL-PLATFORM-FEATURE-CATALOG.csv,"Preserve source stage and applicability. This is coverage allocation, not proof of implementation or a confirmed defect. Revalidate detailed owning capability before execution.",category/title coverage allocation; source stage remains controlling,"id: FEAT-198
group: Visualisation
feature: Section box
stage: R2
status: planned
dependency: See command and entity catalogues
quality_gate: Usability, correctness, recovery, accessibility, performance and security
claim_rule: Do not market as available before release evidence",,,,,,,,,
FEAT-199,Exploded view,planned,"[""E40""]",docs/research/incoming/blueprint-revisions/FULL-PLATFORM-FEATURE-CATALOG.csv,https://github.com/ruddvz/Arq/blob/a02ccc69e44e41324324c9482a43edbfb58e7905/docs/research/incoming/blueprint-revisions/FULL-PLATFORM-FEATURE-CATALOG.csv,"Preserve source stage and applicability. This is coverage allocation, not proof of implementation or a confirmed defect. Revalidate detailed owning capability before execution.",category/title coverage allocation; source stage remains controlling,"id: FEAT-199
group: Visualisation
feature: Exploded view
stage: R4
status: planned
dependency: See command and entity catalogues
quality_gate: Usability, correctness, recovery, accessibility, performance and security
claim_rule: Do not market as available before release evidence",,,,,,,,,
FEAT-200,Diagram styles,planned,"[""E40""]",docs/research/incoming/blueprint-revisions/FULL-PLATFORM-FEATURE-CATALOG.csv,https://github.com/ruddvz/Arq/blob/a02ccc69e44e41324324c9482a43edbfb58e7905/docs/research/incoming/blueprint-revisions/FULL-PLATFORM-FEATURE-CATALOG.csv,"Preserve source stage and applicability. This is coverage allocation, not proof of implementation or a confirmed defect. Revalidate detailed owning capability before execution.",category/title coverage allocation; source stage remains controlling,"id: FEAT-200
group: Visualisation
feature: Diagram styles
stage: R3
status: planned
dependency: See command and entity catalogues
quality_gate: Usability, correctness, recovery, accessibility, performance and security
claim_rule: Do not market as available before release evidence",,,,,,,,,
FEAT-201,Image export,planned,"[""E40""]",docs/research/incoming/blueprint-revisions/FULL-PLATFORM-FEATURE-CATALOG.csv,https://github.com/ruddvz/Arq/blob/a02ccc69e44e41324324c9482a43edbfb58e7905/docs/research/incoming/blueprint-revisions/FULL-PLATFORM-FEATURE-CATALOG.csv,"Preserve source stage and applicability. This is coverage allocation, not proof of implementation or a confirmed defect. Revalidate detailed owning capability before execution.",category/title coverage allocation; source stage remains controlling,"id: FEAT-201
group: Visualisation
feature: Image export
stage: R2
status: planned
dependency: See command and entity catalogues
quality_gate: Usability, correctness, recovery, accessibility, performance and security
claim_rule: Do not market as available before release evidence",,,,,,,,,
FEAT-202,Video path,planned,"[""E40""]",docs/research/incoming/blueprint-revisions/FULL-PLATFORM-FEATURE-CATALOG.csv,https://github.com/ruddvz/Arq/blob/a02ccc69e44e41324324c9482a43edbfb58e7905/docs/research/incoming/blueprint-revisions/FULL-PLATFORM-FEATURE-CATALOG.csv,"Preserve source stage and applicability. This is coverage allocation, not proof of implementation or a confirmed defect. Revalidate detailed owning capability before execution.",category/title coverage allocation; source stage remains controlling,"id: FEAT-202
group: Visualisation
feature: Video path
stage: R5
status: planned
dependency: See command and entity catalogues
quality_gate: Usability, correctness, recovery, accessibility, performance and security
claim_rule: Do not market as available before release evidence",,,,,,,,,
FEAT-203,Photorealistic renderer integration,planned,"[""E40""]",docs/research/incoming/blueprint-revisions/FULL-PLATFORM-FEATURE-CATALOG.csv,https://github.com/ruddvz/Arq/blob/a02ccc69e44e41324324c9482a43edbfb58e7905/docs/research/incoming/blueprint-revisions/FULL-PLATFORM-FEATURE-CATALOG.csv,"Preserve source stage and applicability. This is coverage allocation, not proof of implementation or a confirmed defect. Revalidate detailed owning capability before execution.",category/title coverage allocation; source stage remains controlling,"id: FEAT-203
group: Visualisation
feature: Photorealistic renderer integration
stage: R5
status: planned
dependency: See command and entity catalogues
quality_gate: Usability, correctness, recovery, accessibility, performance and security
claim_rule: Do not market as available before release evidence",,,,,,,,,
FEAT-204,Native path tracing,planned,"[""E40""]",docs/research/incoming/blueprint-revisions/FULL-PLATFORM-FEATURE-CATALOG.csv,https://github.com/ruddvz/Arq/blob/a02ccc69e44e41324324c9482a43edbfb58e7905/docs/research/incoming/blueprint-revisions/FULL-PLATFORM-FEATURE-CATALOG.csv,"Preserve source stage and applicability. This is coverage allocation, not proof of implementation or a confirmed defect. Revalidate detailed owning capability before execution.",category/title coverage allocation; source stage remains controlling,"id: FEAT-204
group: Visualisation
feature: Native path tracing
stage: Later
status: planned
dependency: See command and entity catalogues
quality_gate: Usability, correctness, recovery, accessibility, performance and security
claim_rule: Do not market as available before release evidence",,,,,,,,,
FEAT-205,AR walkthrough,planned,"[""E40""]",docs/research/incoming/blueprint-revisions/FULL-PLATFORM-FEATURE-CATALOG.csv,https://github.com/ruddvz/Arq/blob/a02ccc69e44e41324324c9482a43edbfb58e7905/docs/research/incoming/blueprint-revisions/FULL-PLATFORM-FEATURE-CATALOG.csv,"Preserve source stage and applicability. This is coverage allocation, not proof of implementation or a confirmed defect. Revalidate detailed owning capability before execution.",category/title coverage allocation; source stage remains controlling,"id: FEAT-205
group: Visualisation
feature: AR walkthrough
stage: R4
status: planned
dependency: See command and entity catalogues
quality_gate: Usability, correctness, recovery, accessibility, performance and security
claim_rule: Do not market as available before release evidence",,,,,,,,,
FEAT-206,Vision Pro review,planned,"[""E40""]",docs/research/incoming/blueprint-revisions/FULL-PLATFORM-FEATURE-CATALOG.csv,https://github.com/ruddvz/Arq/blob/a02ccc69e44e41324324c9482a43edbfb58e7905/docs/research/incoming/blueprint-revisions/FULL-PLATFORM-FEATURE-CATALOG.csv,"Preserve source stage and applicability. This is coverage allocation, not proof of implementation or a confirmed defect. Revalidate detailed owning capability before execution.",category/title coverage allocation; source stage remains controlling,"id: FEAT-206
group: Visualisation
feature: Vision Pro review
stage: Later
status: planned
dependency: See command and entity catalogues
quality_gate: Usability, correctness, recovery, accessibility, performance and security
claim_rule: Do not market as available before release evidence",,,,,,,,,
FEAT-207,Explain selected object,planned,"[""E36""]",docs/research/incoming/blueprint-revisions/FULL-PLATFORM-FEATURE-CATALOG.csv,https://github.com/ruddvz/Arq/blob/a02ccc69e44e41324324c9482a43edbfb58e7905/docs/research/incoming/blueprint-revisions/FULL-PLATFORM-FEATURE-CATALOG.csv,"Preserve source stage and applicability. This is coverage allocation, not proof of implementation or a confirmed defect. Revalidate detailed owning capability before execution.",category/title coverage allocation; source stage remains controlling,"id: FEAT-207
group: AI and automation
feature: Explain selected object
stage: R3
status: planned
dependency: See command and entity catalogues
quality_gate: Usability, correctness, recovery, accessibility, performance and security
claim_rule: Do not market as available before release evidence",,,,,,,,,
FEAT-208,Explain validation error,planned,"[""E36""]",docs/research/incoming/blueprint-revisions/FULL-PLATFORM-FEATURE-CATALOG.csv,https://github.com/ruddvz/Arq/blob/a02ccc69e44e41324324c9482a43edbfb58e7905/docs/research/incoming/blueprint-revisions/FULL-PLATFORM-FEATURE-CATALOG.csv,"Preserve source stage and applicability. This is coverage allocation, not proof of implementation or a confirmed defect. Revalidate detailed owning capability before execution.",category/title coverage allocation; source stage remains controlling,"id: FEAT-208
group: AI and automation
feature: Explain validation error
stage: R3
status: planned
dependency: See command and entity catalogues
quality_gate: Usability, correctness, recovery, accessibility, performance and security
claim_rule: Do not market as available before release evidence",,,,,,,,,
FEAT-209,Natural language command search,planned,"[""E36""]",docs/research/incoming/blueprint-revisions/FULL-PLATFORM-FEATURE-CATALOG.csv,https://github.com/ruddvz/Arq/blob/a02ccc69e44e41324324c9482a43edbfb58e7905/docs/research/incoming/blueprint-revisions/FULL-PLATFORM-FEATURE-CATALOG.csv,"Preserve source stage and applicability. This is coverage allocation, not proof of implementation or a confirmed defect. Revalidate detailed owning capability before execution.",category/title coverage allocation; source stage remains controlling,"id: FEAT-209
group: AI and automation
feature: Natural language command search
stage: R3
status: planned
dependency: See command and entity catalogues
quality_gate: Usability, correctness, recovery, accessibility, performance and security
claim_rule: Do not market as available before release evidence",,,,,,,,,
FEAT-210,Bounded wall modification,planned,"[""E36""]",docs/research/incoming/blueprint-revisions/FULL-PLATFORM-FEATURE-CATALOG.csv,https://github.com/ruddvz/Arq/blob/a02ccc69e44e41324324c9482a43edbfb58e7905/docs/research/incoming/blueprint-revisions/FULL-PLATFORM-FEATURE-CATALOG.csv,"Preserve source stage and applicability. This is coverage allocation, not proof of implementation or a confirmed defect. Revalidate detailed owning capability before execution.",category/title coverage allocation; source stage remains controlling,"id: FEAT-210
group: AI and automation
feature: Bounded wall modification
stage: R3
status: planned
dependency: See command and entity catalogues
quality_gate: Usability, correctness, recovery, accessibility, performance and security
claim_rule: Do not market as available before release evidence",,,,,,,,,
FEAT-211,Bounded opening modification,planned,"[""E36""]",docs/research/incoming/blueprint-revisions/FULL-PLATFORM-FEATURE-CATALOG.csv,https://github.com/ruddvz/Arq/blob/a02ccc69e44e41324324c9482a43edbfb58e7905/docs/research/incoming/blueprint-revisions/FULL-PLATFORM-FEATURE-CATALOG.csv,"Preserve source stage and applicability. This is coverage allocation, not proof of implementation or a confirmed defect. Revalidate detailed owning capability before execution.",category/title coverage allocation; source stage remains controlling,"id: FEAT-211
group: AI and automation
feature: Bounded opening modification
stage: R3
status: planned
dependency: See command and entity catalogues
quality_gate: Usability, correctness, recovery, accessibility, performance and security
claim_rule: Do not market as available before release evidence",,,,,,,,,
FEAT-212,Room naming assistance,planned,"[""E36""]",docs/research/incoming/blueprint-revisions/FULL-PLATFORM-FEATURE-CATALOG.csv,https://github.com/ruddvz/Arq/blob/a02ccc69e44e41324324c9482a43edbfb58e7905/docs/research/incoming/blueprint-revisions/FULL-PLATFORM-FEATURE-CATALOG.csv,"Preserve source stage and applicability. This is coverage allocation, not proof of implementation or a confirmed defect. Revalidate detailed owning capability before execution.",category/title coverage allocation; source stage remains controlling,"id: FEAT-212
group: AI and automation
feature: Room naming assistance
stage: R3
status: planned
dependency: See command and entity catalogues
quality_gate: Usability, correctness, recovery, accessibility, performance and security
claim_rule: Do not market as available before release evidence",,,,,,,,,
FEAT-213,Schedule generation,planned,"[""E36""]",docs/research/incoming/blueprint-revisions/FULL-PLATFORM-FEATURE-CATALOG.csv,https://github.com/ruddvz/Arq/blob/a02ccc69e44e41324324c9482a43edbfb58e7905/docs/research/incoming/blueprint-revisions/FULL-PLATFORM-FEATURE-CATALOG.csv,"Preserve source stage and applicability. This is coverage allocation, not proof of implementation or a confirmed defect. Revalidate detailed owning capability before execution.",category/title coverage allocation; source stage remains controlling,"id: FEAT-213
group: AI and automation
feature: Schedule generation
stage: R3
status: planned
dependency: See command and entity catalogues
quality_gate: Usability, correctness, recovery, accessibility, performance and security
claim_rule: Do not market as available before release evidence",,,,,,,,,
FEAT-214,Model health suggestions,planned,"[""E36""]",docs/research/incoming/blueprint-revisions/FULL-PLATFORM-FEATURE-CATALOG.csv,https://github.com/ruddvz/Arq/blob/a02ccc69e44e41324324c9482a43edbfb58e7905/docs/research/incoming/blueprint-revisions/FULL-PLATFORM-FEATURE-CATALOG.csv,"Preserve source stage and applicability. This is coverage allocation, not proof of implementation or a confirmed defect. Revalidate detailed owning capability before execution.",category/title coverage allocation; source stage remains controlling,"id: FEAT-214
group: AI and automation
feature: Model health suggestions
stage: R3
status: planned
dependency: See command and entity catalogues
quality_gate: Usability, correctness, recovery, accessibility, performance and security
claim_rule: Do not market as available before release evidence",,,,,,,,,
FEAT-215,ArqScript parser,planned,"[""E36""]",docs/research/incoming/blueprint-revisions/FULL-PLATFORM-FEATURE-CATALOG.csv,https://github.com/ruddvz/Arq/blob/a02ccc69e44e41324324c9482a43edbfb58e7905/docs/research/incoming/blueprint-revisions/FULL-PLATFORM-FEATURE-CATALOG.csv,"Preserve source stage and applicability. This is coverage allocation, not proof of implementation or a confirmed defect. Revalidate detailed owning capability before execution.",category/title coverage allocation; source stage remains controlling,"id: FEAT-215
group: AI and automation
feature: ArqScript parser
stage: R3
status: planned
dependency: See command and entity catalogues
quality_gate: Usability, correctness, recovery, accessibility, performance and security
claim_rule: Do not market as available before release evidence",,,,,,,,,
FEAT-216,ArqScript executor,planned,"[""E36""]",docs/research/incoming/blueprint-revisions/FULL-PLATFORM-FEATURE-CATALOG.csv,https://github.com/ruddvz/Arq/blob/a02ccc69e44e41324324c9482a43edbfb58e7905/docs/research/incoming/blueprint-revisions/FULL-PLATFORM-FEATURE-CATALOG.csv,"Preserve source stage and applicability. This is coverage allocation, not proof of implementation or a confirmed defect. Revalidate detailed owning capability before execution.",category/title coverage allocation; source stage remains controlling,"id: FEAT-216
group: AI and automation
feature: ArqScript executor
stage: R3
status: planned
dependency: See command and entity catalogues
quality_gate: Usability, correctness, recovery, accessibility, performance and security
claim_rule: Do not market as available before release evidence",,,,,,,,,
FEAT-217,AI proposal preview,planned,"[""E36""]",docs/research/incoming/blueprint-revisions/FULL-PLATFORM-FEATURE-CATALOG.csv,https://github.com/ruddvz/Arq/blob/a02ccc69e44e41324324c9482a43edbfb58e7905/docs/research/incoming/blueprint-revisions/FULL-PLATFORM-FEATURE-CATALOG.csv,"Preserve source stage and applicability. This is coverage allocation, not proof of implementation or a confirmed defect. Revalidate detailed owning capability before execution.",category/title coverage allocation; source stage remains controlling,"id: FEAT-217
group: AI and automation
feature: AI proposal preview
stage: R3
status: planned
dependency: See command and entity catalogues
quality_gate: Usability, correctness, recovery, accessibility, performance and security
claim_rule: Do not market as available before release evidence",,,,,,,,,
FEAT-218,AI grouped undo,planned,"[""E36""]",docs/research/incoming/blueprint-revisions/FULL-PLATFORM-FEATURE-CATALOG.csv,https://github.com/ruddvz/Arq/blob/a02ccc69e44e41324324c9482a43edbfb58e7905/docs/research/incoming/blueprint-revisions/FULL-PLATFORM-FEATURE-CATALOG.csv,"Preserve source stage and applicability. This is coverage allocation, not proof of implementation or a confirmed defect. Revalidate detailed owning capability before execution.",category/title coverage allocation; source stage remains controlling,"id: FEAT-218
group: AI and automation
feature: AI grouped undo
stage: R3
status: planned
dependency: See command and entity catalogues
quality_gate: Usability, correctness, recovery, accessibility, performance and security
claim_rule: Do not market as available before release evidence",,,,,,,,,
FEAT-219,Sketch calibration,planned,"[""E36""]",docs/research/incoming/blueprint-revisions/FULL-PLATFORM-FEATURE-CATALOG.csv,https://github.com/ruddvz/Arq/blob/a02ccc69e44e41324324c9482a43edbfb58e7905/docs/research/incoming/blueprint-revisions/FULL-PLATFORM-FEATURE-CATALOG.csv,"Preserve source stage and applicability. This is coverage allocation, not proof of implementation or a confirmed defect. Revalidate detailed owning capability before execution.",category/title coverage allocation; source stage remains controlling,"id: FEAT-219
group: AI and automation
feature: Sketch calibration
stage: R4
status: planned
dependency: See command and entity catalogues
quality_gate: Usability, correctness, recovery, accessibility, performance and security
claim_rule: Do not market as available before release evidence",,,,,,,,,
FEAT-220,Sketch to bounded operations,planned,"[""E36""]",docs/research/incoming/blueprint-revisions/FULL-PLATFORM-FEATURE-CATALOG.csv,https://github.com/ruddvz/Arq/blob/a02ccc69e44e41324324c9482a43edbfb58e7905/docs/research/incoming/blueprint-revisions/FULL-PLATFORM-FEATURE-CATALOG.csv,"Preserve source stage and applicability. This is coverage allocation, not proof of implementation or a confirmed defect. Revalidate detailed owning capability before execution.",category/title coverage allocation; source stage remains controlling,"id: FEAT-220
group: AI and automation
feature: Sketch to bounded operations
stage: R4
status: planned
dependency: See command and entity catalogues
quality_gate: Usability, correctness, recovery, accessibility, performance and security
claim_rule: Do not market as available before release evidence",,,,,,,,,
FEAT-221,Room layout alternatives,planned,"[""E36""]",docs/research/incoming/blueprint-revisions/FULL-PLATFORM-FEATURE-CATALOG.csv,https://github.com/ruddvz/Arq/blob/a02ccc69e44e41324324c9482a43edbfb58e7905/docs/research/incoming/blueprint-revisions/FULL-PLATFORM-FEATURE-CATALOG.csv,"Preserve source stage and applicability. This is coverage allocation, not proof of implementation or a confirmed defect. Revalidate detailed owning capability before execution.",category/title coverage allocation; source stage remains controlling,"id: FEAT-221
group: AI and automation
feature: Room layout alternatives
stage: R5
status: planned
dependency: See command and entity catalogues
quality_gate: Usability, correctness, recovery, accessibility, performance and security
claim_rule: Do not market as available before release evidence",,,,,,,,,
FEAT-222,Whole-building generation,planned,"[""E36""]",docs/research/incoming/blueprint-revisions/FULL-PLATFORM-FEATURE-CATALOG.csv,https://github.com/ruddvz/Arq/blob/a02ccc69e44e41324324c9482a43edbfb58e7905/docs/research/incoming/blueprint-revisions/FULL-PLATFORM-FEATURE-CATALOG.csv,"Preserve source stage and applicability. This is coverage allocation, not proof of implementation or a confirmed defect. Revalidate detailed owning capability before execution.",category/title coverage allocation; source stage remains controlling,"id: FEAT-222
group: AI and automation
feature: Whole-building generation
stage: Research
status: planned
dependency: See command and entity catalogues
quality_gate: Usability, correctness, recovery, accessibility, performance and security
claim_rule: Do not market as available before release evidence",,,,,,,,,
FEAT-223,Code compliance assistance,planned,"[""E42""]",docs/research/incoming/blueprint-revisions/FULL-PLATFORM-FEATURE-CATALOG.csv,https://github.com/ruddvz/Arq/blob/a02ccc69e44e41324324c9482a43edbfb58e7905/docs/research/incoming/blueprint-revisions/FULL-PLATFORM-FEATURE-CATALOG.csv,"Preserve source stage and applicability. This is coverage allocation, not proof of implementation or a confirmed defect. Revalidate detailed owning capability before execution.",category/title coverage allocation; source stage remains controlling,"id: FEAT-223
group: AI and automation
feature: Code compliance assistance
stage: Research
status: planned
dependency: See command and entity catalogues
quality_gate: Usability, correctness, recovery, accessibility, performance and security
claim_rule: Do not market as available before release evidence",,,,,,,,,
FEAT-224,Structural design generation,planned,"[""E46""]",docs/research/incoming/blueprint-revisions/FULL-PLATFORM-FEATURE-CATALOG.csv,https://github.com/ruddvz/Arq/blob/a02ccc69e44e41324324c9482a43edbfb58e7905/docs/research/incoming/blueprint-revisions/FULL-PLATFORM-FEATURE-CATALOG.csv,"Preserve source stage and applicability. This is coverage allocation, not proof of implementation or a confirmed defect. Revalidate detailed owning capability before execution.",category/title coverage allocation; source stage remains controlling,"id: FEAT-224
group: AI and automation
feature: Structural design generation
stage: Not planned
status: planned
dependency: See command and entity catalogues
quality_gate: Usability, correctness, recovery, accessibility, performance and security
claim_rule: Do not market as available before release evidence",,,,,,,,,
FEAT-225,PWA install,planned,"[""E44""]",docs/research/incoming/blueprint-revisions/FULL-PLATFORM-FEATURE-CATALOG.csv,https://github.com/ruddvz/Arq/blob/a02ccc69e44e41324324c9482a43edbfb58e7905/docs/research/incoming/blueprint-revisions/FULL-PLATFORM-FEATURE-CATALOG.csv,"Preserve source stage and applicability. This is coverage allocation, not proof of implementation or a confirmed defect. Revalidate detailed owning capability before execution.",category/title coverage allocation; source stage remains controlling,"id: FEAT-225
group: Native and field
feature: PWA install
stage: R2
status: planned
dependency: See command and entity catalogues
quality_gate: Usability, correctness, recovery, accessibility, performance and security
claim_rule: Do not market as available before release evidence",,,,,,,,,
FEAT-226,Native desktop shell,planned,"[""E44""]",docs/research/incoming/blueprint-revisions/FULL-PLATFORM-FEATURE-CATALOG.csv,https://github.com/ruddvz/Arq/blob/a02ccc69e44e41324324c9482a43edbfb58e7905/docs/research/incoming/blueprint-revisions/FULL-PLATFORM-FEATURE-CATALOG.csv,"Preserve source stage and applicability. This is coverage allocation, not proof of implementation or a confirmed defect. Revalidate detailed owning capability before execution.",category/title coverage allocation; source stage remains controlling,"id: FEAT-226
group: Native and field
feature: Native desktop shell
stage: R4
status: planned
dependency: See command and entity catalogues
quality_gate: Usability, correctness, recovery, accessibility, performance and security
claim_rule: Do not market as available before release evidence",,,,,,,,,
FEAT-227,macOS document integration,planned,"[""E44""]",docs/research/incoming/blueprint-revisions/FULL-PLATFORM-FEATURE-CATALOG.csv,https://github.com/ruddvz/Arq/blob/a02ccc69e44e41324324c9482a43edbfb58e7905/docs/research/incoming/blueprint-revisions/FULL-PLATFORM-FEATURE-CATALOG.csv,"Preserve source stage and applicability. This is coverage allocation, not proof of implementation or a confirmed defect. Revalidate detailed owning capability before execution.",category/title coverage allocation; source stage remains controlling,"id: FEAT-227
group: Native and field
feature: macOS document integration
stage: R4
status: planned
dependency: See command and entity catalogues
quality_gate: Usability, correctness, recovery, accessibility, performance and security
claim_rule: Do not market as available before release evidence",,,,,,,,,
FEAT-228,Windows file association,planned,"[""E44""]",docs/research/incoming/blueprint-revisions/FULL-PLATFORM-FEATURE-CATALOG.csv,https://github.com/ruddvz/Arq/blob/a02ccc69e44e41324324c9482a43edbfb58e7905/docs/research/incoming/blueprint-revisions/FULL-PLATFORM-FEATURE-CATALOG.csv,"Preserve source stage and applicability. This is coverage allocation, not proof of implementation or a confirmed defect. Revalidate detailed owning capability before execution.",category/title coverage allocation; source stage remains controlling,"id: FEAT-228
group: Native and field
feature: Windows file association
stage: R4
status: planned
dependency: See command and entity catalogues
quality_gate: Usability, correctness, recovery, accessibility, performance and security
claim_rule: Do not market as available before release evidence",,,,,,,,,
FEAT-229,iPad document integration,planned,"[""E44""]",docs/research/incoming/blueprint-revisions/FULL-PLATFORM-FEATURE-CATALOG.csv,https://github.com/ruddvz/Arq/blob/a02ccc69e44e41324324c9482a43edbfb58e7905/docs/research/incoming/blueprint-revisions/FULL-PLATFORM-FEATURE-CATALOG.csv,"Preserve source stage and applicability. This is coverage allocation, not proof of implementation or a confirmed defect. Revalidate detailed owning capability before execution.",category/title coverage allocation; source stage remains controlling,"id: FEAT-229
group: Native and field
feature: iPad document integration
stage: R4
status: planned
dependency: See command and entity catalogues
quality_gate: Usability, correctness, recovery, accessibility, performance and security
claim_rule: Do not market as available before release evidence",,,,,,,,,
FEAT-230,Apple Pencil hover,planned,"[""E44""]",docs/research/incoming/blueprint-revisions/FULL-PLATFORM-FEATURE-CATALOG.csv,https://github.com/ruddvz/Arq/blob/a02ccc69e44e41324324c9482a43edbfb58e7905/docs/research/incoming/blueprint-revisions/FULL-PLATFORM-FEATURE-CATALOG.csv,"Preserve source stage and applicability. This is coverage allocation, not proof of implementation or a confirmed defect. Revalidate detailed owning capability before execution.",category/title coverage allocation; source stage remains controlling,"id: FEAT-230
group: Native and field
feature: Apple Pencil hover
stage: R4
status: planned
dependency: See command and entity catalogues
quality_gate: Usability, correctness, recovery, accessibility, performance and security
claim_rule: Do not market as available before release evidence",,,,,,,,,
FEAT-231,Apple Pencil double tap,planned,"[""E44""]",docs/research/incoming/blueprint-revisions/FULL-PLATFORM-FEATURE-CATALOG.csv,https://github.com/ruddvz/Arq/blob/a02ccc69e44e41324324c9482a43edbfb58e7905/docs/research/incoming/blueprint-revisions/FULL-PLATFORM-FEATURE-CATALOG.csv,"Preserve source stage and applicability. This is coverage allocation, not proof of implementation or a confirmed defect. Revalidate detailed owning capability before execution.",category/title coverage allocation; source stage remains controlling,"id: FEAT-231
group: Native and field
feature: Apple Pencil double tap
stage: R4
status: planned
dependency: See command and entity catalogues
quality_gate: Usability, correctness, recovery, accessibility, performance and security
claim_rule: Do not market as available before release evidence",,,,,,,,,
FEAT-232,Apple Pencil squeeze,planned,"[""E44""]",docs/research/incoming/blueprint-revisions/FULL-PLATFORM-FEATURE-CATALOG.csv,https://github.com/ruddvz/Arq/blob/a02ccc69e44e41324324c9482a43edbfb58e7905/docs/research/incoming/blueprint-revisions/FULL-PLATFORM-FEATURE-CATALOG.csv,"Preserve source stage and applicability. This is coverage allocation, not proof of implementation or a confirmed defect. Revalidate detailed owning capability before execution.",category/title coverage allocation; source stage remains controlling,"id: FEAT-232
group: Native and field
feature: Apple Pencil squeeze
stage: R4
status: planned
dependency: See command and entity catalogues
quality_gate: Usability, correctness, recovery, accessibility, performance and security
claim_rule: Do not market as available before release evidence",,,,,,,,,
FEAT-233,Pencil haptic snap,planned,"[""E44""]",docs/research/incoming/blueprint-revisions/FULL-PLATFORM-FEATURE-CATALOG.csv,https://github.com/ruddvz/Arq/blob/a02ccc69e44e41324324c9482a43edbfb58e7905/docs/research/incoming/blueprint-revisions/FULL-PLATFORM-FEATURE-CATALOG.csv,"Preserve source stage and applicability. This is coverage allocation, not proof of implementation or a confirmed defect. Revalidate detailed owning capability before execution.",category/title coverage allocation; source stage remains controlling,"id: FEAT-233
group: Native and field
feature: Pencil haptic snap
stage: R4
status: planned
dependency: See command and entity catalogues
quality_gate: Usability, correctness, recovery, accessibility, performance and security
claim_rule: Do not market as available before release evidence",,,,,,,,,
FEAT-234,RoomPlan import,planned,"[""E44""]",docs/research/incoming/blueprint-revisions/FULL-PLATFORM-FEATURE-CATALOG.csv,https://github.com/ruddvz/Arq/blob/a02ccc69e44e41324324c9482a43edbfb58e7905/docs/research/incoming/blueprint-revisions/FULL-PLATFORM-FEATURE-CATALOG.csv,"Preserve source stage and applicability. This is coverage allocation, not proof of implementation or a confirmed defect. Revalidate detailed owning capability before execution.",category/title coverage allocation; source stage remains controlling,"id: FEAT-234
group: Native and field
feature: RoomPlan import
stage: R4
status: planned
dependency: See command and entity catalogues
quality_gate: Usability, correctness, recovery, accessibility, performance and security
claim_rule: Do not market as available before release evidence",,,,,,,,,
FEAT-235,LiDAR source capture,planned,"[""E44""]",docs/research/incoming/blueprint-revisions/FULL-PLATFORM-FEATURE-CATALOG.csv,https://github.com/ruddvz/Arq/blob/a02ccc69e44e41324324c9482a43edbfb58e7905/docs/research/incoming/blueprint-revisions/FULL-PLATFORM-FEATURE-CATALOG.csv,"Preserve source stage and applicability. This is coverage allocation, not proof of implementation or a confirmed defect. Revalidate detailed owning capability before execution.",category/title coverage allocation; source stage remains controlling,"id: FEAT-235
group: Native and field
feature: LiDAR source capture
stage: R4
status: planned
dependency: See command and entity catalogues
quality_gate: Usability, correctness, recovery, accessibility, performance and security
claim_rule: Do not market as available before release evidence",,,,,,,,,
FEAT-236,Capture correction workflow,planned,"[""E44""]",docs/research/incoming/blueprint-revisions/FULL-PLATFORM-FEATURE-CATALOG.csv,https://github.com/ruddvz/Arq/blob/a02ccc69e44e41324324c9482a43edbfb58e7905/docs/research/incoming/blueprint-revisions/FULL-PLATFORM-FEATURE-CATALOG.csv,"Preserve source stage and applicability. This is coverage allocation, not proof of implementation or a confirmed defect. Revalidate detailed owning capability before execution.",category/title coverage allocation; source stage remains controlling,"id: FEAT-236
group: Native and field
feature: Capture correction workflow
stage: R4
status: planned
dependency: See command and entity catalogues
quality_gate: Usability, correctness, recovery, accessibility, performance and security
claim_rule: Do not market as available before release evidence",,,,,,,,,
FEAT-237,Phone viewer,planned,"[""E44""]",docs/research/incoming/blueprint-revisions/FULL-PLATFORM-FEATURE-CATALOG.csv,https://github.com/ruddvz/Arq/blob/a02ccc69e44e41324324c9482a43edbfb58e7905/docs/research/incoming/blueprint-revisions/FULL-PLATFORM-FEATURE-CATALOG.csv,"Preserve source stage and applicability. This is coverage allocation, not proof of implementation or a confirmed defect. Revalidate detailed owning capability before execution.",category/title coverage allocation; source stage remains controlling,"id: FEAT-237
group: Native and field
feature: Phone viewer
stage: R3
status: planned
dependency: See command and entity catalogues
quality_gate: Usability, correctness, recovery, accessibility, performance and security
claim_rule: Do not market as available before release evidence",,,,,,,,,
FEAT-238,Phone markup,planned,"[""E44""]",docs/research/incoming/blueprint-revisions/FULL-PLATFORM-FEATURE-CATALOG.csv,https://github.com/ruddvz/Arq/blob/a02ccc69e44e41324324c9482a43edbfb58e7905/docs/research/incoming/blueprint-revisions/FULL-PLATFORM-FEATURE-CATALOG.csv,"Preserve source stage and applicability. This is coverage allocation, not proof of implementation or a confirmed defect. Revalidate detailed owning capability before execution.",category/title coverage allocation; source stage remains controlling,"id: FEAT-238
group: Native and field
feature: Phone markup
stage: R3
status: planned
dependency: See command and entity catalogues
quality_gate: Usability, correctness, recovery, accessibility, performance and security
claim_rule: Do not market as available before release evidence",,,,,,,,,
FEAT-239,Offline project replica,protected,"[""E44""]",docs/research/incoming/blueprint-revisions/FULL-PLATFORM-FEATURE-CATALOG.csv,https://github.com/ruddvz/Arq/blob/a02ccc69e44e41324324c9482a43edbfb58e7905/docs/research/incoming/blueprint-revisions/FULL-PLATFORM-FEATURE-CATALOG.csv,"Preserve source stage and applicability. This is coverage allocation, not proof of implementation or a confirmed defect. Revalidate detailed owning capability before execution.",category/title coverage allocation; source stage remains controlling,"id: FEAT-239
group: Native and field
feature: Offline project replica
stage: R1
status: protected
dependency: See command and entity catalogues
quality_gate: Usability, correctness, recovery, accessibility, performance and security
claim_rule: Do not market as available before release evidence",,,,,,,,,
FEAT-240,Account settings,planned,"[""E22""]",docs/research/incoming/blueprint-revisions/FULL-PLATFORM-FEATURE-CATALOG.csv,https://github.com/ruddvz/Arq/blob/a02ccc69e44e41324324c9482a43edbfb58e7905/docs/research/incoming/blueprint-revisions/FULL-PLATFORM-FEATURE-CATALOG.csv,"Preserve source stage and applicability. This is coverage allocation, not proof of implementation or a confirmed defect. Revalidate detailed owning capability before execution.",category/title coverage allocation; source stage remains controlling,"id: FEAT-240
group: Administration and platform
feature: Account settings
stage: R2
status: planned
dependency: See command and entity catalogues
quality_gate: Usability, correctness, recovery, accessibility, performance and security
claim_rule: Do not market as available before release evidence",,,,,,,,,
FEAT-241,Workspace settings,planned,"[""E22""]",docs/research/incoming/blueprint-revisions/FULL-PLATFORM-FEATURE-CATALOG.csv,https://github.com/ruddvz/Arq/blob/a02ccc69e44e41324324c9482a43edbfb58e7905/docs/research/incoming/blueprint-revisions/FULL-PLATFORM-FEATURE-CATALOG.csv,"Preserve source stage and applicability. This is coverage allocation, not proof of implementation or a confirmed defect. Revalidate detailed owning capability before execution.",category/title coverage allocation; source stage remains controlling,"id: FEAT-241
group: Administration and platform
feature: Workspace settings
stage: R2
status: planned
dependency: See command and entity catalogues
quality_gate: Usability, correctness, recovery, accessibility, performance and security
claim_rule: Do not market as available before release evidence",,,,,,,,,
FEAT-242,Billing,planned,"[""E22""]",docs/research/incoming/blueprint-revisions/FULL-PLATFORM-FEATURE-CATALOG.csv,https://github.com/ruddvz/Arq/blob/a02ccc69e44e41324324c9482a43edbfb58e7905/docs/research/incoming/blueprint-revisions/FULL-PLATFORM-FEATURE-CATALOG.csv,"Preserve source stage and applicability. This is coverage allocation, not proof of implementation or a confirmed defect. Revalidate detailed owning capability before execution.",category/title coverage allocation; source stage remains controlling,"id: FEAT-242
group: Administration and platform
feature: Billing
stage: R3
status: planned
dependency: See command and entity catalogues
quality_gate: Usability, correctness, recovery, accessibility, performance and security
claim_rule: Do not market as available before release evidence",,,,,,,,,
FEAT-243,Usage limits,planned,"[""E22""]",docs/research/incoming/blueprint-revisions/FULL-PLATFORM-FEATURE-CATALOG.csv,https://github.com/ruddvz/Arq/blob/a02ccc69e44e41324324c9482a43edbfb58e7905/docs/research/incoming/blueprint-revisions/FULL-PLATFORM-FEATURE-CATALOG.csv,"Preserve source stage and applicability. This is coverage allocation, not proof of implementation or a confirmed defect. Revalidate detailed owning capability before execution.",category/title coverage allocation; source stage remains controlling,"id: FEAT-243
group: Administration and platform
feature: Usage limits
stage: R3
status: planned
dependency: See command and entity catalogues
quality_gate: Usability, correctness, recovery, accessibility, performance and security
claim_rule: Do not market as available before release evidence",,,,,,,,,
FEAT-244,Audit log,planned,"[""E22""]",docs/research/incoming/blueprint-revisions/FULL-PLATFORM-FEATURE-CATALOG.csv,https://github.com/ruddvz/Arq/blob/a02ccc69e44e41324324c9482a43edbfb58e7905/docs/research/incoming/blueprint-revisions/FULL-PLATFORM-FEATURE-CATALOG.csv,"Preserve source stage and applicability. This is coverage allocation, not proof of implementation or a confirmed defect. Revalidate detailed owning capability before execution.",category/title coverage allocation; source stage remains controlling,"id: FEAT-244
group: Administration and platform
feature: Audit log
stage: R3
status: planned
dependency: See command and entity catalogues
quality_gate: Usability, correctness, recovery, accessibility, performance and security
claim_rule: Do not market as available before release evidence",,,,,,,,,
FEAT-245,SSO,planned,"[""E22""]",docs/research/incoming/blueprint-revisions/FULL-PLATFORM-FEATURE-CATALOG.csv,https://github.com/ruddvz/Arq/blob/a02ccc69e44e41324324c9482a43edbfb58e7905/docs/research/incoming/blueprint-revisions/FULL-PLATFORM-FEATURE-CATALOG.csv,"Preserve source stage and applicability. This is coverage allocation, not proof of implementation or a confirmed defect. Revalidate detailed owning capability before execution.",category/title coverage allocation; source stage remains controlling,"id: FEAT-245
group: Administration and platform
feature: SSO
stage: R5
status: planned
dependency: See command and entity catalogues
quality_gate: Usability, correctness, recovery, accessibility, performance and security
claim_rule: Do not market as available before release evidence",,,,,,,,,
FEAT-246,SCIM,planned,"[""E22""]",docs/research/incoming/blueprint-revisions/FULL-PLATFORM-FEATURE-CATALOG.csv,https://github.com/ruddvz/Arq/blob/a02ccc69e44e41324324c9482a43edbfb58e7905/docs/research/incoming/blueprint-revisions/FULL-PLATFORM-FEATURE-CATALOG.csv,"Preserve source stage and applicability. This is coverage allocation, not proof of implementation or a confirmed defect. Revalidate detailed owning capability before execution.",category/title coverage allocation; source stage remains controlling,"id: FEAT-246
group: Administration and platform
feature: SCIM
stage: R5
status: planned
dependency: See command and entity catalogues
quality_gate: Usability, correctness, recovery, accessibility, performance and security
claim_rule: Do not market as available before release evidence",,,,,,,,,
FEAT-247,Regional hosting,planned,"[""E22""]",docs/research/incoming/blueprint-revisions/FULL-PLATFORM-FEATURE-CATALOG.csv,https://github.com/ruddvz/Arq/blob/a02ccc69e44e41324324c9482a43edbfb58e7905/docs/research/incoming/blueprint-revisions/FULL-PLATFORM-FEATURE-CATALOG.csv,"Preserve source stage and applicability. This is coverage allocation, not proof of implementation or a confirmed defect. Revalidate detailed owning capability before execution.",category/title coverage allocation; source stage remains controlling,"id: FEAT-247
group: Administration and platform
feature: Regional hosting
stage: R5
status: planned
dependency: See command and entity catalogues
quality_gate: Usability, correctness, recovery, accessibility, performance and security
claim_rule: Do not market as available before release evidence",,,,,,,,,
FEAT-248,API keys,planned,"[""E22""]",docs/research/incoming/blueprint-revisions/FULL-PLATFORM-FEATURE-CATALOG.csv,https://github.com/ruddvz/Arq/blob/a02ccc69e44e41324324c9482a43edbfb58e7905/docs/research/incoming/blueprint-revisions/FULL-PLATFORM-FEATURE-CATALOG.csv,"Preserve source stage and applicability. This is coverage allocation, not proof of implementation or a confirmed defect. Revalidate detailed owning capability before execution.",category/title coverage allocation; source stage remains controlling,"id: FEAT-248
group: Administration and platform
feature: API keys
stage: R4
status: planned
dependency: See command and entity catalogues
quality_gate: Usability, correctness, recovery, accessibility, performance and security
claim_rule: Do not market as available before release evidence",,,,,,,,,
FEAT-249,Webhooks,planned,"[""E22""]",docs/research/incoming/blueprint-revisions/FULL-PLATFORM-FEATURE-CATALOG.csv,https://github.com/ruddvz/Arq/blob/a02ccc69e44e41324324c9482a43edbfb58e7905/docs/research/incoming/blueprint-revisions/FULL-PLATFORM-FEATURE-CATALOG.csv,"Preserve source stage and applicability. This is coverage allocation, not proof of implementation or a confirmed defect. Revalidate detailed owning capability before execution.",category/title coverage allocation; source stage remains controlling,"id: FEAT-249
group: Administration and platform
feature: Webhooks
stage: R4
status: planned
dependency: See command and entity catalogues
quality_gate: Usability, correctness, recovery, accessibility, performance and security
claim_rule: Do not market as available before release evidence",,,,,,,,,
FEAT-250,Plugin SDK,planned,"[""E46""]",docs/research/incoming/blueprint-revisions/FULL-PLATFORM-FEATURE-CATALOG.csv,https://github.com/ruddvz/Arq/blob/a02ccc69e44e41324324c9482a43edbfb58e7905/docs/research/incoming/blueprint-revisions/FULL-PLATFORM-FEATURE-CATALOG.csv,"Preserve source stage and applicability. This is coverage allocation, not proof of implementation or a confirmed defect. Revalidate detailed owning capability before execution.",category/title coverage allocation; source stage remains controlling,"id: FEAT-250
group: Administration and platform
feature: Plugin SDK
stage: R5
status: planned
dependency: See command and entity catalogues
quality_gate: Usability, correctness, recovery, accessibility, performance and security
claim_rule: Do not market as available before release evidence",,,,,,,,,
FEAT-251,Plugin permissions,planned,"[""E46""]",docs/research/incoming/blueprint-revisions/FULL-PLATFORM-FEATURE-CATALOG.csv,https://github.com/ruddvz/Arq/blob/a02ccc69e44e41324324c9482a43edbfb58e7905/docs/research/incoming/blueprint-revisions/FULL-PLATFORM-FEATURE-CATALOG.csv,"Preserve source stage and applicability. This is coverage allocation, not proof of implementation or a confirmed defect. Revalidate detailed owning capability before execution.",category/title coverage allocation; source stage remains controlling,"id: FEAT-251
group: Administration and platform
feature: Plugin permissions
stage: R5
status: planned
dependency: See command and entity catalogues
quality_gate: Usability, correctness, recovery, accessibility, performance and security
claim_rule: Do not market as available before release evidence",,,,,,,,,
FEAT-252,Organisation templates,planned,"[""E22""]",docs/research/incoming/blueprint-revisions/FULL-PLATFORM-FEATURE-CATALOG.csv,https://github.com/ruddvz/Arq/blob/a02ccc69e44e41324324c9482a43edbfb58e7905/docs/research/incoming/blueprint-revisions/FULL-PLATFORM-FEATURE-CATALOG.csv,"Preserve source stage and applicability. This is coverage allocation, not proof of implementation or a confirmed defect. Revalidate detailed owning capability before execution.",category/title coverage allocation; source stage remains controlling,"id: FEAT-252
group: Administration and platform
feature: Organisation templates
stage: R4
status: planned
dependency: See command and entity catalogues
quality_gate: Usability, correctness, recovery, accessibility, performance and security
claim_rule: Do not market as available before release evidence",,,,,,,,,
FEAT-253,Component library administration,planned,"[""E22""]",docs/research/incoming/blueprint-revisions/FULL-PLATFORM-FEATURE-CATALOG.csv,https://github.com/ruddvz/Arq/blob/a02ccc69e44e41324324c9482a43edbfb58e7905/docs/research/incoming/blueprint-revisions/FULL-PLATFORM-FEATURE-CATALOG.csv,"Preserve source stage and applicability. This is coverage allocation, not proof of implementation or a confirmed defect. Revalidate detailed owning capability before execution.",category/title coverage allocation; source stage remains controlling,"id: FEAT-253
group: Administration and platform
feature: Component library administration
stage: R4
status: planned
dependency: See command and entity catalogues
quality_gate: Usability, correctness, recovery, accessibility, performance and security
claim_rule: Do not market as available before release evidence",,,,,,,,,
FEAT-254,Security dashboard,planned,"[""E22""]",docs/research/incoming/blueprint-revisions/FULL-PLATFORM-FEATURE-CATALOG.csv,https://github.com/ruddvz/Arq/blob/a02ccc69e44e41324324c9482a43edbfb58e7905/docs/research/incoming/blueprint-revisions/FULL-PLATFORM-FEATURE-CATALOG.csv,"Preserve source stage and applicability. This is coverage allocation, not proof of implementation or a confirmed defect. Revalidate detailed owning capability before execution.",category/title coverage allocation; source stage remains controlling,"id: FEAT-254
group: Administration and platform
feature: Security dashboard
stage: R5
status: planned
dependency: See command and entity catalogues
quality_gate: Usability, correctness, recovery, accessibility, performance and security
claim_rule: Do not market as available before release evidence",,,,,,,,,
FEAT-255,Data retention controls,planned,"[""E22""]",docs/research/incoming/blueprint-revisions/FULL-PLATFORM-FEATURE-CATALOG.csv,https://github.com/ruddvz/Arq/blob/a02ccc69e44e41324324c9482a43edbfb58e7905/docs/research/incoming/blueprint-revisions/FULL-PLATFORM-FEATURE-CATALOG.csv,"Preserve source stage and applicability. This is coverage allocation, not proof of implementation or a confirmed defect. Revalidate detailed owning capability before execution.",category/title coverage allocation; source stage remains controlling,"id: FEAT-255
group: Administration and platform
feature: Data retention controls
stage: R4
status: planned
dependency: See command and entity catalogues
quality_gate: Usability, correctness, recovery, accessibility, performance and security
claim_rule: Do not market as available before release evidence",,,,,,,,,
FEAT-256,Support bundle,planned,"[""E22""]",docs/research/incoming/blueprint-revisions/FULL-PLATFORM-FEATURE-CATALOG.csv,https://github.com/ruddvz/Arq/blob/a02ccc69e44e41324324c9482a43edbfb58e7905/docs/research/incoming/blueprint-revisions/FULL-PLATFORM-FEATURE-CATALOG.csv,"Preserve source stage and applicability. This is coverage allocation, not proof of implementation or a confirmed defect. Revalidate detailed owning capability before execution.",category/title coverage allocation; source stage remains controlling,"id: FEAT-256
group: Administration and platform
feature: Support bundle
stage: R2
status: planned
dependency: See command and entity catalogues
quality_gate: Usability, correctness, recovery, accessibility, performance and security
claim_rule: Do not market as available before release evidence",,,,,,,,,
FEAT-257,Structural analytical model,planned,"[""E46""]",docs/research/incoming/blueprint-revisions/FULL-PLATFORM-FEATURE-CATALOG.csv,https://github.com/ruddvz/Arq/blob/a02ccc69e44e41324324c9482a43edbfb58e7905/docs/research/incoming/blueprint-revisions/FULL-PLATFORM-FEATURE-CATALOG.csv,"Preserve source stage and applicability. This is coverage allocation, not proof of implementation or a confirmed defect. Revalidate detailed owning capability before execution.",category/title coverage allocation; source stage remains controlling,"id: FEAT-257
group: Structural and MEP
feature: Structural analytical model
stage: Later
status: planned
dependency: See command and entity catalogues
quality_gate: Usability, correctness, recovery, accessibility, performance and security
claim_rule: Do not market as available before release evidence",,,,,,,,,
FEAT-258,Loads and combinations,planned,"[""E46""]",docs/research/incoming/blueprint-revisions/FULL-PLATFORM-FEATURE-CATALOG.csv,https://github.com/ruddvz/Arq/blob/a02ccc69e44e41324324c9482a43edbfb58e7905/docs/research/incoming/blueprint-revisions/FULL-PLATFORM-FEATURE-CATALOG.csv,"Preserve source stage and applicability. This is coverage allocation, not proof of implementation or a confirmed defect. Revalidate detailed owning capability before execution.",category/title coverage allocation; source stage remains controlling,"id: FEAT-258
group: Structural and MEP
feature: Loads and combinations
stage: Later
status: planned
dependency: See command and entity catalogues
quality_gate: Usability, correctness, recovery, accessibility, performance and security
claim_rule: Do not market as available before release evidence",,,,,,,,,
FEAT-259,Structural analysis,planned,"[""E42""]",docs/research/incoming/blueprint-revisions/FULL-PLATFORM-FEATURE-CATALOG.csv,https://github.com/ruddvz/Arq/blob/a02ccc69e44e41324324c9482a43edbfb58e7905/docs/research/incoming/blueprint-revisions/FULL-PLATFORM-FEATURE-CATALOG.csv,"Preserve source stage and applicability. This is coverage allocation, not proof of implementation or a confirmed defect. Revalidate detailed owning capability before execution.",category/title coverage allocation; source stage remains controlling,"id: FEAT-259
group: Structural and MEP
feature: Structural analysis
stage: Not planned
status: planned
dependency: See command and entity catalogues
quality_gate: Usability, correctness, recovery, accessibility, performance and security
claim_rule: Do not market as available before release evidence",,,,,,,,,
FEAT-260,Duct authoring,planned,"[""E46""]",docs/research/incoming/blueprint-revisions/FULL-PLATFORM-FEATURE-CATALOG.csv,https://github.com/ruddvz/Arq/blob/a02ccc69e44e41324324c9482a43edbfb58e7905/docs/research/incoming/blueprint-revisions/FULL-PLATFORM-FEATURE-CATALOG.csv,"Preserve source stage and applicability. This is coverage allocation, not proof of implementation or a confirmed defect. Revalidate detailed owning capability before execution.",category/title coverage allocation; source stage remains controlling,"id: FEAT-260
group: Structural and MEP
feature: Duct authoring
stage: Later
status: planned
dependency: See command and entity catalogues
quality_gate: Usability, correctness, recovery, accessibility, performance and security
claim_rule: Do not market as available before release evidence",,,,,,,,,
FEAT-261,Pipe authoring,planned,"[""E46""]",docs/research/incoming/blueprint-revisions/FULL-PLATFORM-FEATURE-CATALOG.csv,https://github.com/ruddvz/Arq/blob/a02ccc69e44e41324324c9482a43edbfb58e7905/docs/research/incoming/blueprint-revisions/FULL-PLATFORM-FEATURE-CATALOG.csv,"Preserve source stage and applicability. This is coverage allocation, not proof of implementation or a confirmed defect. Revalidate detailed owning capability before execution.",category/title coverage allocation; source stage remains controlling,"id: FEAT-261
group: Structural and MEP
feature: Pipe authoring
stage: Later
status: planned
dependency: See command and entity catalogues
quality_gate: Usability, correctness, recovery, accessibility, performance and security
claim_rule: Do not market as available before release evidence",,,,,,,,,
FEAT-262,Electrical circuits,planned,"[""E46""]",docs/research/incoming/blueprint-revisions/FULL-PLATFORM-FEATURE-CATALOG.csv,https://github.com/ruddvz/Arq/blob/a02ccc69e44e41324324c9482a43edbfb58e7905/docs/research/incoming/blueprint-revisions/FULL-PLATFORM-FEATURE-CATALOG.csv,"Preserve source stage and applicability. This is coverage allocation, not proof of implementation or a confirmed defect. Revalidate detailed owning capability before execution.",category/title coverage allocation; source stage remains controlling,"id: FEAT-262
group: Structural and MEP
feature: Electrical circuits
stage: Later
status: planned
dependency: See command and entity catalogues
quality_gate: Usability, correctness, recovery, accessibility, performance and security
claim_rule: Do not market as available before release evidence",,,,,,,,,
FEAT-263,MEP sizing,planned,"[""E46""]",docs/research/incoming/blueprint-revisions/FULL-PLATFORM-FEATURE-CATALOG.csv,https://github.com/ruddvz/Arq/blob/a02ccc69e44e41324324c9482a43edbfb58e7905/docs/research/incoming/blueprint-revisions/FULL-PLATFORM-FEATURE-CATALOG.csv,"Preserve source stage and applicability. This is coverage allocation, not proof of implementation or a confirmed defect. Revalidate detailed owning capability before execution.",category/title coverage allocation; source stage remains controlling,"id: FEAT-263
group: Structural and MEP
feature: MEP sizing
stage: Not planned
status: planned
dependency: See command and entity catalogues
quality_gate: Usability, correctness, recovery, accessibility, performance and security
claim_rule: Do not market as available before release evidence",,,,,,,,,
FEAT-264,Clash detection,planned,"[""E46""]",docs/research/incoming/blueprint-revisions/FULL-PLATFORM-FEATURE-CATALOG.csv,https://github.com/ruddvz/Arq/blob/a02ccc69e44e41324324c9482a43edbfb58e7905/docs/research/incoming/blueprint-revisions/FULL-PLATFORM-FEATURE-CATALOG.csv,"Preserve source stage and applicability. This is coverage allocation, not proof of implementation or a confirmed defect. Revalidate detailed owning capability before execution.",category/title coverage allocation; source stage remains controlling,"id: FEAT-264
group: Structural and MEP
feature: Clash detection
stage: R5
status: planned
dependency: See command and entity catalogues
quality_gate: Usability, correctness, recovery, accessibility, performance and security
claim_rule: Do not market as available before release evidence",,,,,,,,,
FEAT-265,Fabrication detail,planned,"[""E46""]",docs/research/incoming/blueprint-revisions/FULL-PLATFORM-FEATURE-CATALOG.csv,https://github.com/ruddvz/Arq/blob/a02ccc69e44e41324324c9482a43edbfb58e7905/docs/research/incoming/blueprint-revisions/FULL-PLATFORM-FEATURE-CATALOG.csv,"Preserve source stage and applicability. This is coverage allocation, not proof of implementation or a confirmed defect. Revalidate detailed owning capability before execution.",category/title coverage allocation; source stage remains controlling,"id: FEAT-265
group: Structural and MEP
feature: Fabrication detail
stage: Not planned
status: planned
dependency: See command and entity catalogues
quality_gate: Usability, correctness, recovery, accessibility, performance and security
claim_rule: Do not market as available before release evidence",,,,,,,,,
