id,title,state,phases,source,url,disposition,routing_basis,body,head,base,head_branch,base_branch,ahead_main,behind_main,file_count,files,failed_checks
ARQ-001,docs: add complete blueprint v1.0,historical requirement; revalidate,"[""E00""]",backlog/issues/001-docs-add-complete-blueprint-v1-0.md,https://github.com/ruddvz/Arq/blob/a02ccc69e44e41324324c9482a43edbfb58e7905/backlog/issues/001-docs-add-complete-blueprint-v1-0.md,Reuse existing implementation and linked issues; preserve original dependencies and acceptance; do not reopen simply because this plan lists it.,explicit historic work-family allocation,"# docs: add complete blueprint v1.0

**Issue ID:** ARQ-001
**Phase:** Phase 0
**Epic:** Documentation
**Priority:** critical
**Suggested labels:** type: feature, area: docs, priority: critical, state: ready
**Dependencies:** None

## Problem

Complete this task as part of the ordered Arq implementation plan. The implementation
must follow the complete blueprint and approved ADRs.

## Scope

Add complete blueprint v1.0.

## Non-goals

- Do not expand into later release scope.
- Do not introduce unreviewed dependencies.
- Do not couple project semantics to renderer or external-format classes.

## Acceptance criteria

- [ ] The scope and non-goals are documented.
- [ ] The result is reviewed against the complete blueprint.
- [ ] Tests or evidence appropriate to the task are included.
- [ ] New dependencies and licence effects are recorded.

## Evidence

Attach tests, screenshots, recordings, benchmark output or research notes as relevant.

## Documentation

Update the appropriate package specification and ADR if the task changes a decision.
",,,,,,,,,
ARQ-002,docs: add ADR template,historical requirement; revalidate,"[""E00""]",backlog/issues/002-docs-add-adr-template.md,https://github.com/ruddvz/Arq/blob/a02ccc69e44e41324324c9482a43edbfb58e7905/backlog/issues/002-docs-add-adr-template.md,Reuse existing implementation and linked issues; preserve original dependencies and acceptance; do not reopen simply because this plan lists it.,explicit historic work-family allocation,"# docs: add ADR template

**Issue ID:** ARQ-002
**Phase:** Phase 0
**Epic:** Documentation
**Priority:** critical
**Suggested labels:** type: feature, area: docs, priority: critical, state: ready
**Dependencies:** ARQ-001

## Problem

Complete this task as part of the ordered Arq implementation plan. The implementation
must follow the complete blueprint and approved ADRs.

## Scope

Add adr template.

## Non-goals

- Do not expand into later release scope.
- Do not introduce unreviewed dependencies.
- Do not couple project semantics to renderer or external-format classes.

## Acceptance criteria

- [ ] The scope and non-goals are documented.
- [ ] The result is reviewed against the complete blueprint.
- [ ] Tests or evidence appropriate to the task are included.
- [ ] New dependencies and licence effects are recorded.

## Evidence

Attach tests, screenshots, recordings, benchmark output or research notes as relevant.

## Documentation

Update the appropriate package specification and ADR if the task changes a decision.
",,,,,,,,,
ARQ-003,docs: add dependency and licence policy,historical requirement; revalidate,"[""E00""]",backlog/issues/003-docs-add-dependency-and-licence-policy.md,https://github.com/ruddvz/Arq/blob/a02ccc69e44e41324324c9482a43edbfb58e7905/backlog/issues/003-docs-add-dependency-and-licence-policy.md,Reuse existing implementation and linked issues; preserve original dependencies and acceptance; do not reopen simply because this plan lists it.,explicit historic work-family allocation,"# docs: add dependency and licence policy

**Issue ID:** ARQ-003
**Phase:** Phase 0
**Epic:** Documentation
**Priority:** critical
**Suggested labels:** type: feature, area: docs, priority: critical, state: ready
**Dependencies:** ARQ-002

## Problem

Complete this task as part of the ordered Arq implementation plan. The implementation
must follow the complete blueprint and approved ADRs.

## Scope

Add dependency and licence policy.

## Non-goals

- Do not expand into later release scope.
- Do not introduce unreviewed dependencies.
- Do not couple project semantics to renderer or external-format classes.

## Acceptance criteria

- [ ] The scope and non-goals are documented.
- [ ] The result is reviewed against the complete blueprint.
- [ ] Tests or evidence appropriate to the task are included.
- [ ] New dependencies and licence effects are recorded.

## Evidence

Attach tests, screenshots, recordings, benchmark output or research notes as relevant.

## Documentation

Update the appropriate package specification and ADR if the task changes a decision.
",,,,,,,,,
ARQ-004,research: create architect interview guide,historical requirement; revalidate,"[""E01""]",backlog/issues/004-research-create-architect-interview-guide.md,https://github.com/ruddvz/Arq/blob/a02ccc69e44e41324324c9482a43edbfb58e7905/backlog/issues/004-research-create-architect-interview-guide.md,Reuse existing implementation and linked issues; preserve original dependencies and acceptance; do not reopen simply because this plan lists it.,explicit historic work-family allocation,"# research: create architect interview guide

**Issue ID:** ARQ-004
**Phase:** Phase 0
**Epic:** Research
**Priority:** critical
**Suggested labels:** type: research, area: research, priority: critical, state: ready
**Dependencies:** ARQ-003

## Problem

Complete this task as part of the ordered Arq implementation plan. The implementation
must follow the complete blueprint and approved ADRs.

## Scope

Create architect interview guide.

## Non-goals

- Do not expand into later release scope.
- Do not introduce unreviewed dependencies.
- Do not couple project semantics to renderer or external-format classes.

## Acceptance criteria

- [ ] The scope and non-goals are documented.
- [ ] The result is reviewed against the complete blueprint.
- [ ] Tests or evidence appropriate to the task are included.
- [ ] New dependencies and licence effects are recorded.

## Evidence

Attach tests, screenshots, recordings, benchmark output or research notes as relevant.

## Documentation

Update the appropriate package specification and ADR if the task changes a decision.
",,,,,,,,,
ARQ-005,research: create workflow synthesis template,historical requirement; revalidate,"[""E01""]",backlog/issues/005-research-create-workflow-synthesis-template.md,https://github.com/ruddvz/Arq/blob/a02ccc69e44e41324324c9482a43edbfb58e7905/backlog/issues/005-research-create-workflow-synthesis-template.md,Reuse existing implementation and linked issues; preserve original dependencies and acceptance; do not reopen simply because this plan lists it.,explicit historic work-family allocation,"# research: create workflow synthesis template

**Issue ID:** ARQ-005
**Phase:** Phase 0
**Epic:** Research
**Priority:** critical
**Suggested labels:** type: research, area: research, priority: critical, state: ready
**Dependencies:** ARQ-004

## Problem

Complete this task as part of the ordered Arq implementation plan. The implementation
must follow the complete blueprint and approved ADRs.

## Scope

Create workflow synthesis template.

## Non-goals

- Do not expand into later release scope.
- Do not introduce unreviewed dependencies.
- Do not couple project semantics to renderer or external-format classes.

## Acceptance criteria

- [ ] The scope and non-goals are documented.
- [ ] The result is reviewed against the complete blueprint.
- [ ] Tests or evidence appropriate to the task are included.
- [ ] New dependencies and licence effects are recorded.

## Evidence

Attach tests, screenshots, recordings, benchmark output or research notes as relevant.

## Documentation

Update the appropriate package specification and ADR if the task changes a decision.
",,,,,,,,,
ARQ-006,research: conduct first six architect interviews,historical requirement; revalidate,"[""E01""]",backlog/issues/006-research-conduct-first-six-architect-interviews.md,https://github.com/ruddvz/Arq/blob/a02ccc69e44e41324324c9482a43edbfb58e7905/backlog/issues/006-research-conduct-first-six-architect-interviews.md,Reuse existing implementation and linked issues; preserve original dependencies and acceptance; do not reopen simply because this plan lists it.,explicit historic work-family allocation,"# research: conduct first six architect interviews

**Issue ID:** ARQ-006
**Phase:** Phase 0
**Epic:** Research
**Priority:** critical
**Suggested labels:** type: research, area: research, priority: critical, state: ready
**Dependencies:** ARQ-005

## Problem

Complete this task as part of the ordered Arq implementation plan. The implementation
must follow the complete blueprint and approved ADRs.

## Scope

Conduct first six architect interviews.

## Non-goals

- Do not expand into later release scope.
- Do not introduce unreviewed dependencies.
- Do not couple project semantics to renderer or external-format classes.

## Acceptance criteria

- [ ] The scope and non-goals are documented.
- [ ] The result is reviewed against the complete blueprint.
- [ ] Tests or evidence appropriate to the task are included.
- [ ] New dependencies and licence effects are recorded.

## Evidence

Attach tests, screenshots, recordings, benchmark output or research notes as relevant.

## Documentation

Update the appropriate package specification and ADR if the task changes a decision.
",,,,,,,,,
ARQ-007,research: conduct second six architect interviews,historical requirement; revalidate,"[""E01""]",backlog/issues/007-research-conduct-second-six-architect-interviews.md,https://github.com/ruddvz/Arq/blob/a02ccc69e44e41324324c9482a43edbfb58e7905/backlog/issues/007-research-conduct-second-six-architect-interviews.md,Reuse existing implementation and linked issues; preserve original dependencies and acceptance; do not reopen simply because this plan lists it.,explicit historic work-family allocation,"# research: conduct second six architect interviews

**Issue ID:** ARQ-007
**Phase:** Phase 0
**Epic:** Research
**Priority:** critical
**Suggested labels:** type: research, area: research, priority: critical, state: ready
**Dependencies:** ARQ-006

## Problem

Complete this task as part of the ordered Arq implementation plan. The implementation
must follow the complete blueprint and approved ADRs.

## Scope

Conduct second six architect interviews.

## Non-goals

- Do not expand into later release scope.
- Do not introduce unreviewed dependencies.
- Do not couple project semantics to renderer or external-format classes.

## Acceptance criteria

- [ ] The scope and non-goals are documented.
- [ ] The result is reviewed against the complete blueprint.
- [ ] Tests or evidence appropriate to the task are included.
- [ ] New dependencies and licence effects are recorded.

## Evidence

Attach tests, screenshots, recordings, benchmark output or research notes as relevant.

## Documentation

Update the appropriate package specification and ADR if the task changes a decision.
",,,,,,,,,
ARQ-008,research: map competitor residential plan workflow,historical requirement; revalidate,"[""E01""]",backlog/issues/008-research-map-competitor-residential-plan-workflow.md,https://github.com/ruddvz/Arq/blob/a02ccc69e44e41324324c9482a43edbfb58e7905/backlog/issues/008-research-map-competitor-residential-plan-workflow.md,Reuse existing implementation and linked issues; preserve original dependencies and acceptance; do not reopen simply because this plan lists it.,explicit historic work-family allocation,"# research: map competitor residential plan workflow

**Issue ID:** ARQ-008
**Phase:** Phase 0
**Epic:** Research
**Priority:** critical
**Suggested labels:** type: research, area: research, priority: critical, state: ready
**Dependencies:** ARQ-007

## Problem

Complete this task as part of the ordered Arq implementation plan. The implementation
must follow the complete blueprint and approved ADRs.

## Scope

Map competitor residential plan workflow.

## Non-goals

- Do not expand into later release scope.
- Do not introduce unreviewed dependencies.
- Do not couple project semantics to renderer or external-format classes.

## Acceptance criteria

- [ ] The scope and non-goals are documented.
- [ ] The result is reviewed against the complete blueprint.
- [ ] Tests or evidence appropriate to the task are included.
- [ ] New dependencies and licence effects are recorded.

## Evidence

Attach tests, screenshots, recordings, benchmark output or research notes as relevant.

## Documentation

Update the appropriate package specification and ADR if the task changes a decision.
",,,,,,,,,
ARQ-009,research: document browser and iPad support matrix,historical requirement; revalidate,"[""E22""]",backlog/issues/009-research-document-browser-and-ipad-support-matrix.md,https://github.com/ruddvz/Arq/blob/a02ccc69e44e41324324c9482a43edbfb58e7905/backlog/issues/009-research-document-browser-and-ipad-support-matrix.md,Reuse existing implementation and linked issues; preserve original dependencies and acceptance; do not reopen simply because this plan lists it.,explicit historic work-family allocation,"# research: document browser and iPad support matrix

**Issue ID:** ARQ-009
**Phase:** Phase 0
**Epic:** Research
**Priority:** critical
**Suggested labels:** type: research, area: research, priority: critical, state: ready
**Dependencies:** ARQ-008

## Problem

Complete this task as part of the ordered Arq implementation plan. The implementation
must follow the complete blueprint and approved ADRs.

## Scope

Document browser and ipad support matrix.

## Non-goals

- Do not expand into later release scope.
- Do not introduce unreviewed dependencies.
- Do not couple project semantics to renderer or external-format classes.

## Acceptance criteria

- [ ] The scope and non-goals are documented.
- [ ] The result is reviewed against the complete blueprint.
- [ ] Tests or evidence appropriate to the task are included.
- [ ] New dependencies and licence effects are recorded.

## Evidence

Attach tests, screenshots, recordings, benchmark output or research notes as relevant.

## Documentation

Update the appropriate package specification and ADR if the task changes a decision.
",,,,,,,,,
ARQ-010,legal: complete Arq working-name clearance,historical requirement; revalidate,"[""E26""]",backlog/issues/010-legal-complete-arq-working-name-clearance.md,https://github.com/ruddvz/Arq/blob/a02ccc69e44e41324324c9482a43edbfb58e7905/backlog/issues/010-legal-complete-arq-working-name-clearance.md,Reuse existing implementation and linked issues; preserve original dependencies and acceptance; do not reopen simply because this plan lists it.,explicit historic work-family allocation,"# legal: complete Arq working-name clearance

**Issue ID:** ARQ-010
**Phase:** Phase 0
**Epic:** Legal and governance
**Priority:** critical
**Suggested labels:** type: feature, area: legal, priority: critical, state: ready
**Dependencies:** ARQ-009

## Problem

Complete this task as part of the ordered Arq implementation plan. The implementation
must follow the complete blueprint and approved ADRs.

## Scope

Complete arq working-name clearance.

## Non-goals

- Do not expand into later release scope.
- Do not introduce unreviewed dependencies.
- Do not couple project semantics to renderer or external-format classes.

## Acceptance criteria

- [ ] The scope and non-goals are documented.
- [ ] The result is reviewed against the complete blueprint.
- [ ] Tests or evidence appropriate to the task are included.
- [ ] New dependencies and licence effects are recorded.

## Evidence

Attach tests, screenshots, recordings, benchmark output or research notes as relevant.

## Documentation

Update the appropriate package specification and ADR if the task changes a decision.
",,,,,,,,,
ARQ-011,chore: initialise pnpm monorepo,historical requirement; revalidate,"[""E28""]",backlog/issues/011-chore-initialise-pnpm-monorepo.md,https://github.com/ruddvz/Arq/blob/a02ccc69e44e41324324c9482a43edbfb58e7905/backlog/issues/011-chore-initialise-pnpm-monorepo.md,Reuse existing implementation and linked issues; preserve original dependencies and acceptance; do not reopen simply because this plan lists it.,explicit historic work-family allocation,"# chore: initialise pnpm monorepo

**Issue ID:** ARQ-011
**Phase:** Phase 0
**Epic:** Repository foundation
**Priority:** critical
**Suggested labels:** type: feature, area: chore, priority: critical, state: ready
**Dependencies:** ARQ-010

## Problem

Complete this task as part of the ordered Arq implementation plan. The implementation
must follow the complete blueprint and approved ADRs.

## Scope

Initialise pnpm monorepo.

## Non-goals

- Do not expand into later release scope.
- Do not introduce unreviewed dependencies.
- Do not couple project semantics to renderer or external-format classes.

## Acceptance criteria

- [ ] The scope and non-goals are documented.
- [ ] The result is reviewed against the complete blueprint.
- [ ] Tests or evidence appropriate to the task are included.
- [ ] New dependencies and licence effects are recorded.

## Evidence

Attach tests, screenshots, recordings, benchmark output or research notes as relevant.

## Documentation

Update the appropriate package specification and ADR if the task changes a decision.
",,,,,,,,,
ARQ-012,chore: enable TypeScript strict mode,historical requirement; revalidate,"[""E28""]",backlog/issues/012-chore-enable-typescript-strict-mode.md,https://github.com/ruddvz/Arq/blob/a02ccc69e44e41324324c9482a43edbfb58e7905/backlog/issues/012-chore-enable-typescript-strict-mode.md,Reuse existing implementation and linked issues; preserve original dependencies and acceptance; do not reopen simply because this plan lists it.,explicit historic work-family allocation,"# chore: enable TypeScript strict mode

**Issue ID:** ARQ-012
**Phase:** Phase 0
**Epic:** Repository foundation
**Priority:** critical
**Suggested labels:** type: feature, area: chore, priority: critical, state: ready
**Dependencies:** ARQ-011

## Problem

Complete this task as part of the ordered Arq implementation plan. The implementation
must follow the complete blueprint and approved ADRs.

## Scope

Enable typescript strict mode.

## Non-goals

- Do not expand into later release scope.
- Do not introduce unreviewed dependencies.
- Do not couple project semantics to renderer or external-format classes.

## Acceptance criteria

- [ ] The scope and non-goals are documented.
- [ ] The result is reviewed against the complete blueprint.
- [ ] Tests or evidence appropriate to the task are included.
- [ ] New dependencies and licence effects are recorded.

## Evidence

Attach tests, screenshots, recordings, benchmark output or research notes as relevant.

## Documentation

Update the appropriate package specification and ADR if the task changes a decision.
",,,,,,,,,
ARQ-013,chore: configure formatting and linting,historical requirement; revalidate,"[""E28""]",backlog/issues/013-chore-configure-formatting-and-linting.md,https://github.com/ruddvz/Arq/blob/a02ccc69e44e41324324c9482a43edbfb58e7905/backlog/issues/013-chore-configure-formatting-and-linting.md,Reuse existing implementation and linked issues; preserve original dependencies and acceptance; do not reopen simply because this plan lists it.,explicit historic work-family allocation,"# chore: configure formatting and linting

**Issue ID:** ARQ-013
**Phase:** Phase 0
**Epic:** Repository foundation
**Priority:** critical
**Suggested labels:** type: feature, area: chore, priority: critical, state: ready
**Dependencies:** ARQ-012

## Problem

Complete this task as part of the ordered Arq implementation plan. The implementation
must follow the complete blueprint and approved ADRs.

## Scope

Configure formatting and linting.

## Non-goals

- Do not expand into later release scope.
- Do not introduce unreviewed dependencies.
- Do not couple project semantics to renderer or external-format classes.

## Acceptance criteria

- [ ] The scope and non-goals are documented.
- [ ] The result is reviewed against the complete blueprint.
- [ ] Tests or evidence appropriate to the task are included.
- [ ] New dependencies and licence effects are recorded.

## Evidence

Attach tests, screenshots, recordings, benchmark output or research notes as relevant.

## Documentation

Update the appropriate package specification and ADR if the task changes a decision.
",,,,,,,,,
ARQ-014,chore: configure unit and property test runners,historical requirement; revalidate,"[""E28""]",backlog/issues/014-chore-configure-unit-and-property-test-runners.md,https://github.com/ruddvz/Arq/blob/a02ccc69e44e41324324c9482a43edbfb58e7905/backlog/issues/014-chore-configure-unit-and-property-test-runners.md,Reuse existing implementation and linked issues; preserve original dependencies and acceptance; do not reopen simply because this plan lists it.,explicit historic work-family allocation,"# chore: configure unit and property test runners

**Issue ID:** ARQ-014
**Phase:** Phase 0
**Epic:** Repository foundation
**Priority:** critical
**Suggested labels:** type: feature, area: chore, priority: critical, state: ready
**Dependencies:** ARQ-013

## Problem

Complete this task as part of the ordered Arq implementation plan. The implementation
must follow the complete blueprint and approved ADRs.

## Scope

Configure unit and property test runners.

## Non-goals

- Do not expand into later release scope.
- Do not introduce unreviewed dependencies.
- Do not couple project semantics to renderer or external-format classes.

## Acceptance criteria

- [ ] The scope and non-goals are documented.
- [ ] The result is reviewed against the complete blueprint.
- [ ] Tests or evidence appropriate to the task are included.
- [ ] New dependencies and licence effects are recorded.

## Evidence

Attach tests, screenshots, recordings, benchmark output or research notes as relevant.

## Documentation

Update the appropriate package specification and ADR if the task changes a decision.
",,,,,,,,,
ARQ-015,chore: add pull request and issue templates,historical requirement; revalidate,"[""E28""]",backlog/issues/015-chore-add-pull-request-and-issue-templates.md,https://github.com/ruddvz/Arq/blob/a02ccc69e44e41324324c9482a43edbfb58e7905/backlog/issues/015-chore-add-pull-request-and-issue-templates.md,Reuse existing implementation and linked issues; preserve original dependencies and acceptance; do not reopen simply because this plan lists it.,explicit historic work-family allocation,"# chore: add pull request and issue templates

**Issue ID:** ARQ-015
**Phase:** Phase 0
**Epic:** Repository foundation
**Priority:** critical
**Suggested labels:** type: feature, area: chore, priority: critical, state: ready
**Dependencies:** ARQ-014

## Problem

Complete this task as part of the ordered Arq implementation plan. The implementation
must follow the complete blueprint and approved ADRs.

## Scope

Add pull request and issue templates.

## Non-goals

- Do not expand into later release scope.
- Do not introduce unreviewed dependencies.
- Do not couple project semantics to renderer or external-format classes.

## Acceptance criteria

- [ ] The scope and non-goals are documented.
- [ ] The result is reviewed against the complete blueprint.
- [ ] Tests or evidence appropriate to the task are included.
- [ ] New dependencies and licence effects are recorded.

## Evidence

Attach tests, screenshots, recordings, benchmark output or research notes as relevant.

## Documentation

Update the appropriate package specification and ADR if the task changes a decision.
",,,,,,,,,
ARQ-016,chore: add SBOM and licence scan,historical requirement; revalidate,"[""E28""]",backlog/issues/016-chore-add-sbom-and-licence-scan.md,https://github.com/ruddvz/Arq/blob/a02ccc69e44e41324324c9482a43edbfb58e7905/backlog/issues/016-chore-add-sbom-and-licence-scan.md,Reuse existing implementation and linked issues; preserve original dependencies and acceptance; do not reopen simply because this plan lists it.,explicit historic work-family allocation,"# chore: add SBOM and licence scan

**Issue ID:** ARQ-016
**Phase:** Phase 0
**Epic:** Repository foundation
**Priority:** critical
**Suggested labels:** type: feature, area: chore, priority: critical, state: ready
**Dependencies:** ARQ-015

## Problem

Complete this task as part of the ordered Arq implementation plan. The implementation
must follow the complete blueprint and approved ADRs.

## Scope

Add sbom and licence scan.

## Non-goals

- Do not expand into later release scope.
- Do not introduce unreviewed dependencies.
- Do not couple project semantics to renderer or external-format classes.

## Acceptance criteria

- [ ] The scope and non-goals are documented.
- [ ] The result is reviewed against the complete blueprint.
- [ ] Tests or evidence appropriate to the task are included.
- [ ] New dependencies and licence effects are recorded.

## Evidence

Attach tests, screenshots, recordings, benchmark output or research notes as relevant.

## Documentation

Update the appropriate package specification and ADR if the task changes a decision.
",,,,,,,,,
ARQ-017,chore: add dependency update automation,historical requirement; revalidate,"[""E28""]",backlog/issues/017-chore-add-dependency-update-automation.md,https://github.com/ruddvz/Arq/blob/a02ccc69e44e41324324c9482a43edbfb58e7905/backlog/issues/017-chore-add-dependency-update-automation.md,Reuse existing implementation and linked issues; preserve original dependencies and acceptance; do not reopen simply because this plan lists it.,explicit historic work-family allocation,"# chore: add dependency update automation

**Issue ID:** ARQ-017
**Phase:** Phase 0
**Epic:** Repository foundation
**Priority:** critical
**Suggested labels:** type: feature, area: chore, priority: critical, state: ready
**Dependencies:** ARQ-016

## Problem

Complete this task as part of the ordered Arq implementation plan. The implementation
must follow the complete blueprint and approved ADRs.

## Scope

Add dependency update automation.

## Non-goals

- Do not expand into later release scope.
- Do not introduce unreviewed dependencies.
- Do not couple project semantics to renderer or external-format classes.

## Acceptance criteria

- [ ] The scope and non-goals are documented.
- [ ] The result is reviewed against the complete blueprint.
- [ ] Tests or evidence appropriate to the task are included.
- [ ] New dependencies and licence effects are recorded.

## Evidence

Attach tests, screenshots, recordings, benchmark output or research notes as relevant.

## Documentation

Update the appropriate package specification and ADR if the task changes a decision.
",,,,,,,,,
ARQ-018,design: create monochrome tokens,historical requirement; revalidate,"[""E10""]",backlog/issues/018-design-create-monochrome-tokens.md,https://github.com/ruddvz/Arq/blob/a02ccc69e44e41324324c9482a43edbfb58e7905/backlog/issues/018-design-create-monochrome-tokens.md,Reuse existing implementation and linked issues; preserve original dependencies and acceptance; do not reopen simply because this plan lists it.,explicit historic work-family allocation,"# design: create monochrome tokens

**Issue ID:** ARQ-018
**Phase:** Phase 0
**Epic:** Design system
**Priority:** critical
**Suggested labels:** type: feature, area: design, priority: critical, state: ready
**Dependencies:** ARQ-017

## Problem

Complete this task as part of the ordered Arq implementation plan. The implementation
must follow the complete blueprint and approved ADRs.

## Scope

Create monochrome tokens.

## Non-goals

- Do not expand into later release scope.
- Do not introduce unreviewed dependencies.
- Do not couple project semantics to renderer or external-format classes.

## Acceptance criteria

- [ ] The scope and non-goals are documented.
- [ ] The result is reviewed against the complete blueprint.
- [ ] Tests or evidence appropriate to the task are included.
- [ ] New dependencies and licence effects are recorded.
- [ ] Default, hover, active, disabled and error states are covered.
- [ ] Keyboard focus and iPad touch behaviour are specified.

## Evidence

Attach tests, screenshots, recordings, benchmark output or research notes as relevant.

## Documentation

Update the appropriate package specification and ADR if the task changes a decision.
",,,,,,,,,
ARQ-019,design: create typography tokens,historical requirement; revalidate,"[""E10""]",backlog/issues/019-design-create-typography-tokens.md,https://github.com/ruddvz/Arq/blob/a02ccc69e44e41324324c9482a43edbfb58e7905/backlog/issues/019-design-create-typography-tokens.md,Reuse existing implementation and linked issues; preserve original dependencies and acceptance; do not reopen simply because this plan lists it.,explicit historic work-family allocation,"# design: create typography tokens

**Issue ID:** ARQ-019
**Phase:** Phase 0
**Epic:** Design system
**Priority:** critical
**Suggested labels:** type: feature, area: design, priority: critical, state: ready
**Dependencies:** ARQ-018

## Problem

Complete this task as part of the ordered Arq implementation plan. The implementation
must follow the complete blueprint and approved ADRs.

## Scope

Create typography tokens.

## Non-goals

- Do not expand into later release scope.
- Do not introduce unreviewed dependencies.
- Do not couple project semantics to renderer or external-format classes.

## Acceptance criteria

- [ ] The scope and non-goals are documented.
- [ ] The result is reviewed against the complete blueprint.
- [ ] Tests or evidence appropriate to the task are included.
- [ ] New dependencies and licence effects are recorded.
- [ ] Default, hover, active, disabled and error states are covered.
- [ ] Keyboard focus and iPad touch behaviour are specified.

## Evidence

Attach tests, screenshots, recordings, benchmark output or research notes as relevant.

## Documentation

Update the appropriate package specification and ADR if the task changes a decision.
",,,,,,,,,
ARQ-020,design: create icon package,historical requirement; revalidate,"[""E10""]",backlog/issues/020-design-create-icon-package.md,https://github.com/ruddvz/Arq/blob/a02ccc69e44e41324324c9482a43edbfb58e7905/backlog/issues/020-design-create-icon-package.md,Reuse existing implementation and linked issues; preserve original dependencies and acceptance; do not reopen simply because this plan lists it.,explicit historic work-family allocation,"# design: create icon package

**Issue ID:** ARQ-020
**Phase:** Phase 0
**Epic:** Design system
**Priority:** critical
**Suggested labels:** type: feature, area: design, priority: critical, state: ready
**Dependencies:** ARQ-019

## Problem

Complete this task as part of the ordered Arq implementation plan. The implementation
must follow the complete blueprint and approved ADRs.

## Scope

Create icon package.

## Non-goals

- Do not expand into later release scope.
- Do not introduce unreviewed dependencies.
- Do not couple project semantics to renderer or external-format classes.

## Acceptance criteria

- [ ] The scope and non-goals are documented.
- [ ] The result is reviewed against the complete blueprint.
- [ ] Tests or evidence appropriate to the task are included.
- [ ] New dependencies and licence effects are recorded.
- [ ] Default, hover, active, disabled and error states are covered.
- [ ] Keyboard focus and iPad touch behaviour are specified.

## Evidence

Attach tests, screenshots, recordings, benchmark output or research notes as relevant.

## Documentation

Update the appropriate package specification and ADR if the task changes a decision.
",,,,,,,,,
ARQ-021,design: draw first 20 technical icons,historical requirement; revalidate,"[""E10""]",backlog/issues/021-design-draw-first-20-technical-icons.md,https://github.com/ruddvz/Arq/blob/a02ccc69e44e41324324c9482a43edbfb58e7905/backlog/issues/021-design-draw-first-20-technical-icons.md,Reuse existing implementation and linked issues; preserve original dependencies and acceptance; do not reopen simply because this plan lists it.,explicit historic work-family allocation,"# design: draw first 20 technical icons

**Issue ID:** ARQ-021
**Phase:** Phase 0
**Epic:** Design system
**Priority:** critical
**Suggested labels:** type: feature, area: design, priority: critical, state: ready
**Dependencies:** ARQ-020

## Problem

Complete this task as part of the ordered Arq implementation plan. The implementation
must follow the complete blueprint and approved ADRs.

## Scope

Draw first 20 technical icons.

## Non-goals

- Do not expand into later release scope.
- Do not introduce unreviewed dependencies.
- Do not couple project semantics to renderer or external-format classes.

## Acceptance criteria

- [ ] The scope and non-goals are documented.
- [ ] The result is reviewed against the complete blueprint.
- [ ] Tests or evidence appropriate to the task are included.
- [ ] New dependencies and licence effects are recorded.
- [ ] Default, hover, active, disabled and error states are covered.
- [ ] Keyboard focus and iPad touch behaviour are specified.

## Evidence

Attach tests, screenshots, recordings, benchmark output or research notes as relevant.

## Documentation

Update the appropriate package specification and ADR if the task changes a decision.
",,,,,,,,,
ARQ-022,design: draw remaining first 40 technical icons,historical requirement; revalidate,"[""E10""]",backlog/issues/022-design-draw-remaining-first-40-technical-icons.md,https://github.com/ruddvz/Arq/blob/a02ccc69e44e41324324c9482a43edbfb58e7905/backlog/issues/022-design-draw-remaining-first-40-technical-icons.md,Reuse existing implementation and linked issues; preserve original dependencies and acceptance; do not reopen simply because this plan lists it.,explicit historic work-family allocation,"# design: draw remaining first 40 technical icons

**Issue ID:** ARQ-022
**Phase:** Phase 0
**Epic:** Design system
**Priority:** critical
**Suggested labels:** type: feature, area: design, priority: critical, state: ready
**Dependencies:** ARQ-021

## Problem

Complete this task as part of the ordered Arq implementation plan. The implementation
must follow the complete blueprint and approved ADRs.

## Scope

Draw remaining first 40 technical icons.

## Non-goals

- Do not expand into later release scope.
- Do not introduce unreviewed dependencies.
- Do not couple project semantics to renderer or external-format classes.

## Acceptance criteria

- [ ] The scope and non-goals are documented.
- [ ] The result is reviewed against the complete blueprint.
- [ ] Tests or evidence appropriate to the task are included.
- [ ] New dependencies and licence effects are recorded.
- [ ] Default, hover, active, disabled and error states are covered.
- [ ] Keyboard focus and iPad touch behaviour are specified.

## Evidence

Attach tests, screenshots, recordings, benchmark output or research notes as relevant.

## Documentation

Update the appropriate package specification and ADR if the task changes a decision.
",,,,,,,,,
ARQ-023,design: build top bar,historical requirement; revalidate,"[""E10""]",backlog/issues/023-design-build-top-bar.md,https://github.com/ruddvz/Arq/blob/a02ccc69e44e41324324c9482a43edbfb58e7905/backlog/issues/023-design-build-top-bar.md,Reuse existing implementation and linked issues; preserve original dependencies and acceptance; do not reopen simply because this plan lists it.,explicit historic work-family allocation,"# design: build top bar

**Issue ID:** ARQ-023
**Phase:** Phase 0
**Epic:** Design system
**Priority:** critical
**Suggested labels:** type: feature, area: design, priority: critical, state: ready
**Dependencies:** ARQ-022

## Problem

Complete this task as part of the ordered Arq implementation plan. The implementation
must follow the complete blueprint and approved ADRs.

## Scope

Build top bar.

## Non-goals

- Do not expand into later release scope.
- Do not introduce unreviewed dependencies.
- Do not couple project semantics to renderer or external-format classes.

## Acceptance criteria

- [ ] The scope and non-goals are documented.
- [ ] The result is reviewed against the complete blueprint.
- [ ] Tests or evidence appropriate to the task are included.
- [ ] New dependencies and licence effects are recorded.
- [ ] Default, hover, active, disabled and error states are covered.
- [ ] Keyboard focus and iPad touch behaviour are specified.

## Evidence

Attach tests, screenshots, recordings, benchmark output or research notes as relevant.

## Documentation

Update the appropriate package specification and ADR if the task changes a decision.
",,,,,,,,,
ARQ-024,design: build tool rail,historical requirement; revalidate,"[""E10""]",backlog/issues/024-design-build-tool-rail.md,https://github.com/ruddvz/Arq/blob/a02ccc69e44e41324324c9482a43edbfb58e7905/backlog/issues/024-design-build-tool-rail.md,Reuse existing implementation and linked issues; preserve original dependencies and acceptance; do not reopen simply because this plan lists it.,explicit historic work-family allocation,"# design: build tool rail

**Issue ID:** ARQ-024
**Phase:** Phase 0
**Epic:** Design system
**Priority:** critical
**Suggested labels:** type: feature, area: design, priority: critical, state: ready
**Dependencies:** ARQ-023

## Problem

Complete this task as part of the ordered Arq implementation plan. The implementation
must follow the complete blueprint and approved ADRs.

## Scope

Build tool rail.

## Non-goals

- Do not expand into later release scope.
- Do not introduce unreviewed dependencies.
- Do not couple project semantics to renderer or external-format classes.

## Acceptance criteria

- [ ] The scope and non-goals are documented.
- [ ] The result is reviewed against the complete blueprint.
- [ ] Tests or evidence appropriate to the task are included.
- [ ] New dependencies and licence effects are recorded.
- [ ] Default, hover, active, disabled and error states are covered.
- [ ] Keyboard focus and iPad touch behaviour are specified.

## Evidence

Attach tests, screenshots, recordings, benchmark output or research notes as relevant.

## Documentation

Update the appropriate package specification and ADR if the task changes a decision.
",,,,,,,,,
ARQ-025,design: build model panel,historical requirement; revalidate,"[""E10""]",backlog/issues/025-design-build-model-panel.md,https://github.com/ruddvz/Arq/blob/a02ccc69e44e41324324c9482a43edbfb58e7905/backlog/issues/025-design-build-model-panel.md,Reuse existing implementation and linked issues; preserve original dependencies and acceptance; do not reopen simply because this plan lists it.,explicit historic work-family allocation,"# design: build model panel

**Issue ID:** ARQ-025
**Phase:** Phase 0
**Epic:** Design system
**Priority:** critical
**Suggested labels:** type: feature, area: design, priority: critical, state: ready
**Dependencies:** ARQ-024

## Problem

Complete this task as part of the ordered Arq implementation plan. The implementation
must follow the complete blueprint and approved ADRs.

## Scope

Build model panel.

## Non-goals

- Do not expand into later release scope.
- Do not introduce unreviewed dependencies.
- Do not couple project semantics to renderer or external-format classes.

## Acceptance criteria

- [ ] The scope and non-goals are documented.
- [ ] The result is reviewed against the complete blueprint.
- [ ] Tests or evidence appropriate to the task are included.
- [ ] New dependencies and licence effects are recorded.
- [ ] Default, hover, active, disabled and error states are covered.
- [ ] Keyboard focus and iPad touch behaviour are specified.

## Evidence

Attach tests, screenshots, recordings, benchmark output or research notes as relevant.

## Documentation

Update the appropriate package specification and ADR if the task changes a decision.
",,,,,,,,,
ARQ-026,design: build inspector shell,historical requirement; revalidate,"[""E10""]",backlog/issues/026-design-build-inspector-shell.md,https://github.com/ruddvz/Arq/blob/a02ccc69e44e41324324c9482a43edbfb58e7905/backlog/issues/026-design-build-inspector-shell.md,Reuse existing implementation and linked issues; preserve original dependencies and acceptance; do not reopen simply because this plan lists it.,explicit historic work-family allocation,"# design: build inspector shell

**Issue ID:** ARQ-026
**Phase:** Phase 0
**Epic:** Design system
**Priority:** critical
**Suggested labels:** type: feature, area: design, priority: critical, state: ready
**Dependencies:** ARQ-025

## Problem

Complete this task as part of the ordered Arq implementation plan. The implementation
must follow the complete blueprint and approved ADRs.

## Scope

Build inspector shell.

## Non-goals

- Do not expand into later release scope.
- Do not introduce unreviewed dependencies.
- Do not couple project semantics to renderer or external-format classes.

## Acceptance criteria

- [ ] The scope and non-goals are documented.
- [ ] The result is reviewed against the complete blueprint.
- [ ] Tests or evidence appropriate to the task are included.
- [ ] New dependencies and licence effects are recorded.
- [ ] Default, hover, active, disabled and error states are covered.
- [ ] Keyboard focus and iPad touch behaviour are specified.

## Evidence

Attach tests, screenshots, recordings, benchmark output or research notes as relevant.

## Documentation

Update the appropriate package specification and ADR if the task changes a decision.
",,,,,,,,,
ARQ-027,design: build status bar,historical requirement; revalidate,"[""E10""]",backlog/issues/027-design-build-status-bar.md,https://github.com/ruddvz/Arq/blob/a02ccc69e44e41324324c9482a43edbfb58e7905/backlog/issues/027-design-build-status-bar.md,Reuse existing implementation and linked issues; preserve original dependencies and acceptance; do not reopen simply because this plan lists it.,explicit historic work-family allocation,"# design: build status bar

**Issue ID:** ARQ-027
**Phase:** Phase 0
**Epic:** Design system
**Priority:** critical
**Suggested labels:** type: feature, area: design, priority: critical, state: ready
**Dependencies:** ARQ-026

## Problem

Complete this task as part of the ordered Arq implementation plan. The implementation
must follow the complete blueprint and approved ADRs.

## Scope

Build status bar.

## Non-goals

- Do not expand into later release scope.
- Do not introduce unreviewed dependencies.
- Do not couple project semantics to renderer or external-format classes.

## Acceptance criteria

- [ ] The scope and non-goals are documented.
- [ ] The result is reviewed against the complete blueprint.
- [ ] Tests or evidence appropriate to the task are included.
- [ ] New dependencies and licence effects are recorded.
- [ ] Default, hover, active, disabled and error states are covered.
- [ ] Keyboard focus and iPad touch behaviour are specified.

## Evidence

Attach tests, screenshots, recordings, benchmark output or research notes as relevant.

## Documentation

Update the appropriate package specification and ADR if the task changes a decision.
",,,,,,,,,
ARQ-028,design: build context bar,historical requirement; revalidate,"[""E10""]",backlog/issues/028-design-build-context-bar.md,https://github.com/ruddvz/Arq/blob/a02ccc69e44e41324324c9482a43edbfb58e7905/backlog/issues/028-design-build-context-bar.md,Reuse existing implementation and linked issues; preserve original dependencies and acceptance; do not reopen simply because this plan lists it.,explicit historic work-family allocation,"# design: build context bar

**Issue ID:** ARQ-028
**Phase:** Phase 0
**Epic:** Design system
**Priority:** critical
**Suggested labels:** type: feature, area: design, priority: critical, state: ready
**Dependencies:** ARQ-027

## Problem

Complete this task as part of the ordered Arq implementation plan. The implementation
must follow the complete blueprint and approved ADRs.

## Scope

Build context bar.

## Non-goals

- Do not expand into later release scope.
- Do not introduce unreviewed dependencies.
- Do not couple project semantics to renderer or external-format classes.

## Acceptance criteria

- [ ] The scope and non-goals are documented.
- [ ] The result is reviewed against the complete blueprint.
- [ ] Tests or evidence appropriate to the task are included.
- [ ] New dependencies and licence effects are recorded.
- [ ] Default, hover, active, disabled and error states are covered.
- [ ] Keyboard focus and iPad touch behaviour are specified.

## Evidence

Attach tests, screenshots, recordings, benchmark output or research notes as relevant.

## Documentation

Update the appropriate package specification and ADR if the task changes a decision.
",,,,,,,,,
ARQ-029,design: build command palette shell,historical requirement; revalidate,"[""E10""]",backlog/issues/029-design-build-command-palette-shell.md,https://github.com/ruddvz/Arq/blob/a02ccc69e44e41324324c9482a43edbfb58e7905/backlog/issues/029-design-build-command-palette-shell.md,Reuse existing implementation and linked issues; preserve original dependencies and acceptance; do not reopen simply because this plan lists it.,explicit historic work-family allocation,"# design: build command palette shell

**Issue ID:** ARQ-029
**Phase:** Phase 0
**Epic:** Design system
**Priority:** critical
**Suggested labels:** type: feature, area: design, priority: critical, state: ready
**Dependencies:** ARQ-028

## Problem

Complete this task as part of the ordered Arq implementation plan. The implementation
must follow the complete blueprint and approved ADRs.

## Scope

Build command palette shell.

## Non-goals

- Do not expand into later release scope.
- Do not introduce unreviewed dependencies.
- Do not couple project semantics to renderer or external-format classes.

## Acceptance criteria

- [ ] The scope and non-goals are documented.
- [ ] The result is reviewed against the complete blueprint.
- [ ] Tests or evidence appropriate to the task are included.
- [ ] New dependencies and licence effects are recorded.
- [ ] Default, hover, active, disabled and error states are covered.
- [ ] Keyboard focus and iPad touch behaviour are specified.

## Evidence

Attach tests, screenshots, recordings, benchmark output or research notes as relevant.

## Documentation

Update the appropriate package specification and ADR if the task changes a decision.
",,,,,,,,,
ARQ-030,design: prototype iPad landscape shell,historical requirement; revalidate,"[""E10""]",backlog/issues/030-design-prototype-ipad-landscape-shell.md,https://github.com/ruddvz/Arq/blob/a02ccc69e44e41324324c9482a43edbfb58e7905/backlog/issues/030-design-prototype-ipad-landscape-shell.md,Reuse existing implementation and linked issues; preserve original dependencies and acceptance; do not reopen simply because this plan lists it.,explicit historic work-family allocation,"# design: prototype iPad landscape shell

**Issue ID:** ARQ-030
**Phase:** Phase 0
**Epic:** Design system
**Priority:** critical
**Suggested labels:** type: feature, area: design, priority: critical, state: ready
**Dependencies:** ARQ-029

## Problem

Complete this task as part of the ordered Arq implementation plan. The implementation
must follow the complete blueprint and approved ADRs.

## Scope

Prototype ipad landscape shell.

## Non-goals

- Do not expand into later release scope.
- Do not introduce unreviewed dependencies.
- Do not couple project semantics to renderer or external-format classes.

## Acceptance criteria

- [ ] The scope and non-goals are documented.
- [ ] The result is reviewed against the complete blueprint.
- [ ] Tests or evidence appropriate to the task are included.
- [ ] New dependencies and licence effects are recorded.
- [ ] Default, hover, active, disabled and error states are covered.
- [ ] Keyboard focus and iPad touch behaviour are specified.

## Evidence

Attach tests, screenshots, recordings, benchmark output or research notes as relevant.

## Documentation

Update the appropriate package specification and ADR if the task changes a decision.
",,,,,,,,,
ARQ-031,design: prototype iPad portrait shell,historical requirement; revalidate,"[""E10""]",backlog/issues/031-design-prototype-ipad-portrait-shell.md,https://github.com/ruddvz/Arq/blob/a02ccc69e44e41324324c9482a43edbfb58e7905/backlog/issues/031-design-prototype-ipad-portrait-shell.md,Reuse existing implementation and linked issues; preserve original dependencies and acceptance; do not reopen simply because this plan lists it.,explicit historic work-family allocation,"# design: prototype iPad portrait shell

**Issue ID:** ARQ-031
**Phase:** Phase 0
**Epic:** Design system
**Priority:** critical
**Suggested labels:** type: feature, area: design, priority: critical, state: ready
**Dependencies:** ARQ-030

## Problem

Complete this task as part of the ordered Arq implementation plan. The implementation
must follow the complete blueprint and approved ADRs.

## Scope

Prototype ipad portrait shell.

## Non-goals

- Do not expand into later release scope.
- Do not introduce unreviewed dependencies.
- Do not couple project semantics to renderer or external-format classes.

## Acceptance criteria

- [ ] The scope and non-goals are documented.
- [ ] The result is reviewed against the complete blueprint.
- [ ] Tests or evidence appropriate to the task are included.
- [ ] New dependencies and licence effects are recorded.
- [ ] Default, hover, active, disabled and error states are covered.
- [ ] Keyboard focus and iPad touch behaviour are specified.

## Evidence

Attach tests, screenshots, recordings, benchmark output or research notes as relevant.

## Documentation

Update the appropriate package specification and ADR if the task changes a decision.
",,,,,,,,,
ARQ-032,editor: define coordinate systems,historical requirement; revalidate,"[""E03""]",backlog/issues/032-editor-define-coordinate-systems.md,https://github.com/ruddvz/Arq/blob/a02ccc69e44e41324324c9482a43edbfb58e7905/backlog/issues/032-editor-define-coordinate-systems.md,Reuse existing implementation and linked issues; preserve original dependencies and acceptance; do not reopen simply because this plan lists it.,explicit historic work-family allocation,"# editor: define coordinate systems

**Issue ID:** ARQ-032
**Phase:** Phase 1
**Epic:** Editor interaction
**Priority:** critical
**Suggested labels:** type: feature, area: editor, priority: critical, state: ready
**Dependencies:** ARQ-031

## Problem

Complete this task as part of the ordered Arq implementation plan. The implementation
must follow the complete blueprint and approved ADRs.

## Scope

Define coordinate systems.

## Non-goals

- Do not expand into later release scope.
- Do not introduce unreviewed dependencies.
- Do not couple project semantics to renderer or external-format classes.

## Acceptance criteria

- [ ] The scope and non-goals are documented.
- [ ] The result is reviewed against the complete blueprint.
- [ ] Tests or evidence appropriate to the task are included.
- [ ] New dependencies and licence effects are recorded.
- [ ] Escape and Enter behaviour is defined.
- [ ] Invalid input leaves committed project state unchanged.

## Evidence

Attach tests, screenshots, recordings, benchmark output or research notes as relevant.

## Documentation

Update the appropriate package specification and ADR if the task changes a decision.
",,,,,,,,,
ARQ-033,editor: implement pan and zoom,historical requirement; revalidate,"[""E04""]",backlog/issues/033-editor-implement-pan-and-zoom.md,https://github.com/ruddvz/Arq/blob/a02ccc69e44e41324324c9482a43edbfb58e7905/backlog/issues/033-editor-implement-pan-and-zoom.md,Reuse existing implementation and linked issues; preserve original dependencies and acceptance; do not reopen simply because this plan lists it.,explicit historic work-family allocation,"# editor: implement pan and zoom

**Issue ID:** ARQ-033
**Phase:** Phase 1
**Epic:** Editor interaction
**Priority:** critical
**Suggested labels:** type: feature, area: editor, priority: critical, state: ready
**Dependencies:** ARQ-032

## Problem

Complete this task as part of the ordered Arq implementation plan. The implementation
must follow the complete blueprint and approved ADRs.

## Scope

Implement pan and zoom.

## Non-goals

- Do not expand into later release scope.
- Do not introduce unreviewed dependencies.
- Do not couple project semantics to renderer or external-format classes.

## Acceptance criteria

- [ ] The scope and non-goals are documented.
- [ ] The result is reviewed against the complete blueprint.
- [ ] Tests or evidence appropriate to the task are included.
- [ ] New dependencies and licence effects are recorded.
- [ ] Escape and Enter behaviour is defined.
- [ ] Invalid input leaves committed project state unchanged.

## Evidence

Attach tests, screenshots, recordings, benchmark output or research notes as relevant.

## Documentation

Update the appropriate package specification and ADR if the task changes a decision.
",,,,,,,,,
ARQ-034,editor: implement fit view,historical requirement; revalidate,"[""E04""]",backlog/issues/034-editor-implement-fit-view.md,https://github.com/ruddvz/Arq/blob/a02ccc69e44e41324324c9482a43edbfb58e7905/backlog/issues/034-editor-implement-fit-view.md,Reuse existing implementation and linked issues; preserve original dependencies and acceptance; do not reopen simply because this plan lists it.,explicit historic work-family allocation,"# editor: implement fit view

**Issue ID:** ARQ-034
**Phase:** Phase 1
**Epic:** Editor interaction
**Priority:** critical
**Suggested labels:** type: feature, area: editor, priority: critical, state: ready
**Dependencies:** ARQ-033

## Problem

Complete this task as part of the ordered Arq implementation plan. The implementation
must follow the complete blueprint and approved ADRs.

## Scope

Implement fit view.

## Non-goals

- Do not expand into later release scope.
- Do not introduce unreviewed dependencies.
- Do not couple project semantics to renderer or external-format classes.

## Acceptance criteria

- [ ] The scope and non-goals are documented.
- [ ] The result is reviewed against the complete blueprint.
- [ ] Tests or evidence appropriate to the task are included.
- [ ] New dependencies and licence effects are recorded.
- [ ] Escape and Enter behaviour is defined.
- [ ] Invalid input leaves committed project state unchanged.

## Evidence

Attach tests, screenshots, recordings, benchmark output or research notes as relevant.

## Documentation

Update the appropriate package specification and ADR if the task changes a decision.
",,,,,,,,,
ARQ-035,editor: implement pointer input abstraction,historical requirement; revalidate,"[""E04""]",backlog/issues/035-editor-implement-pointer-input-abstraction.md,https://github.com/ruddvz/Arq/blob/a02ccc69e44e41324324c9482a43edbfb58e7905/backlog/issues/035-editor-implement-pointer-input-abstraction.md,Reuse existing implementation and linked issues; preserve original dependencies and acceptance; do not reopen simply because this plan lists it.,explicit historic work-family allocation,"# editor: implement pointer input abstraction

**Issue ID:** ARQ-035
**Phase:** Phase 1
**Epic:** Editor interaction
**Priority:** critical
**Suggested labels:** type: feature, area: editor, priority: critical, state: ready
**Dependencies:** ARQ-034

## Problem

Complete this task as part of the ordered Arq implementation plan. The implementation
must follow the complete blueprint and approved ADRs.

## Scope

Implement pointer input abstraction.

## Non-goals

- Do not expand into later release scope.
- Do not introduce unreviewed dependencies.
- Do not couple project semantics to renderer or external-format classes.

## Acceptance criteria

- [ ] The scope and non-goals are documented.
- [ ] The result is reviewed against the complete blueprint.
- [ ] Tests or evidence appropriate to the task are included.
- [ ] New dependencies and licence effects are recorded.
- [ ] Escape and Enter behaviour is defined.
- [ ] Invalid input leaves committed project state unchanged.

## Evidence

Attach tests, screenshots, recordings, benchmark output or research notes as relevant.

## Documentation

Update the appropriate package specification and ADR if the task changes a decision.
",,,,,,,,,
ARQ-036,editor: implement touch input abstraction,historical requirement; revalidate,"[""E04""]",backlog/issues/036-editor-implement-touch-input-abstraction.md,https://github.com/ruddvz/Arq/blob/a02ccc69e44e41324324c9482a43edbfb58e7905/backlog/issues/036-editor-implement-touch-input-abstraction.md,Reuse existing implementation and linked issues; preserve original dependencies and acceptance; do not reopen simply because this plan lists it.,explicit historic work-family allocation,"# editor: implement touch input abstraction

**Issue ID:** ARQ-036
**Phase:** Phase 1
**Epic:** Editor interaction
**Priority:** critical
**Suggested labels:** type: feature, area: editor, priority: critical, state: ready
**Dependencies:** ARQ-035

## Problem

Complete this task as part of the ordered Arq implementation plan. The implementation
must follow the complete blueprint and approved ADRs.

## Scope

Implement touch input abstraction.

## Non-goals

- Do not expand into later release scope.
- Do not introduce unreviewed dependencies.
- Do not couple project semantics to renderer or external-format classes.

## Acceptance criteria

- [ ] The scope and non-goals are documented.
- [ ] The result is reviewed against the complete blueprint.
- [ ] Tests or evidence appropriate to the task are included.
- [ ] New dependencies and licence effects are recorded.
- [ ] Escape and Enter behaviour is defined.
- [ ] Invalid input leaves committed project state unchanged.

## Evidence

Attach tests, screenshots, recordings, benchmark output or research notes as relevant.

## Documentation

Update the appropriate package specification and ADR if the task changes a decision.
",,,,,,,,,
ARQ-037,editor: implement keyboard input abstraction,historical requirement; revalidate,"[""E04""]",backlog/issues/037-editor-implement-keyboard-input-abstraction.md,https://github.com/ruddvz/Arq/blob/a02ccc69e44e41324324c9482a43edbfb58e7905/backlog/issues/037-editor-implement-keyboard-input-abstraction.md,Reuse existing implementation and linked issues; preserve original dependencies and acceptance; do not reopen simply because this plan lists it.,explicit historic work-family allocation,"# editor: implement keyboard input abstraction

**Issue ID:** ARQ-037
**Phase:** Phase 1
**Epic:** Editor interaction
**Priority:** critical
**Suggested labels:** type: feature, area: editor, priority: critical, state: ready
**Dependencies:** ARQ-036

## Problem

Complete this task as part of the ordered Arq implementation plan. The implementation
must follow the complete blueprint and approved ADRs.

## Scope

Implement keyboard input abstraction.

## Non-goals

- Do not expand into later release scope.
- Do not introduce unreviewed dependencies.
- Do not couple project semantics to renderer or external-format classes.

## Acceptance criteria

- [ ] The scope and non-goals are documented.
- [ ] The result is reviewed against the complete blueprint.
- [ ] Tests or evidence appropriate to the task are included.
- [ ] New dependencies and licence effects are recorded.
- [ ] Escape and Enter behaviour is defined.
- [ ] Invalid input leaves committed project state unchanged.

## Evidence

Attach tests, screenshots, recordings, benchmark output or research notes as relevant.

## Documentation

Update the appropriate package specification and ADR if the task changes a decision.
",,,,,,,,,
ARQ-038,editor: define command lifecycle state machine,historical requirement; revalidate,"[""E04""]",backlog/issues/038-editor-define-command-lifecycle-state-machine.md,https://github.com/ruddvz/Arq/blob/a02ccc69e44e41324324c9482a43edbfb58e7905/backlog/issues/038-editor-define-command-lifecycle-state-machine.md,Reuse existing implementation and linked issues; preserve original dependencies and acceptance; do not reopen simply because this plan lists it.,explicit historic work-family allocation,"# editor: define command lifecycle state machine

**Issue ID:** ARQ-038
**Phase:** Phase 1
**Epic:** Editor interaction
**Priority:** critical
**Suggested labels:** type: feature, area: editor, priority: critical, state: ready
**Dependencies:** ARQ-037

## Problem

Complete this task as part of the ordered Arq implementation plan. The implementation
must follow the complete blueprint and approved ADRs.

## Scope

Define command lifecycle state machine.

## Non-goals

- Do not expand into later release scope.
- Do not introduce unreviewed dependencies.
- Do not couple project semantics to renderer or external-format classes.

## Acceptance criteria

- [ ] The scope and non-goals are documented.
- [ ] The result is reviewed against the complete blueprint.
- [ ] Tests or evidence appropriate to the task are included.
- [ ] New dependencies and licence effects are recorded.
- [ ] Escape and Enter behaviour is defined.
- [ ] Invalid input leaves committed project state unchanged.

## Evidence

Attach tests, screenshots, recordings, benchmark output or research notes as relevant.

## Documentation

Update the appropriate package specification and ADR if the task changes a decision.
",,,,,,,,,
ARQ-039,editor: implement selection hit-test interface,historical requirement; revalidate,"[""E04""]",backlog/issues/039-editor-implement-selection-hit-test-interface.md,https://github.com/ruddvz/Arq/blob/a02ccc69e44e41324324c9482a43edbfb58e7905/backlog/issues/039-editor-implement-selection-hit-test-interface.md,Reuse existing implementation and linked issues; preserve original dependencies and acceptance; do not reopen simply because this plan lists it.,explicit historic work-family allocation,"# editor: implement selection hit-test interface

**Issue ID:** ARQ-039
**Phase:** Phase 1
**Epic:** Editor interaction
**Priority:** critical
**Suggested labels:** type: feature, area: editor, priority: critical, state: ready
**Dependencies:** ARQ-038

## Problem

Complete this task as part of the ordered Arq implementation plan. The implementation
must follow the complete blueprint and approved ADRs.

## Scope

Implement selection hit-test interface.

## Non-goals

- Do not expand into later release scope.
- Do not introduce unreviewed dependencies.
- Do not couple project semantics to renderer or external-format classes.

## Acceptance criteria

- [ ] The scope and non-goals are documented.
- [ ] The result is reviewed against the complete blueprint.
- [ ] Tests or evidence appropriate to the task are included.
- [ ] New dependencies and licence effects are recorded.
- [ ] Escape and Enter behaviour is defined.
- [ ] Invalid input leaves committed project state unchanged.

## Evidence

Attach tests, screenshots, recordings, benchmark output or research notes as relevant.

## Documentation

Update the appropriate package specification and ADR if the task changes a decision.
",,,,,,,,,
ARQ-040,editor: implement point selection,historical requirement; revalidate,"[""E04""]",backlog/issues/040-editor-implement-point-selection.md,https://github.com/ruddvz/Arq/blob/a02ccc69e44e41324324c9482a43edbfb58e7905/backlog/issues/040-editor-implement-point-selection.md,Reuse existing implementation and linked issues; preserve original dependencies and acceptance; do not reopen simply because this plan lists it.,explicit historic work-family allocation,"# editor: implement point selection

**Issue ID:** ARQ-040
**Phase:** Phase 1
**Epic:** Editor interaction
**Priority:** critical
**Suggested labels:** type: feature, area: editor, priority: critical, state: ready
**Dependencies:** ARQ-039

## Problem

Complete this task as part of the ordered Arq implementation plan. The implementation
must follow the complete blueprint and approved ADRs.

## Scope

Implement point selection.

## Non-goals

- Do not expand into later release scope.
- Do not introduce unreviewed dependencies.
- Do not couple project semantics to renderer or external-format classes.

## Acceptance criteria

- [ ] The scope and non-goals are documented.
- [ ] The result is reviewed against the complete blueprint.
- [ ] Tests or evidence appropriate to the task are included.
- [ ] New dependencies and licence effects are recorded.
- [ ] Escape and Enter behaviour is defined.
- [ ] Invalid input leaves committed project state unchanged.

## Evidence

Attach tests, screenshots, recordings, benchmark output or research notes as relevant.

## Documentation

Update the appropriate package specification and ADR if the task changes a decision.
",,,,,,,,,
ARQ-041,editor: implement window selection,historical requirement; revalidate,"[""E04""]",backlog/issues/041-editor-implement-window-selection.md,https://github.com/ruddvz/Arq/blob/a02ccc69e44e41324324c9482a43edbfb58e7905/backlog/issues/041-editor-implement-window-selection.md,Reuse existing implementation and linked issues; preserve original dependencies and acceptance; do not reopen simply because this plan lists it.,explicit historic work-family allocation,"# editor: implement window selection

**Issue ID:** ARQ-041
**Phase:** Phase 1
**Epic:** Editor interaction
**Priority:** high
**Suggested labels:** type: feature, area: editor, priority: high, state: blocked
**Dependencies:** ARQ-040

## Problem

Complete this task as part of the ordered Arq implementation plan. The implementation
must follow the complete blueprint and approved ADRs.

## Scope

Implement window selection.

## Non-goals

- Do not expand into later release scope.
- Do not introduce unreviewed dependencies.
- Do not couple project semantics to renderer or external-format classes.

## Acceptance criteria

- [ ] The scope and non-goals are documented.
- [ ] The result is reviewed against the complete blueprint.
- [ ] Tests or evidence appropriate to the task are included.
- [ ] New dependencies and licence effects are recorded.
- [ ] Escape and Enter behaviour is defined.
- [ ] Invalid input leaves committed project state unchanged.

## Evidence

Attach tests, screenshots, recordings, benchmark output or research notes as relevant.

## Documentation

Update the appropriate package specification and ADR if the task changes a decision.
",,,,,,,,,
ARQ-042,editor: implement crossing selection,historical requirement; revalidate,"[""E04""]",backlog/issues/042-editor-implement-crossing-selection.md,https://github.com/ruddvz/Arq/blob/a02ccc69e44e41324324c9482a43edbfb58e7905/backlog/issues/042-editor-implement-crossing-selection.md,Reuse existing implementation and linked issues; preserve original dependencies and acceptance; do not reopen simply because this plan lists it.,explicit historic work-family allocation,"# editor: implement crossing selection

**Issue ID:** ARQ-042
**Phase:** Phase 1
**Epic:** Editor interaction
**Priority:** high
**Suggested labels:** type: feature, area: editor, priority: high, state: blocked
**Dependencies:** ARQ-041

## Problem

Complete this task as part of the ordered Arq implementation plan. The implementation
must follow the complete blueprint and approved ADRs.

## Scope

Implement crossing selection.

## Non-goals

- Do not expand into later release scope.
- Do not introduce unreviewed dependencies.
- Do not couple project semantics to renderer or external-format classes.

## Acceptance criteria

- [ ] The scope and non-goals are documented.
- [ ] The result is reviewed against the complete blueprint.
- [ ] Tests or evidence appropriate to the task are included.
- [ ] New dependencies and licence effects are recorded.
- [ ] Escape and Enter behaviour is defined.
- [ ] Invalid input leaves committed project state unchanged.

## Evidence

Attach tests, screenshots, recordings, benchmark output or research notes as relevant.

## Documentation

Update the appropriate package specification and ADR if the task changes a decision.
",,,,,,,,,
ARQ-043,editor: implement candidate cycling,historical requirement; revalidate,"[""E04""]",backlog/issues/043-editor-implement-candidate-cycling.md,https://github.com/ruddvz/Arq/blob/a02ccc69e44e41324324c9482a43edbfb58e7905/backlog/issues/043-editor-implement-candidate-cycling.md,Reuse existing implementation and linked issues; preserve original dependencies and acceptance; do not reopen simply because this plan lists it.,explicit historic work-family allocation,"# editor: implement candidate cycling

**Issue ID:** ARQ-043
**Phase:** Phase 1
**Epic:** Editor interaction
**Priority:** high
**Suggested labels:** type: feature, area: editor, priority: high, state: blocked
**Dependencies:** ARQ-042

## Problem

Complete this task as part of the ordered Arq implementation plan. The implementation
must follow the complete blueprint and approved ADRs.

## Scope

Implement candidate cycling.

## Non-goals

- Do not expand into later release scope.
- Do not introduce unreviewed dependencies.
- Do not couple project semantics to renderer or external-format classes.

## Acceptance criteria

- [ ] The scope and non-goals are documented.
- [ ] The result is reviewed against the complete blueprint.
- [ ] Tests or evidence appropriate to the task are included.
- [ ] New dependencies and licence effects are recorded.
- [ ] Escape and Enter behaviour is defined.
- [ ] Invalid input leaves committed project state unchanged.

## Evidence

Attach tests, screenshots, recordings, benchmark output or research notes as relevant.

## Documentation

Update the appropriate package specification and ADR if the task changes a decision.
",,,,,,,,,
ARQ-044,editor: implement selection filters,historical requirement; revalidate,"[""E04""]",backlog/issues/044-editor-implement-selection-filters.md,https://github.com/ruddvz/Arq/blob/a02ccc69e44e41324324c9482a43edbfb58e7905/backlog/issues/044-editor-implement-selection-filters.md,Reuse existing implementation and linked issues; preserve original dependencies and acceptance; do not reopen simply because this plan lists it.,explicit historic work-family allocation,"# editor: implement selection filters

**Issue ID:** ARQ-044
**Phase:** Phase 1
**Epic:** Editor interaction
**Priority:** high
**Suggested labels:** type: feature, area: editor, priority: high, state: blocked
**Dependencies:** ARQ-043

## Problem

Complete this task as part of the ordered Arq implementation plan. The implementation
must follow the complete blueprint and approved ADRs.

## Scope

Implement selection filters.

## Non-goals

- Do not expand into later release scope.
- Do not introduce unreviewed dependencies.
- Do not couple project semantics to renderer or external-format classes.

## Acceptance criteria

- [ ] The scope and non-goals are documented.
- [ ] The result is reviewed against the complete blueprint.
- [ ] Tests or evidence appropriate to the task are included.
- [ ] New dependencies and licence effects are recorded.
- [ ] Escape and Enter behaviour is defined.
- [ ] Invalid input leaves committed project state unchanged.

## Evidence

Attach tests, screenshots, recordings, benchmark output or research notes as relevant.

## Documentation

Update the appropriate package specification and ADR if the task changes a decision.
",,,,,,,,,
ARQ-045,editor: define snap result contract,historical requirement; revalidate,"[""E04""]",backlog/issues/045-editor-define-snap-result-contract.md,https://github.com/ruddvz/Arq/blob/a02ccc69e44e41324324c9482a43edbfb58e7905/backlog/issues/045-editor-define-snap-result-contract.md,Reuse existing implementation and linked issues; preserve original dependencies and acceptance; do not reopen simply because this plan lists it.,explicit historic work-family allocation,"# editor: define snap result contract

**Issue ID:** ARQ-045
**Phase:** Phase 1
**Epic:** Editor interaction
**Priority:** high
**Suggested labels:** type: feature, area: editor, priority: high, state: blocked
**Dependencies:** ARQ-044

## Problem

Complete this task as part of the ordered Arq implementation plan. The implementation
must follow the complete blueprint and approved ADRs.

## Scope

Define snap result contract.

## Non-goals

- Do not expand into later release scope.
- Do not introduce unreviewed dependencies.
- Do not couple project semantics to renderer or external-format classes.

## Acceptance criteria

- [ ] The scope and non-goals are documented.
- [ ] The result is reviewed against the complete blueprint.
- [ ] Tests or evidence appropriate to the task are included.
- [ ] New dependencies and licence effects are recorded.
- [ ] Escape and Enter behaviour is defined.
- [ ] Invalid input leaves committed project state unchanged.

## Evidence

Attach tests, screenshots, recordings, benchmark output or research notes as relevant.

## Documentation

Update the appropriate package specification and ADR if the task changes a decision.
",,,,,,,,,
ARQ-046,editor: implement endpoint snap,historical requirement; revalidate,"[""E04""]",backlog/issues/046-editor-implement-endpoint-snap.md,https://github.com/ruddvz/Arq/blob/a02ccc69e44e41324324c9482a43edbfb58e7905/backlog/issues/046-editor-implement-endpoint-snap.md,Reuse existing implementation and linked issues; preserve original dependencies and acceptance; do not reopen simply because this plan lists it.,explicit historic work-family allocation,"# editor: implement endpoint snap

**Issue ID:** ARQ-046
**Phase:** Phase 1
**Epic:** Editor interaction
**Priority:** high
**Suggested labels:** type: feature, area: editor, priority: high, state: blocked
**Dependencies:** ARQ-045

## Problem

Complete this task as part of the ordered Arq implementation plan. The implementation
must follow the complete blueprint and approved ADRs.

## Scope

Implement endpoint snap.

## Non-goals

- Do not expand into later release scope.
- Do not introduce unreviewed dependencies.
- Do not couple project semantics to renderer or external-format classes.

## Acceptance criteria

- [ ] The scope and non-goals are documented.
- [ ] The result is reviewed against the complete blueprint.
- [ ] Tests or evidence appropriate to the task are included.
- [ ] New dependencies and licence effects are recorded.
- [ ] Escape and Enter behaviour is defined.
- [ ] Invalid input leaves committed project state unchanged.

## Evidence

Attach tests, screenshots, recordings, benchmark output or research notes as relevant.

## Documentation

Update the appropriate package specification and ADR if the task changes a decision.
",,,,,,,,,
ARQ-047,editor: implement midpoint snap,historical requirement; revalidate,"[""E04""]",backlog/issues/047-editor-implement-midpoint-snap.md,https://github.com/ruddvz/Arq/blob/a02ccc69e44e41324324c9482a43edbfb58e7905/backlog/issues/047-editor-implement-midpoint-snap.md,Reuse existing implementation and linked issues; preserve original dependencies and acceptance; do not reopen simply because this plan lists it.,explicit historic work-family allocation,"# editor: implement midpoint snap

**Issue ID:** ARQ-047
**Phase:** Phase 1
**Epic:** Editor interaction
**Priority:** high
**Suggested labels:** type: feature, area: editor, priority: high, state: blocked
**Dependencies:** ARQ-046

## Problem

Complete this task as part of the ordered Arq implementation plan. The implementation
must follow the complete blueprint and approved ADRs.

## Scope

Implement midpoint snap.

## Non-goals

- Do not expand into later release scope.
- Do not introduce unreviewed dependencies.
- Do not couple project semantics to renderer or external-format classes.

## Acceptance criteria

- [ ] The scope and non-goals are documented.
- [ ] The result is reviewed against the complete blueprint.
- [ ] Tests or evidence appropriate to the task are included.
- [ ] New dependencies and licence effects are recorded.
- [ ] Escape and Enter behaviour is defined.
- [ ] Invalid input leaves committed project state unchanged.

## Evidence

Attach tests, screenshots, recordings, benchmark output or research notes as relevant.

## Documentation

Update the appropriate package specification and ADR if the task changes a decision.
",,,,,,,,,
ARQ-048,editor: implement intersection snap,historical requirement; revalidate,"[""E04""]",backlog/issues/048-editor-implement-intersection-snap.md,https://github.com/ruddvz/Arq/blob/a02ccc69e44e41324324c9482a43edbfb58e7905/backlog/issues/048-editor-implement-intersection-snap.md,Reuse existing implementation and linked issues; preserve original dependencies and acceptance; do not reopen simply because this plan lists it.,explicit historic work-family allocation,"# editor: implement intersection snap

**Issue ID:** ARQ-048
**Phase:** Phase 1
**Epic:** Editor interaction
**Priority:** high
**Suggested labels:** type: feature, area: editor, priority: high, state: blocked
**Dependencies:** ARQ-047

## Problem

Complete this task as part of the ordered Arq implementation plan. The implementation
must follow the complete blueprint and approved ADRs.

## Scope

Implement intersection snap.

## Non-goals

- Do not expand into later release scope.
- Do not introduce unreviewed dependencies.
- Do not couple project semantics to renderer or external-format classes.

## Acceptance criteria

- [ ] The scope and non-goals are documented.
- [ ] The result is reviewed against the complete blueprint.
- [ ] Tests or evidence appropriate to the task are included.
- [ ] New dependencies and licence effects are recorded.
- [ ] Escape and Enter behaviour is defined.
- [ ] Invalid input leaves committed project state unchanged.

## Evidence

Attach tests, screenshots, recordings, benchmark output or research notes as relevant.

## Documentation

Update the appropriate package specification and ADR if the task changes a decision.
",,,,,,,,,
ARQ-049,editor: implement perpendicular snap,historical requirement; revalidate,"[""E04""]",backlog/issues/049-editor-implement-perpendicular-snap.md,https://github.com/ruddvz/Arq/blob/a02ccc69e44e41324324c9482a43edbfb58e7905/backlog/issues/049-editor-implement-perpendicular-snap.md,Reuse existing implementation and linked issues; preserve original dependencies and acceptance; do not reopen simply because this plan lists it.,explicit historic work-family allocation,"# editor: implement perpendicular snap

**Issue ID:** ARQ-049
**Phase:** Phase 1
**Epic:** Editor interaction
**Priority:** high
**Suggested labels:** type: feature, area: editor, priority: high, state: blocked
**Dependencies:** ARQ-048

## Problem

Complete this task as part of the ordered Arq implementation plan. The implementation
must follow the complete blueprint and approved ADRs.

## Scope

Implement perpendicular snap.

## Non-goals

- Do not expand into later release scope.
- Do not introduce unreviewed dependencies.
- Do not couple project semantics to renderer or external-format classes.

## Acceptance criteria

- [ ] The scope and non-goals are documented.
- [ ] The result is reviewed against the complete blueprint.
- [ ] Tests or evidence appropriate to the task are included.
- [ ] New dependencies and licence effects are recorded.
- [ ] Escape and Enter behaviour is defined.
- [ ] Invalid input leaves committed project state unchanged.

## Evidence

Attach tests, screenshots, recordings, benchmark output or research notes as relevant.

## Documentation

Update the appropriate package specification and ADR if the task changes a decision.
",,,,,,,,,
ARQ-050,editor: implement grid snap,historical requirement; revalidate,"[""E04""]",backlog/issues/050-editor-implement-grid-snap.md,https://github.com/ruddvz/Arq/blob/a02ccc69e44e41324324c9482a43edbfb58e7905/backlog/issues/050-editor-implement-grid-snap.md,Reuse existing implementation and linked issues; preserve original dependencies and acceptance; do not reopen simply because this plan lists it.,explicit historic work-family allocation,"# editor: implement grid snap

**Issue ID:** ARQ-050
**Phase:** Phase 1
**Epic:** Editor interaction
**Priority:** high
**Suggested labels:** type: feature, area: editor, priority: high, state: blocked
**Dependencies:** ARQ-049

## Problem

Complete this task as part of the ordered Arq implementation plan. The implementation
must follow the complete blueprint and approved ADRs.

## Scope

Implement grid snap.

## Non-goals

- Do not expand into later release scope.
- Do not introduce unreviewed dependencies.
- Do not couple project semantics to renderer or external-format classes.

## Acceptance criteria

- [ ] The scope and non-goals are documented.
- [ ] The result is reviewed against the complete blueprint.
- [ ] Tests or evidence appropriate to the task are included.
- [ ] New dependencies and licence effects are recorded.
- [ ] Escape and Enter behaviour is defined.
- [ ] Invalid input leaves committed project state unchanged.

## Evidence

Attach tests, screenshots, recordings, benchmark output or research notes as relevant.

## Documentation

Update the appropriate package specification and ADR if the task changes a decision.
",,,,,,,,,
ARQ-051,editor: implement extension snap,historical requirement; revalidate,"[""E04""]",backlog/issues/051-editor-implement-extension-snap.md,https://github.com/ruddvz/Arq/blob/a02ccc69e44e41324324c9482a43edbfb58e7905/backlog/issues/051-editor-implement-extension-snap.md,Reuse existing implementation and linked issues; preserve original dependencies and acceptance; do not reopen simply because this plan lists it.,explicit historic work-family allocation,"# editor: implement extension snap

**Issue ID:** ARQ-051
**Phase:** Phase 1
**Epic:** Editor interaction
**Priority:** high
**Suggested labels:** type: feature, area: editor, priority: high, state: blocked
**Dependencies:** ARQ-050

## Problem

Complete this task as part of the ordered Arq implementation plan. The implementation
must follow the complete blueprint and approved ADRs.

## Scope

Implement extension snap.

## Non-goals

- Do not expand into later release scope.
- Do not introduce unreviewed dependencies.
- Do not couple project semantics to renderer or external-format classes.

## Acceptance criteria

- [ ] The scope and non-goals are documented.
- [ ] The result is reviewed against the complete blueprint.
- [ ] Tests or evidence appropriate to the task are included.
- [ ] New dependencies and licence effects are recorded.
- [ ] Escape and Enter behaviour is defined.
- [ ] Invalid input leaves committed project state unchanged.

## Evidence

Attach tests, screenshots, recordings, benchmark output or research notes as relevant.

## Documentation

Update the appropriate package specification and ADR if the task changes a decision.
",,,,,,,,,
ARQ-052,editor: implement snap tie-break,historical requirement; revalidate,"[""E04""]",backlog/issues/052-editor-implement-snap-tie-break.md,https://github.com/ruddvz/Arq/blob/a02ccc69e44e41324324c9482a43edbfb58e7905/backlog/issues/052-editor-implement-snap-tie-break.md,Reuse existing implementation and linked issues; preserve original dependencies and acceptance; do not reopen simply because this plan lists it.,explicit historic work-family allocation,"# editor: implement snap tie-break

**Issue ID:** ARQ-052
**Phase:** Phase 1
**Epic:** Editor interaction
**Priority:** high
**Suggested labels:** type: feature, area: editor, priority: high, state: blocked
**Dependencies:** ARQ-051

## Problem

Complete this task as part of the ordered Arq implementation plan. The implementation
must follow the complete blueprint and approved ADRs.

## Scope

Implement snap tie-break.

## Non-goals

- Do not expand into later release scope.
- Do not introduce unreviewed dependencies.
- Do not couple project semantics to renderer or external-format classes.

## Acceptance criteria

- [ ] The scope and non-goals are documented.
- [ ] The result is reviewed against the complete blueprint.
- [ ] Tests or evidence appropriate to the task are included.
- [ ] New dependencies and licence effects are recorded.
- [ ] Escape and Enter behaviour is defined.
- [ ] Invalid input leaves committed project state unchanged.

## Evidence

Attach tests, screenshots, recordings, benchmark output or research notes as relevant.

## Documentation

Update the appropriate package specification and ADR if the task changes a decision.
",,,,,,,,,
ARQ-053,editor: implement numeric overlay,historical requirement; revalidate,"[""E03""]",backlog/issues/053-editor-implement-numeric-overlay.md,https://github.com/ruddvz/Arq/blob/a02ccc69e44e41324324c9482a43edbfb58e7905/backlog/issues/053-editor-implement-numeric-overlay.md,Reuse existing implementation and linked issues; preserve original dependencies and acceptance; do not reopen simply because this plan lists it.,explicit historic work-family allocation,"# editor: implement numeric overlay

**Issue ID:** ARQ-053
**Phase:** Phase 1
**Epic:** Editor interaction
**Priority:** high
**Suggested labels:** type: feature, area: editor, priority: high, state: blocked
**Dependencies:** ARQ-052

## Problem

Complete this task as part of the ordered Arq implementation plan. The implementation
must follow the complete blueprint and approved ADRs.

## Scope

Implement numeric overlay.

## Non-goals

- Do not expand into later release scope.
- Do not introduce unreviewed dependencies.
- Do not couple project semantics to renderer or external-format classes.

## Acceptance criteria

- [ ] The scope and non-goals are documented.
- [ ] The result is reviewed against the complete blueprint.
- [ ] Tests or evidence appropriate to the task are included.
- [ ] New dependencies and licence effects are recorded.
- [ ] Escape and Enter behaviour is defined.
- [ ] Invalid input leaves committed project state unchanged.

## Evidence

Attach tests, screenshots, recordings, benchmark output or research notes as relevant.

## Documentation

Update the appropriate package specification and ADR if the task changes a decision.
",,,,,,,,,
ARQ-054,editor: support metric numeric input,historical requirement; revalidate,"[""E03""]",backlog/issues/054-editor-support-metric-numeric-input.md,https://github.com/ruddvz/Arq/blob/a02ccc69e44e41324324c9482a43edbfb58e7905/backlog/issues/054-editor-support-metric-numeric-input.md,Reuse existing implementation and linked issues; preserve original dependencies and acceptance; do not reopen simply because this plan lists it.,explicit historic work-family allocation,"# editor: support metric numeric input

**Issue ID:** ARQ-054
**Phase:** Phase 1
**Epic:** Editor interaction
**Priority:** high
**Suggested labels:** type: feature, area: editor, priority: high, state: blocked
**Dependencies:** ARQ-053

## Problem

Complete this task as part of the ordered Arq implementation plan. The implementation
must follow the complete blueprint and approved ADRs.

## Scope

Support metric numeric input.

## Non-goals

- Do not expand into later release scope.
- Do not introduce unreviewed dependencies.
- Do not couple project semantics to renderer or external-format classes.

## Acceptance criteria

- [ ] The scope and non-goals are documented.
- [ ] The result is reviewed against the complete blueprint.
- [ ] Tests or evidence appropriate to the task are included.
- [ ] New dependencies and licence effects are recorded.
- [ ] Escape and Enter behaviour is defined.
- [ ] Invalid input leaves committed project state unchanged.

## Evidence

Attach tests, screenshots, recordings, benchmark output or research notes as relevant.

## Documentation

Update the appropriate package specification and ADR if the task changes a decision.
",,,,,,,,,
ARQ-055,editor: support imperial numeric input,historical requirement; revalidate,"[""E03""]",backlog/issues/055-editor-support-imperial-numeric-input.md,https://github.com/ruddvz/Arq/blob/a02ccc69e44e41324324c9482a43edbfb58e7905/backlog/issues/055-editor-support-imperial-numeric-input.md,Reuse existing implementation and linked issues; preserve original dependencies and acceptance; do not reopen simply because this plan lists it.,explicit historic work-family allocation,"# editor: support imperial numeric input

**Issue ID:** ARQ-055
**Phase:** Phase 1
**Epic:** Editor interaction
**Priority:** high
**Suggested labels:** type: feature, area: editor, priority: high, state: blocked
**Dependencies:** ARQ-054

## Problem

Complete this task as part of the ordered Arq implementation plan. The implementation
must follow the complete blueprint and approved ADRs.

## Scope

Support imperial numeric input.

## Non-goals

- Do not expand into later release scope.
- Do not introduce unreviewed dependencies.
- Do not couple project semantics to renderer or external-format classes.

## Acceptance criteria

- [ ] The scope and non-goals are documented.
- [ ] The result is reviewed against the complete blueprint.
- [ ] Tests or evidence appropriate to the task are included.
- [ ] New dependencies and licence effects are recorded.
- [ ] Escape and Enter behaviour is defined.
- [ ] Invalid input leaves committed project state unchanged.

## Evidence

Attach tests, screenshots, recordings, benchmark output or research notes as relevant.

## Documentation

Update the appropriate package specification and ADR if the task changes a decision.
",,,,,,,,,
ARQ-056,editor: implement undo command stack,historical requirement; revalidate,"[""E06""]",backlog/issues/056-editor-implement-undo-command-stack.md,https://github.com/ruddvz/Arq/blob/a02ccc69e44e41324324c9482a43edbfb58e7905/backlog/issues/056-editor-implement-undo-command-stack.md,Reuse existing implementation and linked issues; preserve original dependencies and acceptance; do not reopen simply because this plan lists it.,explicit historic work-family allocation,"# editor: implement undo command stack

**Issue ID:** ARQ-056
**Phase:** Phase 1
**Epic:** Editor interaction
**Priority:** high
**Suggested labels:** type: feature, area: editor, priority: high, state: blocked
**Dependencies:** ARQ-055

## Problem

Complete this task as part of the ordered Arq implementation plan. The implementation
must follow the complete blueprint and approved ADRs.

## Scope

Implement undo command stack.

## Non-goals

- Do not expand into later release scope.
- Do not introduce unreviewed dependencies.
- Do not couple project semantics to renderer or external-format classes.

## Acceptance criteria

- [ ] The scope and non-goals are documented.
- [ ] The result is reviewed against the complete blueprint.
- [ ] Tests or evidence appropriate to the task are included.
- [ ] New dependencies and licence effects are recorded.
- [ ] Escape and Enter behaviour is defined.
- [ ] Invalid input leaves committed project state unchanged.

## Evidence

Attach tests, screenshots, recordings, benchmark output or research notes as relevant.

## Documentation

Update the appropriate package specification and ADR if the task changes a decision.
",,,,,,,,,
ARQ-057,editor: implement redo,historical requirement; revalidate,"[""E06""]",backlog/issues/057-editor-implement-redo.md,https://github.com/ruddvz/Arq/blob/a02ccc69e44e41324324c9482a43edbfb58e7905/backlog/issues/057-editor-implement-redo.md,Reuse existing implementation and linked issues; preserve original dependencies and acceptance; do not reopen simply because this plan lists it.,explicit historic work-family allocation,"# editor: implement redo

**Issue ID:** ARQ-057
**Phase:** Phase 1
**Epic:** Editor interaction
**Priority:** high
**Suggested labels:** type: feature, area: editor, priority: high, state: blocked
**Dependencies:** ARQ-056

## Problem

Complete this task as part of the ordered Arq implementation plan. The implementation
must follow the complete blueprint and approved ADRs.

## Scope

Implement redo.

## Non-goals

- Do not expand into later release scope.
- Do not introduce unreviewed dependencies.
- Do not couple project semantics to renderer or external-format classes.

## Acceptance criteria

- [ ] The scope and non-goals are documented.
- [ ] The result is reviewed against the complete blueprint.
- [ ] Tests or evidence appropriate to the task are included.
- [ ] New dependencies and licence effects are recorded.
- [ ] Escape and Enter behaviour is defined.
- [ ] Invalid input leaves committed project state unchanged.

## Evidence

Attach tests, screenshots, recordings, benchmark output or research notes as relevant.

## Documentation

Update the appropriate package specification and ADR if the task changes a decision.
",,,,,,,,,
ARQ-058,core: select canonical unit representation,historical requirement; revalidate,"[""E03""]",backlog/issues/058-core-select-canonical-unit-representation.md,https://github.com/ruddvz/Arq/blob/a02ccc69e44e41324324c9482a43edbfb58e7905/backlog/issues/058-core-select-canonical-unit-representation.md,Reuse existing implementation and linked issues; preserve original dependencies and acceptance; do not reopen simply because this plan lists it.,explicit historic work-family allocation,"# core: select canonical unit representation

**Issue ID:** ARQ-058
**Phase:** Phase 1
**Epic:** Core model
**Priority:** high
**Suggested labels:** type: feature, area: core, priority: high, state: blocked
**Dependencies:** ARQ-057

## Problem

Complete this task as part of the ordered Arq implementation plan. The implementation
must follow the complete blueprint and approved ADRs.

## Scope

Select canonical unit representation.

## Non-goals

- Do not expand into later release scope.
- Do not introduce unreviewed dependencies.
- Do not couple project semantics to renderer or external-format classes.

## Acceptance criteria

- [ ] The scope and non-goals are documented.
- [ ] The result is reviewed against the complete blueprint.
- [ ] Tests or evidence appropriate to the task are included.
- [ ] New dependencies and licence effects are recorded.

## Evidence

Attach tests, screenshots, recordings, benchmark output or research notes as relevant.

## Documentation

Update the appropriate package specification and ADR if the task changes a decision.
",,,,,,,,,
ARQ-059,core: define typed unit library,historical requirement; revalidate,"[""E03""]",backlog/issues/059-core-define-typed-unit-library.md,https://github.com/ruddvz/Arq/blob/a02ccc69e44e41324324c9482a43edbfb58e7905/backlog/issues/059-core-define-typed-unit-library.md,Reuse existing implementation and linked issues; preserve original dependencies and acceptance; do not reopen simply because this plan lists it.,explicit historic work-family allocation,"# core: define typed unit library

**Issue ID:** ARQ-059
**Phase:** Phase 1
**Epic:** Core model
**Priority:** high
**Suggested labels:** type: feature, area: core, priority: high, state: blocked
**Dependencies:** ARQ-058

## Problem

Complete this task as part of the ordered Arq implementation plan. The implementation
must follow the complete blueprint and approved ADRs.

## Scope

Define typed unit library.

## Non-goals

- Do not expand into later release scope.
- Do not introduce unreviewed dependencies.
- Do not couple project semantics to renderer or external-format classes.

## Acceptance criteria

- [ ] The scope and non-goals are documented.
- [ ] The result is reviewed against the complete blueprint.
- [ ] Tests or evidence appropriate to the task are included.
- [ ] New dependencies and licence effects are recorded.

## Evidence

Attach tests, screenshots, recordings, benchmark output or research notes as relevant.

## Documentation

Update the appropriate package specification and ADR if the task changes a decision.
",,,,,,,,,
ARQ-060,core: define ID types,historical requirement; revalidate,"[""E05""]",backlog/issues/060-core-define-id-types.md,https://github.com/ruddvz/Arq/blob/a02ccc69e44e41324324c9482a43edbfb58e7905/backlog/issues/060-core-define-id-types.md,Reuse existing implementation and linked issues; preserve original dependencies and acceptance; do not reopen simply because this plan lists it.,explicit historic work-family allocation,"# core: define ID types

**Issue ID:** ARQ-060
**Phase:** Phase 1
**Epic:** Core model
**Priority:** high
**Suggested labels:** type: feature, area: core, priority: high, state: blocked
**Dependencies:** ARQ-059

## Problem

Complete this task as part of the ordered Arq implementation plan. The implementation
must follow the complete blueprint and approved ADRs.

## Scope

Define id types.

## Non-goals

- Do not expand into later release scope.
- Do not introduce unreviewed dependencies.
- Do not couple project semantics to renderer or external-format classes.

## Acceptance criteria

- [ ] The scope and non-goals are documented.
- [ ] The result is reviewed against the complete blueprint.
- [ ] Tests or evidence appropriate to the task are included.
- [ ] New dependencies and licence effects are recorded.

## Evidence

Attach tests, screenshots, recordings, benchmark output or research notes as relevant.

## Documentation

Update the appropriate package specification and ADR if the task changes a decision.
",,,,,,,,,
ARQ-061,core: define project schema v0,historical requirement; revalidate,"[""E05""]",backlog/issues/061-core-define-project-schema-v0.md,https://github.com/ruddvz/Arq/blob/a02ccc69e44e41324324c9482a43edbfb58e7905/backlog/issues/061-core-define-project-schema-v0.md,Reuse existing implementation and linked issues; preserve original dependencies and acceptance; do not reopen simply because this plan lists it.,explicit historic work-family allocation,"# core: define project schema v0

**Issue ID:** ARQ-061
**Phase:** Phase 1
**Epic:** Core model
**Priority:** high
**Suggested labels:** type: feature, area: core, priority: high, state: blocked
**Dependencies:** ARQ-060

## Problem

Complete this task as part of the ordered Arq implementation plan. The implementation
must follow the complete blueprint and approved ADRs.

## Scope

Define project schema v0.

## Non-goals

- Do not expand into later release scope.
- Do not introduce unreviewed dependencies.
- Do not couple project semantics to renderer or external-format classes.

## Acceptance criteria

- [ ] The scope and non-goals are documented.
- [ ] The result is reviewed against the complete blueprint.
- [ ] Tests or evidence appropriate to the task are included.
- [ ] New dependencies and licence effects are recorded.

## Evidence

Attach tests, screenshots, recordings, benchmark output or research notes as relevant.

## Documentation

Update the appropriate package specification and ADR if the task changes a decision.
",,,,,,,,,
ARQ-062,core: define level schema,historical requirement; revalidate,"[""E05""]",backlog/issues/062-core-define-level-schema.md,https://github.com/ruddvz/Arq/blob/a02ccc69e44e41324324c9482a43edbfb58e7905/backlog/issues/062-core-define-level-schema.md,Reuse existing implementation and linked issues; preserve original dependencies and acceptance; do not reopen simply because this plan lists it.,explicit historic work-family allocation,"# core: define level schema

**Issue ID:** ARQ-062
**Phase:** Phase 1
**Epic:** Core model
**Priority:** high
**Suggested labels:** type: feature, area: core, priority: high, state: blocked
**Dependencies:** ARQ-061

## Problem

Complete this task as part of the ordered Arq implementation plan. The implementation
must follow the complete blueprint and approved ADRs.

## Scope

Define level schema.

## Non-goals

- Do not expand into later release scope.
- Do not introduce unreviewed dependencies.
- Do not couple project semantics to renderer or external-format classes.

## Acceptance criteria

- [ ] The scope and non-goals are documented.
- [ ] The result is reviewed against the complete blueprint.
- [ ] Tests or evidence appropriate to the task are included.
- [ ] New dependencies and licence effects are recorded.

## Evidence

Attach tests, screenshots, recordings, benchmark output or research notes as relevant.

## Documentation

Update the appropriate package specification and ADR if the task changes a decision.
",,,,,,,,,
ARQ-063,core: define element base schema,historical requirement; revalidate,"[""E05""]",backlog/issues/063-core-define-element-base-schema.md,https://github.com/ruddvz/Arq/blob/a02ccc69e44e41324324c9482a43edbfb58e7905/backlog/issues/063-core-define-element-base-schema.md,Reuse existing implementation and linked issues; preserve original dependencies and acceptance; do not reopen simply because this plan lists it.,explicit historic work-family allocation,"# core: define element base schema

**Issue ID:** ARQ-063
**Phase:** Phase 1
**Epic:** Core model
**Priority:** high
**Suggested labels:** type: feature, area: core, priority: high, state: blocked
**Dependencies:** ARQ-062

## Problem

Complete this task as part of the ordered Arq implementation plan. The implementation
must follow the complete blueprint and approved ADRs.

## Scope

Define element base schema.

## Non-goals

- Do not expand into later release scope.
- Do not introduce unreviewed dependencies.
- Do not couple project semantics to renderer or external-format classes.

## Acceptance criteria

- [ ] The scope and non-goals are documented.
- [ ] The result is reviewed against the complete blueprint.
- [ ] Tests or evidence appropriate to the task are included.
- [ ] New dependencies and licence effects are recorded.

## Evidence

Attach tests, screenshots, recordings, benchmark output or research notes as relevant.

## Documentation

Update the appropriate package specification and ADR if the task changes a decision.
",,,,,,,,,
ARQ-064,core: define type and instance property states,historical requirement; revalidate,"[""E05""]",backlog/issues/064-core-define-type-and-instance-property-states.md,https://github.com/ruddvz/Arq/blob/a02ccc69e44e41324324c9482a43edbfb58e7905/backlog/issues/064-core-define-type-and-instance-property-states.md,Reuse existing implementation and linked issues; preserve original dependencies and acceptance; do not reopen simply because this plan lists it.,explicit historic work-family allocation,"# core: define type and instance property states

**Issue ID:** ARQ-064
**Phase:** Phase 1
**Epic:** Core model
**Priority:** high
**Suggested labels:** type: feature, area: core, priority: high, state: blocked
**Dependencies:** ARQ-063

## Problem

Complete this task as part of the ordered Arq implementation plan. The implementation
must follow the complete blueprint and approved ADRs.

## Scope

Define type and instance property states.

## Non-goals

- Do not expand into later release scope.
- Do not introduce unreviewed dependencies.
- Do not couple project semantics to renderer or external-format classes.

## Acceptance criteria

- [ ] The scope and non-goals are documented.
- [ ] The result is reviewed against the complete blueprint.
- [ ] Tests or evidence appropriate to the task are included.
- [ ] New dependencies and licence effects are recorded.

## Evidence

Attach tests, screenshots, recordings, benchmark output or research notes as relevant.

## Documentation

Update the appropriate package specification and ADR if the task changes a decision.
",,,,,,,,,
ARQ-065,operations: define operation contract,historical requirement; revalidate,"[""E06""]",backlog/issues/065-operations-define-operation-contract.md,https://github.com/ruddvz/Arq/blob/a02ccc69e44e41324324c9482a43edbfb58e7905/backlog/issues/065-operations-define-operation-contract.md,Reuse existing implementation and linked issues; preserve original dependencies and acceptance; do not reopen simply because this plan lists it.,explicit historic work-family allocation,"# operations: define operation contract

**Issue ID:** ARQ-065
**Phase:** Phase 1
**Epic:** Operations and undo
**Priority:** high
**Suggested labels:** type: feature, area: operations, priority: high, state: blocked
**Dependencies:** ARQ-064

## Problem

Complete this task as part of the ordered Arq implementation plan. The implementation
must follow the complete blueprint and approved ADRs.

## Scope

Define operation contract.

## Non-goals

- Do not expand into later release scope.
- Do not introduce unreviewed dependencies.
- Do not couple project semantics to renderer or external-format classes.

## Acceptance criteria

- [ ] The scope and non-goals are documented.
- [ ] The result is reviewed against the complete blueprint.
- [ ] Tests or evidence appropriate to the task are included.
- [ ] New dependencies and licence effects are recorded.

## Evidence

Attach tests, screenshots, recordings, benchmark output or research notes as relevant.

## Documentation

Update the appropriate package specification and ADR if the task changes a decision.
",,,,,,,,,
ARQ-066,operations: define validation result contract,historical requirement; revalidate,"[""E06""]",backlog/issues/066-operations-define-validation-result-contract.md,https://github.com/ruddvz/Arq/blob/a02ccc69e44e41324324c9482a43edbfb58e7905/backlog/issues/066-operations-define-validation-result-contract.md,Reuse existing implementation and linked issues; preserve original dependencies and acceptance; do not reopen simply because this plan lists it.,explicit historic work-family allocation,"# operations: define validation result contract

**Issue ID:** ARQ-066
**Phase:** Phase 1
**Epic:** Operations and undo
**Priority:** high
**Suggested labels:** type: feature, area: operations, priority: high, state: blocked
**Dependencies:** ARQ-065

## Problem

Complete this task as part of the ordered Arq implementation plan. The implementation
must follow the complete blueprint and approved ADRs.

## Scope

Define validation result contract.

## Non-goals

- Do not expand into later release scope.
- Do not introduce unreviewed dependencies.
- Do not couple project semantics to renderer or external-format classes.

## Acceptance criteria

- [ ] The scope and non-goals are documented.
- [ ] The result is reviewed against the complete blueprint.
- [ ] Tests or evidence appropriate to the task are included.
- [ ] New dependencies and licence effects are recorded.

## Evidence

Attach tests, screenshots, recordings, benchmark output or research notes as relevant.

## Documentation

Update the appropriate package specification and ADR if the task changes a decision.
",,,,,,,,,
ARQ-067,operations: implement create element operation,historical requirement; revalidate,"[""E06""]",backlog/issues/067-operations-implement-create-element-operation.md,https://github.com/ruddvz/Arq/blob/a02ccc69e44e41324324c9482a43edbfb58e7905/backlog/issues/067-operations-implement-create-element-operation.md,Reuse existing implementation and linked issues; preserve original dependencies and acceptance; do not reopen simply because this plan lists it.,explicit historic work-family allocation,"# operations: implement create element operation

**Issue ID:** ARQ-067
**Phase:** Phase 1
**Epic:** Operations and undo
**Priority:** high
**Suggested labels:** type: feature, area: operations, priority: high, state: blocked
**Dependencies:** ARQ-066

## Problem

Complete this task as part of the ordered Arq implementation plan. The implementation
must follow the complete blueprint and approved ADRs.

## Scope

Implement create element operation.

## Non-goals

- Do not expand into later release scope.
- Do not introduce unreviewed dependencies.
- Do not couple project semantics to renderer or external-format classes.

## Acceptance criteria

- [ ] The scope and non-goals are documented.
- [ ] The result is reviewed against the complete blueprint.
- [ ] Tests or evidence appropriate to the task are included.
- [ ] New dependencies and licence effects are recorded.

## Evidence

Attach tests, screenshots, recordings, benchmark output or research notes as relevant.

## Documentation

Update the appropriate package specification and ADR if the task changes a decision.
",,,,,,,,,
ARQ-068,operations: implement update property operation,historical requirement; revalidate,"[""E06""]",backlog/issues/068-operations-implement-update-property-operation.md,https://github.com/ruddvz/Arq/blob/a02ccc69e44e41324324c9482a43edbfb58e7905/backlog/issues/068-operations-implement-update-property-operation.md,Reuse existing implementation and linked issues; preserve original dependencies and acceptance; do not reopen simply because this plan lists it.,explicit historic work-family allocation,"# operations: implement update property operation

**Issue ID:** ARQ-068
**Phase:** Phase 1
**Epic:** Operations and undo
**Priority:** high
**Suggested labels:** type: feature, area: operations, priority: high, state: blocked
**Dependencies:** ARQ-067

## Problem

Complete this task as part of the ordered Arq implementation plan. The implementation
must follow the complete blueprint and approved ADRs.

## Scope

Implement update property operation.

## Non-goals

- Do not expand into later release scope.
- Do not introduce unreviewed dependencies.
- Do not couple project semantics to renderer or external-format classes.

## Acceptance criteria

- [ ] The scope and non-goals are documented.
- [ ] The result is reviewed against the complete blueprint.
- [ ] Tests or evidence appropriate to the task are included.
- [ ] New dependencies and licence effects are recorded.

## Evidence

Attach tests, screenshots, recordings, benchmark output or research notes as relevant.

## Documentation

Update the appropriate package specification and ADR if the task changes a decision.
",,,,,,,,,
ARQ-069,operations: implement delete element operation,historical requirement; revalidate,"[""E06""]",backlog/issues/069-operations-implement-delete-element-operation.md,https://github.com/ruddvz/Arq/blob/a02ccc69e44e41324324c9482a43edbfb58e7905/backlog/issues/069-operations-implement-delete-element-operation.md,Reuse existing implementation and linked issues; preserve original dependencies and acceptance; do not reopen simply because this plan lists it.,explicit historic work-family allocation,"# operations: implement delete element operation

**Issue ID:** ARQ-069
**Phase:** Phase 1
**Epic:** Operations and undo
**Priority:** high
**Suggested labels:** type: feature, area: operations, priority: high, state: blocked
**Dependencies:** ARQ-068

## Problem

Complete this task as part of the ordered Arq implementation plan. The implementation
must follow the complete blueprint and approved ADRs.

## Scope

Implement delete element operation.

## Non-goals

- Do not expand into later release scope.
- Do not introduce unreviewed dependencies.
- Do not couple project semantics to renderer or external-format classes.

## Acceptance criteria

- [ ] The scope and non-goals are documented.
- [ ] The result is reviewed against the complete blueprint.
- [ ] Tests or evidence appropriate to the task are included.
- [ ] New dependencies and licence effects are recorded.

## Evidence

Attach tests, screenshots, recordings, benchmark output or research notes as relevant.

## Documentation

Update the appropriate package specification and ADR if the task changes a decision.
",,,,,,,,,
ARQ-070,operations: implement inverse operation tests,historical requirement; revalidate,"[""E06""]",backlog/issues/070-operations-implement-inverse-operation-tests.md,https://github.com/ruddvz/Arq/blob/a02ccc69e44e41324324c9482a43edbfb58e7905/backlog/issues/070-operations-implement-inverse-operation-tests.md,Reuse existing implementation and linked issues; preserve original dependencies and acceptance; do not reopen simply because this plan lists it.,explicit historic work-family allocation,"# operations: implement inverse operation tests

**Issue ID:** ARQ-070
**Phase:** Phase 1
**Epic:** Operations and undo
**Priority:** high
**Suggested labels:** type: feature, area: operations, priority: high, state: blocked
**Dependencies:** ARQ-069

## Problem

Complete this task as part of the ordered Arq implementation plan. The implementation
must follow the complete blueprint and approved ADRs.

## Scope

Implement inverse operation tests.

## Non-goals

- Do not expand into later release scope.
- Do not introduce unreviewed dependencies.
- Do not couple project semantics to renderer or external-format classes.

## Acceptance criteria

- [ ] The scope and non-goals are documented.
- [ ] The result is reviewed against the complete blueprint.
- [ ] Tests or evidence appropriate to the task are included.
- [ ] New dependencies and licence effects are recorded.

## Evidence

Attach tests, screenshots, recordings, benchmark output or research notes as relevant.

## Documentation

Update the appropriate package specification and ADR if the task changes a decision.
",,,,,,,,,
ARQ-071,storage: add Dexie project database,historical requirement; revalidate,"[""E06""]",backlog/issues/071-storage-add-dexie-project-database.md,https://github.com/ruddvz/Arq/blob/a02ccc69e44e41324324c9482a43edbfb58e7905/backlog/issues/071-storage-add-dexie-project-database.md,Reuse existing implementation and linked issues; preserve original dependencies and acceptance; do not reopen simply because this plan lists it.,explicit historic work-family allocation,"# storage: add Dexie project database

**Issue ID:** ARQ-071
**Phase:** Phase 1
**Epic:** Local storage
**Priority:** high
**Suggested labels:** type: feature, area: storage, priority: high, state: blocked
**Dependencies:** ARQ-070

## Problem

Complete this task as part of the ordered Arq implementation plan. The implementation
must follow the complete blueprint and approved ADRs.

## Scope

Add dexie project database.

## Non-goals

- Do not expand into later release scope.
- Do not introduce unreviewed dependencies.
- Do not couple project semantics to renderer or external-format classes.

## Acceptance criteria

- [ ] The scope and non-goals are documented.
- [ ] The result is reviewed against the complete blueprint.
- [ ] Tests or evidence appropriate to the task are included.
- [ ] New dependencies and licence effects are recorded.
- [ ] Abnormal closure and quota failure are tested.
- [ ] The user can export a local archive.

## Evidence

Attach tests, screenshots, recordings, benchmark output or research notes as relevant.

## Documentation

Update the appropriate package specification and ADR if the task changes a decision.
",,,,,,,,,
ARQ-072,storage: implement local journal,historical requirement; revalidate,"[""E06""]",backlog/issues/072-storage-implement-local-journal.md,https://github.com/ruddvz/Arq/blob/a02ccc69e44e41324324c9482a43edbfb58e7905/backlog/issues/072-storage-implement-local-journal.md,Reuse existing implementation and linked issues; preserve original dependencies and acceptance; do not reopen simply because this plan lists it.,explicit historic work-family allocation,"# storage: implement local journal

**Issue ID:** ARQ-072
**Phase:** Phase 1
**Epic:** Local storage
**Priority:** high
**Suggested labels:** type: feature, area: storage, priority: high, state: blocked
**Dependencies:** ARQ-071

## Problem

Complete this task as part of the ordered Arq implementation plan. The implementation
must follow the complete blueprint and approved ADRs.

## Scope

Implement local journal.

## Non-goals

- Do not expand into later release scope.
- Do not introduce unreviewed dependencies.
- Do not couple project semantics to renderer or external-format classes.

## Acceptance criteria

- [ ] The scope and non-goals are documented.
- [ ] The result is reviewed against the complete blueprint.
- [ ] Tests or evidence appropriate to the task are included.
- [ ] New dependencies and licence effects are recorded.
- [ ] Abnormal closure and quota failure are tested.
- [ ] The user can export a local archive.

## Evidence

Attach tests, screenshots, recordings, benchmark output or research notes as relevant.

## Documentation

Update the appropriate package specification and ADR if the task changes a decision.
",,,,,,,,,
ARQ-073,storage: implement snapshots,historical requirement; revalidate,"[""E06""]",backlog/issues/073-storage-implement-snapshots.md,https://github.com/ruddvz/Arq/blob/a02ccc69e44e41324324c9482a43edbfb58e7905/backlog/issues/073-storage-implement-snapshots.md,Reuse existing implementation and linked issues; preserve original dependencies and acceptance; do not reopen simply because this plan lists it.,explicit historic work-family allocation,"# storage: implement snapshots

**Issue ID:** ARQ-073
**Phase:** Phase 1
**Epic:** Local storage
**Priority:** high
**Suggested labels:** type: feature, area: storage, priority: high, state: blocked
**Dependencies:** ARQ-072

## Problem

Complete this task as part of the ordered Arq implementation plan. The implementation
must follow the complete blueprint and approved ADRs.

## Scope

Implement snapshots.

## Non-goals

- Do not expand into later release scope.
- Do not introduce unreviewed dependencies.
- Do not couple project semantics to renderer or external-format classes.

## Acceptance criteria

- [ ] The scope and non-goals are documented.
- [ ] The result is reviewed against the complete blueprint.
- [ ] Tests or evidence appropriate to the task are included.
- [ ] New dependencies and licence effects are recorded.
- [ ] Abnormal closure and quota failure are tested.
- [ ] The user can export a local archive.

## Evidence

Attach tests, screenshots, recordings, benchmark output or research notes as relevant.

## Documentation

Update the appropriate package specification and ADR if the task changes a decision.
",,,,,,,,,
ARQ-074,storage: implement quota handling,historical requirement; revalidate,"[""E07""]",backlog/issues/074-storage-implement-quota-handling.md,https://github.com/ruddvz/Arq/blob/a02ccc69e44e41324324c9482a43edbfb58e7905/backlog/issues/074-storage-implement-quota-handling.md,Reuse existing implementation and linked issues; preserve original dependencies and acceptance; do not reopen simply because this plan lists it.,explicit historic work-family allocation,"# storage: implement quota handling

**Issue ID:** ARQ-074
**Phase:** Phase 1
**Epic:** Local storage
**Priority:** high
**Suggested labels:** type: feature, area: storage, priority: high, state: blocked
**Dependencies:** ARQ-073

## Problem

Complete this task as part of the ordered Arq implementation plan. The implementation
must follow the complete blueprint and approved ADRs.

## Scope

Implement quota handling.

## Non-goals

- Do not expand into later release scope.
- Do not introduce unreviewed dependencies.
- Do not couple project semantics to renderer or external-format classes.

## Acceptance criteria

- [ ] The scope and non-goals are documented.
- [ ] The result is reviewed against the complete blueprint.
- [ ] Tests or evidence appropriate to the task are included.
- [ ] New dependencies and licence effects are recorded.
- [ ] Abnormal closure and quota failure are tested.
- [ ] The user can export a local archive.

## Evidence

Attach tests, screenshots, recordings, benchmark output or research notes as relevant.

## Documentation

Update the appropriate package specification and ADR if the task changes a decision.
",,,,,,,,,
ARQ-075,storage: implement abnormal-exit recovery,historical requirement; revalidate,"[""E07""]",backlog/issues/075-storage-implement-abnormal-exit-recovery.md,https://github.com/ruddvz/Arq/blob/a02ccc69e44e41324324c9482a43edbfb58e7905/backlog/issues/075-storage-implement-abnormal-exit-recovery.md,Reuse existing implementation and linked issues; preserve original dependencies and acceptance; do not reopen simply because this plan lists it.,explicit historic work-family allocation,"# storage: implement abnormal-exit recovery

**Issue ID:** ARQ-075
**Phase:** Phase 1
**Epic:** Local storage
**Priority:** high
**Suggested labels:** type: feature, area: storage, priority: high, state: blocked
**Dependencies:** ARQ-074

## Problem

Complete this task as part of the ordered Arq implementation plan. The implementation
must follow the complete blueprint and approved ADRs.

## Scope

Implement abnormal-exit recovery.

## Non-goals

- Do not expand into later release scope.
- Do not introduce unreviewed dependencies.
- Do not couple project semantics to renderer or external-format classes.

## Acceptance criteria

- [ ] The scope and non-goals are documented.
- [ ] The result is reviewed against the complete blueprint.
- [ ] Tests or evidence appropriate to the task are included.
- [ ] New dependencies and licence effects are recorded.
- [ ] Abnormal closure and quota failure are tested.
- [ ] The user can export a local archive.

## Evidence

Attach tests, screenshots, recordings, benchmark output or research notes as relevant.

## Documentation

Update the appropriate package specification and ADR if the task changes a decision.
",,,,,,,,,
ARQ-076,format: define arq manifest,historical requirement; revalidate,"[""E07""]",backlog/issues/076-format-define-arq-manifest.md,https://github.com/ruddvz/Arq/blob/a02ccc69e44e41324324c9482a43edbfb58e7905/backlog/issues/076-format-define-arq-manifest.md,Reuse existing implementation and linked issues; preserve original dependencies and acceptance; do not reopen simply because this plan lists it.,explicit historic work-family allocation,"# format: define arq manifest

**Issue ID:** ARQ-076
**Phase:** Phase 1
**Epic:** Project format
**Priority:** high
**Suggested labels:** type: feature, area: format, priority: high, state: blocked
**Dependencies:** ARQ-075

## Problem

Complete this task as part of the ordered Arq implementation plan. The implementation
must follow the complete blueprint and approved ADRs.

## Scope

Define arq manifest.

## Non-goals

- Do not expand into later release scope.
- Do not introduce unreviewed dependencies.
- Do not couple project semantics to renderer or external-format classes.

## Acceptance criteria

- [ ] The scope and non-goals are documented.
- [ ] The result is reviewed against the complete blueprint.
- [ ] Tests or evidence appropriate to the task are included.
- [ ] New dependencies and licence effects are recorded.
- [ ] Schema version and migration effect are documented.
- [ ] Corrupt optional data fails safely.

## Evidence

Attach tests, screenshots, recordings, benchmark output or research notes as relevant.

## Documentation

Update the appropriate package specification and ADR if the task changes a decision.
",,,,,,,,,
ARQ-077,format: implement archive checksums,historical requirement; revalidate,"[""E07""]",backlog/issues/077-format-implement-archive-checksums.md,https://github.com/ruddvz/Arq/blob/a02ccc69e44e41324324c9482a43edbfb58e7905/backlog/issues/077-format-implement-archive-checksums.md,Reuse existing implementation and linked issues; preserve original dependencies and acceptance; do not reopen simply because this plan lists it.,explicit historic work-family allocation,"# format: implement archive checksums

**Issue ID:** ARQ-077
**Phase:** Phase 1
**Epic:** Project format
**Priority:** high
**Suggested labels:** type: feature, area: format, priority: high, state: blocked
**Dependencies:** ARQ-076

## Problem

Complete this task as part of the ordered Arq implementation plan. The implementation
must follow the complete blueprint and approved ADRs.

## Scope

Implement archive checksums.

## Non-goals

- Do not expand into later release scope.
- Do not introduce unreviewed dependencies.
- Do not couple project semantics to renderer or external-format classes.

## Acceptance criteria

- [ ] The scope and non-goals are documented.
- [ ] The result is reviewed against the complete blueprint.
- [ ] Tests or evidence appropriate to the task are included.
- [ ] New dependencies and licence effects are recorded.
- [ ] Schema version and migration effect are documented.
- [ ] Corrupt optional data fails safely.

## Evidence

Attach tests, screenshots, recordings, benchmark output or research notes as relevant.

## Documentation

Update the appropriate package specification and ADR if the task changes a decision.
",,,,,,,,,
ARQ-078,format: implement arq export,historical requirement; revalidate,"[""E07""]",backlog/issues/078-format-implement-arq-export.md,https://github.com/ruddvz/Arq/blob/a02ccc69e44e41324324c9482a43edbfb58e7905/backlog/issues/078-format-implement-arq-export.md,Reuse existing implementation and linked issues; preserve original dependencies and acceptance; do not reopen simply because this plan lists it.,explicit historic work-family allocation,"# format: implement arq export

**Issue ID:** ARQ-078
**Phase:** Phase 1
**Epic:** Project format
**Priority:** high
**Suggested labels:** type: feature, area: format, priority: high, state: blocked
**Dependencies:** ARQ-077

## Problem

Complete this task as part of the ordered Arq implementation plan. The implementation
must follow the complete blueprint and approved ADRs.

## Scope

Implement arq export.

## Non-goals

- Do not expand into later release scope.
- Do not introduce unreviewed dependencies.
- Do not couple project semantics to renderer or external-format classes.

## Acceptance criteria

- [ ] The scope and non-goals are documented.
- [ ] The result is reviewed against the complete blueprint.
- [ ] Tests or evidence appropriate to the task are included.
- [ ] New dependencies and licence effects are recorded.
- [ ] Schema version and migration effect are documented.
- [ ] Corrupt optional data fails safely.

## Evidence

Attach tests, screenshots, recordings, benchmark output or research notes as relevant.

## Documentation

Update the appropriate package specification and ADR if the task changes a decision.
",,,,,,,,,
ARQ-079,format: implement arq import,historical requirement; revalidate,"[""E07""]",backlog/issues/079-format-implement-arq-import.md,https://github.com/ruddvz/Arq/blob/a02ccc69e44e41324324c9482a43edbfb58e7905/backlog/issues/079-format-implement-arq-import.md,Reuse existing implementation and linked issues; preserve original dependencies and acceptance; do not reopen simply because this plan lists it.,explicit historic work-family allocation,"# format: implement arq import

**Issue ID:** ARQ-079
**Phase:** Phase 1
**Epic:** Project format
**Priority:** high
**Suggested labels:** type: feature, area: format, priority: high, state: blocked
**Dependencies:** ARQ-078

## Problem

Complete this task as part of the ordered Arq implementation plan. The implementation
must follow the complete blueprint and approved ADRs.

## Scope

Implement arq import.

## Non-goals

- Do not expand into later release scope.
- Do not introduce unreviewed dependencies.
- Do not couple project semantics to renderer or external-format classes.

## Acceptance criteria

- [ ] The scope and non-goals are documented.
- [ ] The result is reviewed against the complete blueprint.
- [ ] Tests or evidence appropriate to the task are included.
- [ ] New dependencies and licence effects are recorded.
- [ ] Schema version and migration effect are documented.
- [ ] Corrupt optional data fails safely.

## Evidence

Attach tests, screenshots, recordings, benchmark output or research notes as relevant.

## Documentation

Update the appropriate package specification and ADR if the task changes a decision.
",,,,,,,,,
ARQ-080,format: implement migration framework,historical requirement; revalidate,"[""E07""]",backlog/issues/080-format-implement-migration-framework.md,https://github.com/ruddvz/Arq/blob/a02ccc69e44e41324324c9482a43edbfb58e7905/backlog/issues/080-format-implement-migration-framework.md,Reuse existing implementation and linked issues; preserve original dependencies and acceptance; do not reopen simply because this plan lists it.,explicit historic work-family allocation,"# format: implement migration framework

**Issue ID:** ARQ-080
**Phase:** Phase 1
**Epic:** Project format
**Priority:** high
**Suggested labels:** type: feature, area: format, priority: high, state: blocked
**Dependencies:** ARQ-079

## Problem

Complete this task as part of the ordered Arq implementation plan. The implementation
must follow the complete blueprint and approved ADRs.

## Scope

Implement migration framework.

## Non-goals

- Do not expand into later release scope.
- Do not introduce unreviewed dependencies.
- Do not couple project semantics to renderer or external-format classes.

## Acceptance criteria

- [ ] The scope and non-goals are documented.
- [ ] The result is reviewed against the complete blueprint.
- [ ] Tests or evidence appropriate to the task are included.
- [ ] New dependencies and licence effects are recorded.
- [ ] Schema version and migration effect are documented.
- [ ] Corrupt optional data fails safely.

## Evidence

Attach tests, screenshots, recordings, benchmark output or research notes as relevant.

## Documentation

Update the appropriate package specification and ADR if the task changes a decision.
",,,,,,,,,
ARQ-081,geometry: define tolerance policy,historical requirement; revalidate,"[""E03""]",backlog/issues/081-geometry-define-tolerance-policy.md,https://github.com/ruddvz/Arq/blob/a02ccc69e44e41324324c9482a43edbfb58e7905/backlog/issues/081-geometry-define-tolerance-policy.md,Reuse existing implementation and linked issues; preserve original dependencies and acceptance; do not reopen simply because this plan lists it.,explicit historic work-family allocation,"# geometry: define tolerance policy

**Issue ID:** ARQ-081
**Phase:** Phase 1
**Epic:** Geometry
**Priority:** high
**Suggested labels:** type: feature, area: geometry, priority: high, state: blocked
**Dependencies:** ARQ-080

## Problem

Complete this task as part of the ordered Arq implementation plan. The implementation
must follow the complete blueprint and approved ADRs.

## Scope

Define tolerance policy.

## Non-goals

- Do not expand into later release scope.
- Do not introduce unreviewed dependencies.
- Do not couple project semantics to renderer or external-format classes.

## Acceptance criteria

- [ ] The scope and non-goals are documented.
- [ ] The result is reviewed against the complete blueprint.
- [ ] Tests or evidence appropriate to the task are included.
- [ ] New dependencies and licence effects are recorded.
- [ ] Tolerance behaviour is explicit.
- [ ] Adversarial and near-degenerate fixtures are included.

## Evidence

Attach tests, screenshots, recordings, benchmark output or research notes as relevant.

## Documentation

Update the appropriate package specification and ADR if the task changes a decision.
",,,,,,,,,
ARQ-082,geometry: implement point and vector primitives,historical requirement; revalidate,"[""E03""]",backlog/issues/082-geometry-implement-point-and-vector-primitives.md,https://github.com/ruddvz/Arq/blob/a02ccc69e44e41324324c9482a43edbfb58e7905/backlog/issues/082-geometry-implement-point-and-vector-primitives.md,Reuse existing implementation and linked issues; preserve original dependencies and acceptance; do not reopen simply because this plan lists it.,explicit historic work-family allocation,"# geometry: implement point and vector primitives

**Issue ID:** ARQ-082
**Phase:** Phase 1
**Epic:** Geometry
**Priority:** high
**Suggested labels:** type: feature, area: geometry, priority: high, state: blocked
**Dependencies:** ARQ-081

## Problem

Complete this task as part of the ordered Arq implementation plan. The implementation
must follow the complete blueprint and approved ADRs.

## Scope

Implement point and vector primitives.

## Non-goals

- Do not expand into later release scope.
- Do not introduce unreviewed dependencies.
- Do not couple project semantics to renderer or external-format classes.

## Acceptance criteria

- [ ] The scope and non-goals are documented.
- [ ] The result is reviewed against the complete blueprint.
- [ ] Tests or evidence appropriate to the task are included.
- [ ] New dependencies and licence effects are recorded.
- [ ] Tolerance behaviour is explicit.
- [ ] Adversarial and near-degenerate fixtures are included.

## Evidence

Attach tests, screenshots, recordings, benchmark output or research notes as relevant.

## Documentation

Update the appropriate package specification and ADR if the task changes a decision.
",,,,,,,,,
ARQ-083,geometry: implement segment intersections,historical requirement; revalidate,"[""E03""]",backlog/issues/083-geometry-implement-segment-intersections.md,https://github.com/ruddvz/Arq/blob/a02ccc69e44e41324324c9482a43edbfb58e7905/backlog/issues/083-geometry-implement-segment-intersections.md,Reuse existing implementation and linked issues; preserve original dependencies and acceptance; do not reopen simply because this plan lists it.,explicit historic work-family allocation,"# geometry: implement segment intersections

**Issue ID:** ARQ-083
**Phase:** Phase 1
**Epic:** Geometry
**Priority:** high
**Suggested labels:** type: feature, area: geometry, priority: high, state: blocked
**Dependencies:** ARQ-082

## Problem

Complete this task as part of the ordered Arq implementation plan. The implementation
must follow the complete blueprint and approved ADRs.

## Scope

Implement segment intersections.

## Non-goals

- Do not expand into later release scope.
- Do not introduce unreviewed dependencies.
- Do not couple project semantics to renderer or external-format classes.

## Acceptance criteria

- [ ] The scope and non-goals are documented.
- [ ] The result is reviewed against the complete blueprint.
- [ ] Tests or evidence appropriate to the task are included.
- [ ] New dependencies and licence effects are recorded.
- [ ] Tolerance behaviour is explicit.
- [ ] Adversarial and near-degenerate fixtures are included.

## Evidence

Attach tests, screenshots, recordings, benchmark output or research notes as relevant.

## Documentation

Update the appropriate package specification and ADR if the task changes a decision.
",,,,,,,,,
ARQ-084,geometry: implement nearest point,historical requirement; revalidate,"[""E03""]",backlog/issues/084-geometry-implement-nearest-point.md,https://github.com/ruddvz/Arq/blob/a02ccc69e44e41324324c9482a43edbfb58e7905/backlog/issues/084-geometry-implement-nearest-point.md,Reuse existing implementation and linked issues; preserve original dependencies and acceptance; do not reopen simply because this plan lists it.,explicit historic work-family allocation,"# geometry: implement nearest point

**Issue ID:** ARQ-084
**Phase:** Phase 1
**Epic:** Geometry
**Priority:** high
**Suggested labels:** type: feature, area: geometry, priority: high, state: blocked
**Dependencies:** ARQ-083

## Problem

Complete this task as part of the ordered Arq implementation plan. The implementation
must follow the complete blueprint and approved ADRs.

## Scope

Implement nearest point.

## Non-goals

- Do not expand into later release scope.
- Do not introduce unreviewed dependencies.
- Do not couple project semantics to renderer or external-format classes.

## Acceptance criteria

- [ ] The scope and non-goals are documented.
- [ ] The result is reviewed against the complete blueprint.
- [ ] Tests or evidence appropriate to the task are included.
- [ ] New dependencies and licence effects are recorded.
- [ ] Tolerance behaviour is explicit.
- [ ] Adversarial and near-degenerate fixtures are included.

## Evidence

Attach tests, screenshots, recordings, benchmark output or research notes as relevant.

## Documentation

Update the appropriate package specification and ADR if the task changes a decision.
",,,,,,,,,
ARQ-085,geometry: implement polygon area and winding,historical requirement; revalidate,"[""E03""]",backlog/issues/085-geometry-implement-polygon-area-and-winding.md,https://github.com/ruddvz/Arq/blob/a02ccc69e44e41324324c9482a43edbfb58e7905/backlog/issues/085-geometry-implement-polygon-area-and-winding.md,Reuse existing implementation and linked issues; preserve original dependencies and acceptance; do not reopen simply because this plan lists it.,explicit historic work-family allocation,"# geometry: implement polygon area and winding

**Issue ID:** ARQ-085
**Phase:** Phase 1
**Epic:** Geometry
**Priority:** high
**Suggested labels:** type: feature, area: geometry, priority: high, state: blocked
**Dependencies:** ARQ-084

## Problem

Complete this task as part of the ordered Arq implementation plan. The implementation
must follow the complete blueprint and approved ADRs.

## Scope

Implement polygon area and winding.

## Non-goals

- Do not expand into later release scope.
- Do not introduce unreviewed dependencies.
- Do not couple project semantics to renderer or external-format classes.

## Acceptance criteria

- [ ] The scope and non-goals are documented.
- [ ] The result is reviewed against the complete blueprint.
- [ ] Tests or evidence appropriate to the task are included.
- [ ] New dependencies and licence effects are recorded.
- [ ] Tolerance behaviour is explicit.
- [ ] Adversarial and near-degenerate fixtures are included.

## Evidence

Attach tests, screenshots, recordings, benchmark output or research notes as relevant.

## Documentation

Update the appropriate package specification and ADR if the task changes a decision.
",,,,,,,,,
ARQ-086,geometry: evaluate robust predicates,historical requirement; revalidate,"[""E03""]",backlog/issues/086-geometry-evaluate-robust-predicates.md,https://github.com/ruddvz/Arq/blob/a02ccc69e44e41324324c9482a43edbfb58e7905/backlog/issues/086-geometry-evaluate-robust-predicates.md,Reuse existing implementation and linked issues; preserve original dependencies and acceptance; do not reopen simply because this plan lists it.,explicit historic work-family allocation,"# geometry: evaluate robust predicates

**Issue ID:** ARQ-086
**Phase:** Phase 1
**Epic:** Geometry
**Priority:** high
**Suggested labels:** type: feature, area: geometry, priority: high, state: blocked
**Dependencies:** ARQ-085

## Problem

Complete this task as part of the ordered Arq implementation plan. The implementation
must follow the complete blueprint and approved ADRs.

## Scope

Evaluate robust predicates.

## Non-goals

- Do not expand into later release scope.
- Do not introduce unreviewed dependencies.
- Do not couple project semantics to renderer or external-format classes.

## Acceptance criteria

- [ ] The scope and non-goals are documented.
- [ ] The result is reviewed against the complete blueprint.
- [ ] Tests or evidence appropriate to the task are included.
- [ ] New dependencies and licence effects are recorded.
- [ ] Tolerance behaviour is explicit.
- [ ] Adversarial and near-degenerate fixtures are included.

## Evidence

Attach tests, screenshots, recordings, benchmark output or research notes as relevant.

## Documentation

Update the appropriate package specification and ADR if the task changes a decision.
",,,,,,,,,
ARQ-087,geometry: evaluate polygon clipping,historical requirement; revalidate,"[""E03""]",backlog/issues/087-geometry-evaluate-polygon-clipping.md,https://github.com/ruddvz/Arq/blob/a02ccc69e44e41324324c9482a43edbfb58e7905/backlog/issues/087-geometry-evaluate-polygon-clipping.md,Reuse existing implementation and linked issues; preserve original dependencies and acceptance; do not reopen simply because this plan lists it.,explicit historic work-family allocation,"# geometry: evaluate polygon clipping

**Issue ID:** ARQ-087
**Phase:** Phase 1
**Epic:** Geometry
**Priority:** high
**Suggested labels:** type: feature, area: geometry, priority: high, state: blocked
**Dependencies:** ARQ-086

## Problem

Complete this task as part of the ordered Arq implementation plan. The implementation
must follow the complete blueprint and approved ADRs.

## Scope

Evaluate polygon clipping.

## Non-goals

- Do not expand into later release scope.
- Do not introduce unreviewed dependencies.
- Do not couple project semantics to renderer or external-format classes.

## Acceptance criteria

- [ ] The scope and non-goals are documented.
- [ ] The result is reviewed against the complete blueprint.
- [ ] Tests or evidence appropriate to the task are included.
- [ ] New dependencies and licence effects are recorded.
- [ ] Tolerance behaviour is explicit.
- [ ] Adversarial and near-degenerate fixtures are included.

## Evidence

Attach tests, screenshots, recordings, benchmark output or research notes as relevant.

## Documentation

Update the appropriate package specification and ADR if the task changes a decision.
",,,,,,,,,
ARQ-088,geometry: evaluate RBush,historical requirement; revalidate,"[""E03""]",backlog/issues/088-geometry-evaluate-rbush.md,https://github.com/ruddvz/Arq/blob/a02ccc69e44e41324324c9482a43edbfb58e7905/backlog/issues/088-geometry-evaluate-rbush.md,Reuse existing implementation and linked issues; preserve original dependencies and acceptance; do not reopen simply because this plan lists it.,explicit historic work-family allocation,"# geometry: evaluate RBush

**Issue ID:** ARQ-088
**Phase:** Phase 1
**Epic:** Geometry
**Priority:** high
**Suggested labels:** type: feature, area: geometry, priority: high, state: blocked
**Dependencies:** ARQ-087

## Problem

Complete this task as part of the ordered Arq implementation plan. The implementation
must follow the complete blueprint and approved ADRs.

## Scope

Evaluate rbush.

## Non-goals

- Do not expand into later release scope.
- Do not introduce unreviewed dependencies.
- Do not couple project semantics to renderer or external-format classes.

## Acceptance criteria

- [ ] The scope and non-goals are documented.
- [ ] The result is reviewed against the complete blueprint.
- [ ] Tests or evidence appropriate to the task are included.
- [ ] New dependencies and licence effects are recorded.
- [ ] Tolerance behaviour is explicit.
- [ ] Adversarial and near-degenerate fixtures are included.

## Evidence

Attach tests, screenshots, recordings, benchmark output or research notes as relevant.

## Documentation

Update the appropriate package specification and ADR if the task changes a decision.
",,,,,,,,,
ARQ-089,geometry: evaluate earcut,historical requirement; revalidate,"[""E03""]",backlog/issues/089-geometry-evaluate-earcut.md,https://github.com/ruddvz/Arq/blob/a02ccc69e44e41324324c9482a43edbfb58e7905/backlog/issues/089-geometry-evaluate-earcut.md,Reuse existing implementation and linked issues; preserve original dependencies and acceptance; do not reopen simply because this plan lists it.,explicit historic work-family allocation,"# geometry: evaluate earcut

**Issue ID:** ARQ-089
**Phase:** Phase 1
**Epic:** Geometry
**Priority:** high
**Suggested labels:** type: feature, area: geometry, priority: high, state: blocked
**Dependencies:** ARQ-088

## Problem

Complete this task as part of the ordered Arq implementation plan. The implementation
must follow the complete blueprint and approved ADRs.

## Scope

Evaluate earcut.

## Non-goals

- Do not expand into later release scope.
- Do not introduce unreviewed dependencies.
- Do not couple project semantics to renderer or external-format classes.

## Acceptance criteria

- [ ] The scope and non-goals are documented.
- [ ] The result is reviewed against the complete blueprint.
- [ ] Tests or evidence appropriate to the task are included.
- [ ] New dependencies and licence effects are recorded.
- [ ] Tolerance behaviour is explicit.
- [ ] Adversarial and near-degenerate fixtures are included.

## Evidence

Attach tests, screenshots, recordings, benchmark output or research notes as relevant.

## Documentation

Update the appropriate package specification and ADR if the task changes a decision.
",,,,,,,,,
ARQ-090,geometry: build geometry adversarial fixtures,historical requirement; revalidate,"[""E03""]",backlog/issues/090-geometry-build-geometry-adversarial-fixtures.md,https://github.com/ruddvz/Arq/blob/a02ccc69e44e41324324c9482a43edbfb58e7905/backlog/issues/090-geometry-build-geometry-adversarial-fixtures.md,Reuse existing implementation and linked issues; preserve original dependencies and acceptance; do not reopen simply because this plan lists it.,explicit historic work-family allocation,"# geometry: build geometry adversarial fixtures

**Issue ID:** ARQ-090
**Phase:** Phase 1
**Epic:** Geometry
**Priority:** high
**Suggested labels:** type: feature, area: geometry, priority: high, state: blocked
**Dependencies:** ARQ-089

## Problem

Complete this task as part of the ordered Arq implementation plan. The implementation
must follow the complete blueprint and approved ADRs.

## Scope

Build geometry adversarial fixtures.

## Non-goals

- Do not expand into later release scope.
- Do not introduce unreviewed dependencies.
- Do not couple project semantics to renderer or external-format classes.

## Acceptance criteria

- [ ] The scope and non-goals are documented.
- [ ] The result is reviewed against the complete blueprint.
- [ ] Tests or evidence appropriate to the task are included.
- [ ] New dependencies and licence effects are recorded.
- [ ] Tolerance behaviour is explicit.
- [ ] Adversarial and near-degenerate fixtures are included.

## Evidence

Attach tests, screenshots, recordings, benchmark output or research notes as relevant.

## Documentation

Update the appropriate package specification and ADR if the task changes a decision.
",,,,,,,,,
ARQ-091,bim: define wall type,historical requirement; revalidate,"[""E11""]",backlog/issues/091-bim-define-wall-type.md,https://github.com/ruddvz/Arq/blob/a02ccc69e44e41324324c9482a43edbfb58e7905/backlog/issues/091-bim-define-wall-type.md,Reuse existing implementation and linked issues; preserve original dependencies and acceptance; do not reopen simply because this plan lists it.,explicit historic work-family allocation,"# bim: define wall type

**Issue ID:** ARQ-091
**Phase:** Phase 2
**Epic:** Building model
**Priority:** high
**Suggested labels:** type: feature, area: bim, priority: high, state: blocked
**Dependencies:** ARQ-090

## Problem

Complete this task as part of the ordered Arq implementation plan. The implementation
must follow the complete blueprint and approved ADRs.

## Scope

Define wall type.

## Non-goals

- Do not expand into later release scope.
- Do not introduce unreviewed dependencies.
- Do not couple project semantics to renderer or external-format classes.

## Acceptance criteria

- [ ] The scope and non-goals are documented.
- [ ] The result is reviewed against the complete blueprint.
- [ ] Tests or evidence appropriate to the task are included.
- [ ] New dependencies and licence effects are recorded.
- [ ] Stable IDs and type-instance behaviour are preserved.
- [ ] Derived invalidations are declared.

## Evidence

Attach tests, screenshots, recordings, benchmark output or research notes as relevant.

## Documentation

Update the appropriate package specification and ADR if the task changes a decision.
",,,,,,,,,
ARQ-092,bim: define wall instance,historical requirement; revalidate,"[""E11""]",backlog/issues/092-bim-define-wall-instance.md,https://github.com/ruddvz/Arq/blob/a02ccc69e44e41324324c9482a43edbfb58e7905/backlog/issues/092-bim-define-wall-instance.md,Reuse existing implementation and linked issues; preserve original dependencies and acceptance; do not reopen simply because this plan lists it.,explicit historic work-family allocation,"# bim: define wall instance

**Issue ID:** ARQ-092
**Phase:** Phase 2
**Epic:** Building model
**Priority:** high
**Suggested labels:** type: feature, area: bim, priority: high, state: blocked
**Dependencies:** ARQ-091

## Problem

Complete this task as part of the ordered Arq implementation plan. The implementation
must follow the complete blueprint and approved ADRs.

## Scope

Define wall instance.

## Non-goals

- Do not expand into later release scope.
- Do not introduce unreviewed dependencies.
- Do not couple project semantics to renderer or external-format classes.

## Acceptance criteria

- [ ] The scope and non-goals are documented.
- [ ] The result is reviewed against the complete blueprint.
- [ ] Tests or evidence appropriate to the task are included.
- [ ] New dependencies and licence effects are recorded.
- [ ] Stable IDs and type-instance behaviour are preserved.
- [ ] Derived invalidations are declared.

## Evidence

Attach tests, screenshots, recordings, benchmark output or research notes as relevant.

## Documentation

Update the appropriate package specification and ADR if the task changes a decision.
",,,,,,,,,
ARQ-093,geometry: implement wall outline,historical requirement; revalidate,"[""E11""]",backlog/issues/093-geometry-implement-wall-outline.md,https://github.com/ruddvz/Arq/blob/a02ccc69e44e41324324c9482a43edbfb58e7905/backlog/issues/093-geometry-implement-wall-outline.md,Reuse existing implementation and linked issues; preserve original dependencies and acceptance; do not reopen simply because this plan lists it.,explicit historic work-family allocation,"# geometry: implement wall outline

**Issue ID:** ARQ-093
**Phase:** Phase 1
**Epic:** Geometry
**Priority:** high
**Suggested labels:** type: feature, area: geometry, priority: high, state: blocked
**Dependencies:** ARQ-092

## Problem

Complete this task as part of the ordered Arq implementation plan. The implementation
must follow the complete blueprint and approved ADRs.

## Scope

Implement wall outline.

## Non-goals

- Do not expand into later release scope.
- Do not introduce unreviewed dependencies.
- Do not couple project semantics to renderer or external-format classes.

## Acceptance criteria

- [ ] The scope and non-goals are documented.
- [ ] The result is reviewed against the complete blueprint.
- [ ] Tests or evidence appropriate to the task are included.
- [ ] New dependencies and licence effects are recorded.
- [ ] Tolerance behaviour is explicit.
- [ ] Adversarial and near-degenerate fixtures are included.

## Evidence

Attach tests, screenshots, recordings, benchmark output or research notes as relevant.

## Documentation

Update the appropriate package specification and ADR if the task changes a decision.
",,,,,,,,,
ARQ-094,editor: implement wall drawing tool,historical requirement; revalidate,"[""E11""]",backlog/issues/094-editor-implement-wall-drawing-tool.md,https://github.com/ruddvz/Arq/blob/a02ccc69e44e41324324c9482a43edbfb58e7905/backlog/issues/094-editor-implement-wall-drawing-tool.md,Reuse existing implementation and linked issues; preserve original dependencies and acceptance; do not reopen simply because this plan lists it.,explicit historic work-family allocation,"# editor: implement wall drawing tool

**Issue ID:** ARQ-094
**Phase:** Phase 1
**Epic:** Editor interaction
**Priority:** high
**Suggested labels:** type: feature, area: editor, priority: high, state: blocked
**Dependencies:** ARQ-093

## Problem

Complete this task as part of the ordered Arq implementation plan. The implementation
must follow the complete blueprint and approved ADRs.

## Scope

Implement wall drawing tool.

## Non-goals

- Do not expand into later release scope.
- Do not introduce unreviewed dependencies.
- Do not couple project semantics to renderer or external-format classes.

## Acceptance criteria

- [ ] The scope and non-goals are documented.
- [ ] The result is reviewed against the complete blueprint.
- [ ] Tests or evidence appropriate to the task are included.
- [ ] New dependencies and licence effects are recorded.
- [ ] Escape and Enter behaviour is defined.
- [ ] Invalid input leaves committed project state unchanged.

## Evidence

Attach tests, screenshots, recordings, benchmark output or research notes as relevant.

## Documentation

Update the appropriate package specification and ADR if the task changes a decision.
",,,,,,,,,
ARQ-095,geometry: implement butt join,historical requirement; revalidate,"[""E11""]",backlog/issues/095-geometry-implement-butt-join.md,https://github.com/ruddvz/Arq/blob/a02ccc69e44e41324324c9482a43edbfb58e7905/backlog/issues/095-geometry-implement-butt-join.md,Reuse existing implementation and linked issues; preserve original dependencies and acceptance; do not reopen simply because this plan lists it.,explicit historic work-family allocation,"# geometry: implement butt join

**Issue ID:** ARQ-095
**Phase:** Phase 1
**Epic:** Geometry
**Priority:** high
**Suggested labels:** type: feature, area: geometry, priority: high, state: blocked
**Dependencies:** ARQ-094

## Problem

Complete this task as part of the ordered Arq implementation plan. The implementation
must follow the complete blueprint and approved ADRs.

## Scope

Implement butt join.

## Non-goals

- Do not expand into later release scope.
- Do not introduce unreviewed dependencies.
- Do not couple project semantics to renderer or external-format classes.

## Acceptance criteria

- [ ] The scope and non-goals are documented.
- [ ] The result is reviewed against the complete blueprint.
- [ ] Tests or evidence appropriate to the task are included.
- [ ] New dependencies and licence effects are recorded.
- [ ] Tolerance behaviour is explicit.
- [ ] Adversarial and near-degenerate fixtures are included.

## Evidence

Attach tests, screenshots, recordings, benchmark output or research notes as relevant.

## Documentation

Update the appropriate package specification and ADR if the task changes a decision.
",,,,,,,,,
ARQ-096,geometry: implement mitre join,historical requirement; revalidate,"[""E11""]",backlog/issues/096-geometry-implement-mitre-join.md,https://github.com/ruddvz/Arq/blob/a02ccc69e44e41324324c9482a43edbfb58e7905/backlog/issues/096-geometry-implement-mitre-join.md,Reuse existing implementation and linked issues; preserve original dependencies and acceptance; do not reopen simply because this plan lists it.,explicit historic work-family allocation,"# geometry: implement mitre join

**Issue ID:** ARQ-096
**Phase:** Phase 1
**Epic:** Geometry
**Priority:** high
**Suggested labels:** type: feature, area: geometry, priority: high, state: blocked
**Dependencies:** ARQ-095

## Problem

Complete this task as part of the ordered Arq implementation plan. The implementation
must follow the complete blueprint and approved ADRs.

## Scope

Implement mitre join.

## Non-goals

- Do not expand into later release scope.
- Do not introduce unreviewed dependencies.
- Do not couple project semantics to renderer or external-format classes.

## Acceptance criteria

- [ ] The scope and non-goals are documented.
- [ ] The result is reviewed against the complete blueprint.
- [ ] Tests or evidence appropriate to the task are included.
- [ ] New dependencies and licence effects are recorded.
- [ ] Tolerance behaviour is explicit.
- [ ] Adversarial and near-degenerate fixtures are included.

## Evidence

Attach tests, screenshots, recordings, benchmark output or research notes as relevant.

## Documentation

Update the appropriate package specification and ADR if the task changes a decision.
",,,,,,,,,
ARQ-097,geometry: implement T join,historical requirement; revalidate,"[""E11""]",backlog/issues/097-geometry-implement-t-join.md,https://github.com/ruddvz/Arq/blob/a02ccc69e44e41324324c9482a43edbfb58e7905/backlog/issues/097-geometry-implement-t-join.md,Reuse existing implementation and linked issues; preserve original dependencies and acceptance; do not reopen simply because this plan lists it.,explicit historic work-family allocation,"# geometry: implement T join

**Issue ID:** ARQ-097
**Phase:** Phase 1
**Epic:** Geometry
**Priority:** high
**Suggested labels:** type: feature, area: geometry, priority: high, state: blocked
**Dependencies:** ARQ-096

## Problem

Complete this task as part of the ordered Arq implementation plan. The implementation
must follow the complete blueprint and approved ADRs.

## Scope

Implement t join.

## Non-goals

- Do not expand into later release scope.
- Do not introduce unreviewed dependencies.
- Do not couple project semantics to renderer or external-format classes.

## Acceptance criteria

- [ ] The scope and non-goals are documented.
- [ ] The result is reviewed against the complete blueprint.
- [ ] Tests or evidence appropriate to the task are included.
- [ ] New dependencies and licence effects are recorded.
- [ ] Tolerance behaviour is explicit.
- [ ] Adversarial and near-degenerate fixtures are included.

## Evidence

Attach tests, screenshots, recordings, benchmark output or research notes as relevant.

## Documentation

Update the appropriate package specification and ADR if the task changes a decision.
",,,,,,,,,
ARQ-098,geometry: implement cross join,historical requirement; revalidate,"[""E11""]",backlog/issues/098-geometry-implement-cross-join.md,https://github.com/ruddvz/Arq/blob/a02ccc69e44e41324324c9482a43edbfb58e7905/backlog/issues/098-geometry-implement-cross-join.md,Reuse existing implementation and linked issues; preserve original dependencies and acceptance; do not reopen simply because this plan lists it.,explicit historic work-family allocation,"# geometry: implement cross join

**Issue ID:** ARQ-098
**Phase:** Phase 1
**Epic:** Geometry
**Priority:** high
**Suggested labels:** type: feature, area: geometry, priority: high, state: blocked
**Dependencies:** ARQ-097

## Problem

Complete this task as part of the ordered Arq implementation plan. The implementation
must follow the complete blueprint and approved ADRs.

## Scope

Implement cross join.

## Non-goals

- Do not expand into later release scope.
- Do not introduce unreviewed dependencies.
- Do not couple project semantics to renderer or external-format classes.

## Acceptance criteria

- [ ] The scope and non-goals are documented.
- [ ] The result is reviewed against the complete blueprint.
- [ ] Tests or evidence appropriate to the task are included.
- [ ] New dependencies and licence effects are recorded.
- [ ] Tolerance behaviour is explicit.
- [ ] Adversarial and near-degenerate fixtures are included.

## Evidence

Attach tests, screenshots, recordings, benchmark output or research notes as relevant.

## Documentation

Update the appropriate package specification and ADR if the task changes a decision.
",,,,,,,,,
ARQ-099,editor: implement trim wall,historical requirement; revalidate,"[""E11""]",backlog/issues/099-editor-implement-trim-wall.md,https://github.com/ruddvz/Arq/blob/a02ccc69e44e41324324c9482a43edbfb58e7905/backlog/issues/099-editor-implement-trim-wall.md,Reuse existing implementation and linked issues; preserve original dependencies and acceptance; do not reopen simply because this plan lists it.,explicit historic work-family allocation,"# editor: implement trim wall

**Issue ID:** ARQ-099
**Phase:** Phase 1
**Epic:** Editor interaction
**Priority:** high
**Suggested labels:** type: feature, area: editor, priority: high, state: blocked
**Dependencies:** ARQ-098

## Problem

Complete this task as part of the ordered Arq implementation plan. The implementation
must follow the complete blueprint and approved ADRs.

## Scope

Implement trim wall.

## Non-goals

- Do not expand into later release scope.
- Do not introduce unreviewed dependencies.
- Do not couple project semantics to renderer or external-format classes.

## Acceptance criteria

- [ ] The scope and non-goals are documented.
- [ ] The result is reviewed against the complete blueprint.
- [ ] Tests or evidence appropriate to the task are included.
- [ ] New dependencies and licence effects are recorded.
- [ ] Escape and Enter behaviour is defined.
- [ ] Invalid input leaves committed project state unchanged.

## Evidence

Attach tests, screenshots, recordings, benchmark output or research notes as relevant.

## Documentation

Update the appropriate package specification and ADR if the task changes a decision.
",,,,,,,,,
ARQ-100,editor: implement extend wall,historical requirement; revalidate,"[""E11""]",backlog/issues/100-editor-implement-extend-wall.md,https://github.com/ruddvz/Arq/blob/a02ccc69e44e41324324c9482a43edbfb58e7905/backlog/issues/100-editor-implement-extend-wall.md,Reuse existing implementation and linked issues; preserve original dependencies and acceptance; do not reopen simply because this plan lists it.,explicit historic work-family allocation,"# editor: implement extend wall

**Issue ID:** ARQ-100
**Phase:** Phase 1
**Epic:** Editor interaction
**Priority:** high
**Suggested labels:** type: feature, area: editor, priority: high, state: blocked
**Dependencies:** ARQ-099

## Problem

Complete this task as part of the ordered Arq implementation plan. The implementation
must follow the complete blueprint and approved ADRs.

## Scope

Implement extend wall.

## Non-goals

- Do not expand into later release scope.
- Do not introduce unreviewed dependencies.
- Do not couple project semantics to renderer or external-format classes.

## Acceptance criteria

- [ ] The scope and non-goals are documented.
- [ ] The result is reviewed against the complete blueprint.
- [ ] Tests or evidence appropriate to the task are included.
- [ ] New dependencies and licence effects are recorded.
- [ ] Escape and Enter behaviour is defined.
- [ ] Invalid input leaves committed project state unchanged.

## Evidence

Attach tests, screenshots, recordings, benchmark output or research notes as relevant.

## Documentation

Update the appropriate package specification and ADR if the task changes a decision.
",,,,,,,,,
ARQ-101,editor: implement split wall,historical requirement; revalidate,"[""E11""]",backlog/issues/101-editor-implement-split-wall.md,https://github.com/ruddvz/Arq/blob/a02ccc69e44e41324324c9482a43edbfb58e7905/backlog/issues/101-editor-implement-split-wall.md,Reuse existing implementation and linked issues; preserve original dependencies and acceptance; do not reopen simply because this plan lists it.,explicit historic work-family allocation,"# editor: implement split wall

**Issue ID:** ARQ-101
**Phase:** Phase 1
**Epic:** Editor interaction
**Priority:** high
**Suggested labels:** type: feature, area: editor, priority: high, state: blocked
**Dependencies:** ARQ-100

## Problem

Complete this task as part of the ordered Arq implementation plan. The implementation
must follow the complete blueprint and approved ADRs.

## Scope

Implement split wall.

## Non-goals

- Do not expand into later release scope.
- Do not introduce unreviewed dependencies.
- Do not couple project semantics to renderer or external-format classes.

## Acceptance criteria

- [ ] The scope and non-goals are documented.
- [ ] The result is reviewed against the complete blueprint.
- [ ] Tests or evidence appropriate to the task are included.
- [ ] New dependencies and licence effects are recorded.
- [ ] Escape and Enter behaviour is defined.
- [ ] Invalid input leaves committed project state unchanged.

## Evidence

Attach tests, screenshots, recordings, benchmark output or research notes as relevant.

## Documentation

Update the appropriate package specification and ADR if the task changes a decision.
",,,,,,,,,
ARQ-102,editor: implement offset wall,historical requirement; revalidate,"[""E11""]",backlog/issues/102-editor-implement-offset-wall.md,https://github.com/ruddvz/Arq/blob/a02ccc69e44e41324324c9482a43edbfb58e7905/backlog/issues/102-editor-implement-offset-wall.md,Reuse existing implementation and linked issues; preserve original dependencies and acceptance; do not reopen simply because this plan lists it.,explicit historic work-family allocation,"# editor: implement offset wall

**Issue ID:** ARQ-102
**Phase:** Phase 1
**Epic:** Editor interaction
**Priority:** high
**Suggested labels:** type: feature, area: editor, priority: high, state: blocked
**Dependencies:** ARQ-101

## Problem

Complete this task as part of the ordered Arq implementation plan. The implementation
must follow the complete blueprint and approved ADRs.

## Scope

Implement offset wall.

## Non-goals

- Do not expand into later release scope.
- Do not introduce unreviewed dependencies.
- Do not couple project semantics to renderer or external-format classes.

## Acceptance criteria

- [ ] The scope and non-goals are documented.
- [ ] The result is reviewed against the complete blueprint.
- [ ] Tests or evidence appropriate to the task are included.
- [ ] New dependencies and licence effects are recorded.
- [ ] Escape and Enter behaviour is defined.
- [ ] Invalid input leaves committed project state unchanged.

## Evidence

Attach tests, screenshots, recordings, benchmark output or research notes as relevant.

## Documentation

Update the appropriate package specification and ADR if the task changes a decision.
",,,,,,,,,
ARQ-103,bim: define hosted opening,historical requirement; revalidate,"[""E12""]",backlog/issues/103-bim-define-hosted-opening.md,https://github.com/ruddvz/Arq/blob/a02ccc69e44e41324324c9482a43edbfb58e7905/backlog/issues/103-bim-define-hosted-opening.md,Reuse existing implementation and linked issues; preserve original dependencies and acceptance; do not reopen simply because this plan lists it.,explicit historic work-family allocation,"# bim: define hosted opening

**Issue ID:** ARQ-103
**Phase:** Phase 2
**Epic:** Building model
**Priority:** high
**Suggested labels:** type: feature, area: bim, priority: high, state: blocked
**Dependencies:** ARQ-102

## Problem

Complete this task as part of the ordered Arq implementation plan. The implementation
must follow the complete blueprint and approved ADRs.

## Scope

Define hosted opening.

## Non-goals

- Do not expand into later release scope.
- Do not introduce unreviewed dependencies.
- Do not couple project semantics to renderer or external-format classes.

## Acceptance criteria

- [ ] The scope and non-goals are documented.
- [ ] The result is reviewed against the complete blueprint.
- [ ] Tests or evidence appropriate to the task are included.
- [ ] New dependencies and licence effects are recorded.
- [ ] Stable IDs and type-instance behaviour are preserved.
- [ ] Derived invalidations are declared.

## Evidence

Attach tests, screenshots, recordings, benchmark output or research notes as relevant.

## Documentation

Update the appropriate package specification and ADR if the task changes a decision.
",,,,,,,,,
ARQ-104,bim: define door type and instance,historical requirement; revalidate,"[""E12""]",backlog/issues/104-bim-define-door-type-and-instance.md,https://github.com/ruddvz/Arq/blob/a02ccc69e44e41324324c9482a43edbfb58e7905/backlog/issues/104-bim-define-door-type-and-instance.md,Reuse existing implementation and linked issues; preserve original dependencies and acceptance; do not reopen simply because this plan lists it.,explicit historic work-family allocation,"# bim: define door type and instance

**Issue ID:** ARQ-104
**Phase:** Phase 2
**Epic:** Building model
**Priority:** high
**Suggested labels:** type: feature, area: bim, priority: high, state: blocked
**Dependencies:** ARQ-103

## Problem

Complete this task as part of the ordered Arq implementation plan. The implementation
must follow the complete blueprint and approved ADRs.

## Scope

Define door type and instance.

## Non-goals

- Do not expand into later release scope.
- Do not introduce unreviewed dependencies.
- Do not couple project semantics to renderer or external-format classes.

## Acceptance criteria

- [ ] The scope and non-goals are documented.
- [ ] The result is reviewed against the complete blueprint.
- [ ] Tests or evidence appropriate to the task are included.
- [ ] New dependencies and licence effects are recorded.
- [ ] Stable IDs and type-instance behaviour are preserved.
- [ ] Derived invalidations are declared.

## Evidence

Attach tests, screenshots, recordings, benchmark output or research notes as relevant.

## Documentation

Update the appropriate package specification and ADR if the task changes a decision.
",,,,,,,,,
ARQ-105,editor: implement door placement,historical requirement; revalidate,"[""E12""]",backlog/issues/105-editor-implement-door-placement.md,https://github.com/ruddvz/Arq/blob/a02ccc69e44e41324324c9482a43edbfb58e7905/backlog/issues/105-editor-implement-door-placement.md,Reuse existing implementation and linked issues; preserve original dependencies and acceptance; do not reopen simply because this plan lists it.,explicit historic work-family allocation,"# editor: implement door placement

**Issue ID:** ARQ-105
**Phase:** Phase 1
**Epic:** Editor interaction
**Priority:** high
**Suggested labels:** type: feature, area: editor, priority: high, state: blocked
**Dependencies:** ARQ-104

## Problem

Complete this task as part of the ordered Arq implementation plan. The implementation
must follow the complete blueprint and approved ADRs.

## Scope

Implement door placement.

## Non-goals

- Do not expand into later release scope.
- Do not introduce unreviewed dependencies.
- Do not couple project semantics to renderer or external-format classes.

## Acceptance criteria

- [ ] The scope and non-goals are documented.
- [ ] The result is reviewed against the complete blueprint.
- [ ] Tests or evidence appropriate to the task are included.
- [ ] New dependencies and licence effects are recorded.
- [ ] Escape and Enter behaviour is defined.
- [ ] Invalid input leaves committed project state unchanged.

## Evidence

Attach tests, screenshots, recordings, benchmark output or research notes as relevant.

## Documentation

Update the appropriate package specification and ADR if the task changes a decision.
",,,,,,,,,
ARQ-106,editor: implement door flip controls,historical requirement; revalidate,"[""E12""]",backlog/issues/106-editor-implement-door-flip-controls.md,https://github.com/ruddvz/Arq/blob/a02ccc69e44e41324324c9482a43edbfb58e7905/backlog/issues/106-editor-implement-door-flip-controls.md,Reuse existing implementation and linked issues; preserve original dependencies and acceptance; do not reopen simply because this plan lists it.,explicit historic work-family allocation,"# editor: implement door flip controls

**Issue ID:** ARQ-106
**Phase:** Phase 1
**Epic:** Editor interaction
**Priority:** high
**Suggested labels:** type: feature, area: editor, priority: high, state: blocked
**Dependencies:** ARQ-105

## Problem

Complete this task as part of the ordered Arq implementation plan. The implementation
must follow the complete blueprint and approved ADRs.

## Scope

Implement door flip controls.

## Non-goals

- Do not expand into later release scope.
- Do not introduce unreviewed dependencies.
- Do not couple project semantics to renderer or external-format classes.

## Acceptance criteria

- [ ] The scope and non-goals are documented.
- [ ] The result is reviewed against the complete blueprint.
- [ ] Tests or evidence appropriate to the task are included.
- [ ] New dependencies and licence effects are recorded.
- [ ] Escape and Enter behaviour is defined.
- [ ] Invalid input leaves committed project state unchanged.

## Evidence

Attach tests, screenshots, recordings, benchmark output or research notes as relevant.

## Documentation

Update the appropriate package specification and ADR if the task changes a decision.
",,,,,,,,,
ARQ-107,bim: define window type and instance,historical requirement; revalidate,"[""E12""]",backlog/issues/107-bim-define-window-type-and-instance.md,https://github.com/ruddvz/Arq/blob/a02ccc69e44e41324324c9482a43edbfb58e7905/backlog/issues/107-bim-define-window-type-and-instance.md,Reuse existing implementation and linked issues; preserve original dependencies and acceptance; do not reopen simply because this plan lists it.,explicit historic work-family allocation,"# bim: define window type and instance

**Issue ID:** ARQ-107
**Phase:** Phase 2
**Epic:** Building model
**Priority:** high
**Suggested labels:** type: feature, area: bim, priority: high, state: blocked
**Dependencies:** ARQ-106

## Problem

Complete this task as part of the ordered Arq implementation plan. The implementation
must follow the complete blueprint and approved ADRs.

## Scope

Define window type and instance.

## Non-goals

- Do not expand into later release scope.
- Do not introduce unreviewed dependencies.
- Do not couple project semantics to renderer or external-format classes.

## Acceptance criteria

- [ ] The scope and non-goals are documented.
- [ ] The result is reviewed against the complete blueprint.
- [ ] Tests or evidence appropriate to the task are included.
- [ ] New dependencies and licence effects are recorded.
- [ ] Stable IDs and type-instance behaviour are preserved.
- [ ] Derived invalidations are declared.

## Evidence

Attach tests, screenshots, recordings, benchmark output or research notes as relevant.

## Documentation

Update the appropriate package specification and ADR if the task changes a decision.
",,,,,,,,,
ARQ-108,editor: implement window placement,historical requirement; revalidate,"[""E12""]",backlog/issues/108-editor-implement-window-placement.md,https://github.com/ruddvz/Arq/blob/a02ccc69e44e41324324c9482a43edbfb58e7905/backlog/issues/108-editor-implement-window-placement.md,Reuse existing implementation and linked issues; preserve original dependencies and acceptance; do not reopen simply because this plan lists it.,explicit historic work-family allocation,"# editor: implement window placement

**Issue ID:** ARQ-108
**Phase:** Phase 1
**Epic:** Editor interaction
**Priority:** high
**Suggested labels:** type: feature, area: editor, priority: high, state: blocked
**Dependencies:** ARQ-107

## Problem

Complete this task as part of the ordered Arq implementation plan. The implementation
must follow the complete blueprint and approved ADRs.

## Scope

Implement window placement.

## Non-goals

- Do not expand into later release scope.
- Do not introduce unreviewed dependencies.
- Do not couple project semantics to renderer or external-format classes.

## Acceptance criteria

- [ ] The scope and non-goals are documented.
- [ ] The result is reviewed against the complete blueprint.
- [ ] Tests or evidence appropriate to the task are included.
- [ ] New dependencies and licence effects are recorded.
- [ ] Escape and Enter behaviour is defined.
- [ ] Invalid input leaves committed project state unchanged.

## Evidence

Attach tests, screenshots, recordings, benchmark output or research notes as relevant.

## Documentation

Update the appropriate package specification and ADR if the task changes a decision.
",,,,,,,,,
ARQ-109,editor: implement opening overlap validation,historical requirement; revalidate,"[""E12""]",backlog/issues/109-editor-implement-opening-overlap-validation.md,https://github.com/ruddvz/Arq/blob/a02ccc69e44e41324324c9482a43edbfb58e7905/backlog/issues/109-editor-implement-opening-overlap-validation.md,Reuse existing implementation and linked issues; preserve original dependencies and acceptance; do not reopen simply because this plan lists it.,explicit historic work-family allocation,"# editor: implement opening overlap validation

**Issue ID:** ARQ-109
**Phase:** Phase 1
**Epic:** Editor interaction
**Priority:** high
**Suggested labels:** type: feature, area: editor, priority: high, state: blocked
**Dependencies:** ARQ-108

## Problem

Complete this task as part of the ordered Arq implementation plan. The implementation
must follow the complete blueprint and approved ADRs.

## Scope

Implement opening overlap validation.

## Non-goals

- Do not expand into later release scope.
- Do not introduce unreviewed dependencies.
- Do not couple project semantics to renderer or external-format classes.

## Acceptance criteria

- [ ] The scope and non-goals are documented.
- [ ] The result is reviewed against the complete blueprint.
- [ ] Tests or evidence appropriate to the task are included.
- [ ] New dependencies and licence effects are recorded.
- [ ] Escape and Enter behaviour is defined.
- [ ] Invalid input leaves committed project state unchanged.

## Evidence

Attach tests, screenshots, recordings, benchmark output or research notes as relevant.

## Documentation

Update the appropriate package specification and ADR if the task changes a decision.
",,,,,,,,,
ARQ-110,bim: define room schema,historical requirement; revalidate,"[""E13""]",backlog/issues/110-bim-define-room-schema.md,https://github.com/ruddvz/Arq/blob/a02ccc69e44e41324324c9482a43edbfb58e7905/backlog/issues/110-bim-define-room-schema.md,Reuse existing implementation and linked issues; preserve original dependencies and acceptance; do not reopen simply because this plan lists it.,explicit historic work-family allocation,"# bim: define room schema

**Issue ID:** ARQ-110
**Phase:** Phase 2
**Epic:** Building model
**Priority:** high
**Suggested labels:** type: feature, area: bim, priority: high, state: blocked
**Dependencies:** ARQ-109

## Problem

Complete this task as part of the ordered Arq implementation plan. The implementation
must follow the complete blueprint and approved ADRs.

## Scope

Define room schema.

## Non-goals

- Do not expand into later release scope.
- Do not introduce unreviewed dependencies.
- Do not couple project semantics to renderer or external-format classes.

## Acceptance criteria

- [ ] The scope and non-goals are documented.
- [ ] The result is reviewed against the complete blueprint.
- [ ] Tests or evidence appropriate to the task are included.
- [ ] New dependencies and licence effects are recorded.
- [ ] Stable IDs and type-instance behaviour are preserved.
- [ ] Derived invalidations are declared.

## Evidence

Attach tests, screenshots, recordings, benchmark output or research notes as relevant.

## Documentation

Update the appropriate package specification and ADR if the task changes a decision.
",,,,,,,,,
ARQ-111,geometry: implement room boundary graph,historical requirement; revalidate,"[""E13""]",backlog/issues/111-geometry-implement-room-boundary-graph.md,https://github.com/ruddvz/Arq/blob/a02ccc69e44e41324324c9482a43edbfb58e7905/backlog/issues/111-geometry-implement-room-boundary-graph.md,Reuse existing implementation and linked issues; preserve original dependencies and acceptance; do not reopen simply because this plan lists it.,explicit historic work-family allocation,"# geometry: implement room boundary graph

**Issue ID:** ARQ-111
**Phase:** Phase 1
**Epic:** Geometry
**Priority:** high
**Suggested labels:** type: feature, area: geometry, priority: high, state: blocked
**Dependencies:** ARQ-110

## Problem

Complete this task as part of the ordered Arq implementation plan. The implementation
must follow the complete blueprint and approved ADRs.

## Scope

Implement room boundary graph.

## Non-goals

- Do not expand into later release scope.
- Do not introduce unreviewed dependencies.
- Do not couple project semantics to renderer or external-format classes.

## Acceptance criteria

- [ ] The scope and non-goals are documented.
- [ ] The result is reviewed against the complete blueprint.
- [ ] Tests or evidence appropriate to the task are included.
- [ ] New dependencies and licence effects are recorded.
- [ ] Tolerance behaviour is explicit.
- [ ] Adversarial and near-degenerate fixtures are included.

## Evidence

Attach tests, screenshots, recordings, benchmark output or research notes as relevant.

## Documentation

Update the appropriate package specification and ADR if the task changes a decision.
",,,,,,,,,
ARQ-112,editor: implement room placement,historical requirement; revalidate,"[""E13""]",backlog/issues/112-editor-implement-room-placement.md,https://github.com/ruddvz/Arq/blob/a02ccc69e44e41324324c9482a43edbfb58e7905/backlog/issues/112-editor-implement-room-placement.md,Reuse existing implementation and linked issues; preserve original dependencies and acceptance; do not reopen simply because this plan lists it.,explicit historic work-family allocation,"# editor: implement room placement

**Issue ID:** ARQ-112
**Phase:** Phase 1
**Epic:** Editor interaction
**Priority:** high
**Suggested labels:** type: feature, area: editor, priority: high, state: blocked
**Dependencies:** ARQ-111

## Problem

Complete this task as part of the ordered Arq implementation plan. The implementation
must follow the complete blueprint and approved ADRs.

## Scope

Implement room placement.

## Non-goals

- Do not expand into later release scope.
- Do not introduce unreviewed dependencies.
- Do not couple project semantics to renderer or external-format classes.

## Acceptance criteria

- [ ] The scope and non-goals are documented.
- [ ] The result is reviewed against the complete blueprint.
- [ ] Tests or evidence appropriate to the task are included.
- [ ] New dependencies and licence effects are recorded.
- [ ] Escape and Enter behaviour is defined.
- [ ] Invalid input leaves committed project state unchanged.

## Evidence

Attach tests, screenshots, recordings, benchmark output or research notes as relevant.

## Documentation

Update the appropriate package specification and ADR if the task changes a decision.
",,,,,,,,,
ARQ-113,editor: implement zoom to room gap,historical requirement; revalidate,"[""E13""]",backlog/issues/113-editor-implement-zoom-to-room-gap.md,https://github.com/ruddvz/Arq/blob/a02ccc69e44e41324324c9482a43edbfb58e7905/backlog/issues/113-editor-implement-zoom-to-room-gap.md,Reuse existing implementation and linked issues; preserve original dependencies and acceptance; do not reopen simply because this plan lists it.,explicit historic work-family allocation,"# editor: implement zoom to room gap

**Issue ID:** ARQ-113
**Phase:** Phase 1
**Epic:** Editor interaction
**Priority:** high
**Suggested labels:** type: feature, area: editor, priority: high, state: blocked
**Dependencies:** ARQ-112

## Problem

Complete this task as part of the ordered Arq implementation plan. The implementation
must follow the complete blueprint and approved ADRs.

## Scope

Implement zoom to room gap.

## Non-goals

- Do not expand into later release scope.
- Do not introduce unreviewed dependencies.
- Do not couple project semantics to renderer or external-format classes.

## Acceptance criteria

- [ ] The scope and non-goals are documented.
- [ ] The result is reviewed against the complete blueprint.
- [ ] Tests or evidence appropriate to the task are included.
- [ ] New dependencies and licence effects are recorded.
- [ ] Escape and Enter behaviour is defined.
- [ ] Invalid input leaves committed project state unchanged.

## Evidence

Attach tests, screenshots, recordings, benchmark output or research notes as relevant.

## Documentation

Update the appropriate package specification and ADR if the task changes a decision.
",,,,,,,,,
ARQ-114,bim: implement room area,historical requirement; revalidate,"[""E13""]",backlog/issues/114-bim-implement-room-area.md,https://github.com/ruddvz/Arq/blob/a02ccc69e44e41324324c9482a43edbfb58e7905/backlog/issues/114-bim-implement-room-area.md,Reuse existing implementation and linked issues; preserve original dependencies and acceptance; do not reopen simply because this plan lists it.,explicit historic work-family allocation,"# bim: implement room area

**Issue ID:** ARQ-114
**Phase:** Phase 2
**Epic:** Building model
**Priority:** high
**Suggested labels:** type: feature, area: bim, priority: high, state: blocked
**Dependencies:** ARQ-113

## Problem

Complete this task as part of the ordered Arq implementation plan. The implementation
must follow the complete blueprint and approved ADRs.

## Scope

Implement room area.

## Non-goals

- Do not expand into later release scope.
- Do not introduce unreviewed dependencies.
- Do not couple project semantics to renderer or external-format classes.

## Acceptance criteria

- [ ] The scope and non-goals are documented.
- [ ] The result is reviewed against the complete blueprint.
- [ ] Tests or evidence appropriate to the task are included.
- [ ] New dependencies and licence effects are recorded.
- [ ] Stable IDs and type-instance behaviour are preserved.
- [ ] Derived invalidations are declared.

## Evidence

Attach tests, screenshots, recordings, benchmark output or research notes as relevant.

## Documentation

Update the appropriate package specification and ADR if the task changes a decision.
",,,,,,,,,
ARQ-115,renderer: benchmark Canvas 2D,historical requirement; revalidate,"[""E18""]",backlog/issues/115-renderer-benchmark-canvas-2d.md,https://github.com/ruddvz/Arq/blob/a02ccc69e44e41324324c9482a43edbfb58e7905/backlog/issues/115-renderer-benchmark-canvas-2d.md,Reuse existing implementation and linked issues; preserve original dependencies and acceptance; do not reopen simply because this plan lists it.,explicit historic work-family allocation,"# renderer: benchmark Canvas 2D

**Issue ID:** ARQ-115
**Phase:** Phase 2
**Epic:** Rendering
**Priority:** high
**Suggested labels:** type: feature, area: renderer, priority: high, state: blocked
**Dependencies:** ARQ-114

## Problem

Complete this task as part of the ordered Arq implementation plan. The implementation
must follow the complete blueprint and approved ADRs.

## Scope

Benchmark canvas 2d.

## Non-goals

- Do not expand into later release scope.
- Do not introduce unreviewed dependencies.
- Do not couple project semantics to renderer or external-format classes.

## Acceptance criteria

- [ ] The scope and non-goals are documented.
- [ ] The result is reviewed against the complete blueprint.
- [ ] Tests or evidence appropriate to the task are included.
- [ ] New dependencies and licence effects are recorded.
- [ ] Project semantics remain renderer-independent.
- [ ] Performance is measured on the protected benchmark.

## Evidence

Attach tests, screenshots, recordings, benchmark output or research notes as relevant.

## Documentation

Update the appropriate package specification and ADR if the task changes a decision.
",,,,,,,,,
ARQ-116,renderer: benchmark PixiJS WebGL,historical requirement; revalidate,"[""E18""]",backlog/issues/116-renderer-benchmark-pixijs-webgl.md,https://github.com/ruddvz/Arq/blob/a02ccc69e44e41324324c9482a43edbfb58e7905/backlog/issues/116-renderer-benchmark-pixijs-webgl.md,Reuse existing implementation and linked issues; preserve original dependencies and acceptance; do not reopen simply because this plan lists it.,explicit historic work-family allocation,"# renderer: benchmark PixiJS WebGL

**Issue ID:** ARQ-116
**Phase:** Phase 2
**Epic:** Rendering
**Priority:** high
**Suggested labels:** type: feature, area: renderer, priority: high, state: blocked
**Dependencies:** ARQ-115

## Problem

Complete this task as part of the ordered Arq implementation plan. The implementation
must follow the complete blueprint and approved ADRs.

## Scope

Benchmark pixijs webgl.

## Non-goals

- Do not expand into later release scope.
- Do not introduce unreviewed dependencies.
- Do not couple project semantics to renderer or external-format classes.

## Acceptance criteria

- [ ] The scope and non-goals are documented.
- [ ] The result is reviewed against the complete blueprint.
- [ ] Tests or evidence appropriate to the task are included.
- [ ] New dependencies and licence effects are recorded.
- [ ] Project semantics remain renderer-independent.
- [ ] Performance is measured on the protected benchmark.

## Evidence

Attach tests, screenshots, recordings, benchmark output or research notes as relevant.

## Documentation

Update the appropriate package specification and ADR if the task changes a decision.
",,,,,,,,,
ARQ-117,renderer: evaluate CanvasKit fallback,historical requirement; revalidate,"[""E18""]",backlog/issues/117-renderer-evaluate-canvaskit-fallback.md,https://github.com/ruddvz/Arq/blob/a02ccc69e44e41324324c9482a43edbfb58e7905/backlog/issues/117-renderer-evaluate-canvaskit-fallback.md,Reuse existing implementation and linked issues; preserve original dependencies and acceptance; do not reopen simply because this plan lists it.,explicit historic work-family allocation,"# renderer: evaluate CanvasKit fallback

**Issue ID:** ARQ-117
**Phase:** Phase 2
**Epic:** Rendering
**Priority:** high
**Suggested labels:** type: feature, area: renderer, priority: high, state: blocked
**Dependencies:** ARQ-116

## Problem

Complete this task as part of the ordered Arq implementation plan. The implementation
must follow the complete blueprint and approved ADRs.

## Scope

Evaluate canvaskit fallback.

## Non-goals

- Do not expand into later release scope.
- Do not introduce unreviewed dependencies.
- Do not couple project semantics to renderer or external-format classes.

## Acceptance criteria

- [ ] The scope and non-goals are documented.
- [ ] The result is reviewed against the complete blueprint.
- [ ] Tests or evidence appropriate to the task are included.
- [ ] New dependencies and licence effects are recorded.
- [ ] Project semantics remain renderer-independent.
- [ ] Performance is measured on the protected benchmark.

## Evidence

Attach tests, screenshots, recordings, benchmark output or research notes as relevant.

## Documentation

Update the appropriate package specification and ADR if the task changes a decision.
",,,,,,,,,
ARQ-118,renderer: select 2D renderer through ADR,historical requirement; revalidate,"[""E18""]",backlog/issues/118-renderer-select-2d-renderer-through-adr.md,https://github.com/ruddvz/Arq/blob/a02ccc69e44e41324324c9482a43edbfb58e7905/backlog/issues/118-renderer-select-2d-renderer-through-adr.md,Reuse existing implementation and linked issues; preserve original dependencies and acceptance; do not reopen simply because this plan lists it.,explicit historic work-family allocation,"# renderer: select 2D renderer through ADR

**Issue ID:** ARQ-118
**Phase:** Phase 2
**Epic:** Rendering
**Priority:** high
**Suggested labels:** type: feature, area: renderer, priority: high, state: blocked
**Dependencies:** ARQ-117

## Problem

Complete this task as part of the ordered Arq implementation plan. The implementation
must follow the complete blueprint and approved ADRs.

## Scope

Select 2d renderer through adr.

## Non-goals

- Do not expand into later release scope.
- Do not introduce unreviewed dependencies.
- Do not couple project semantics to renderer or external-format classes.

## Acceptance criteria

- [ ] The scope and non-goals are documented.
- [ ] The result is reviewed against the complete blueprint.
- [ ] Tests or evidence appropriate to the task are included.
- [ ] New dependencies and licence effects are recorded.
- [ ] Project semantics remain renderer-independent.
- [ ] Performance is measured on the protected benchmark.

## Evidence

Attach tests, screenshots, recordings, benchmark output or research notes as relevant.

## Documentation

Update the appropriate package specification and ADR if the task changes a decision.
",,,,,,,,,
ARQ-119,renderer: implement plan scene abstraction,historical requirement; revalidate,"[""E18""]",backlog/issues/119-renderer-implement-plan-scene-abstraction.md,https://github.com/ruddvz/Arq/blob/a02ccc69e44e41324324c9482a43edbfb58e7905/backlog/issues/119-renderer-implement-plan-scene-abstraction.md,Reuse existing implementation and linked issues; preserve original dependencies and acceptance; do not reopen simply because this plan lists it.,explicit historic work-family allocation,"# renderer: implement plan scene abstraction

**Issue ID:** ARQ-119
**Phase:** Phase 2
**Epic:** Rendering
**Priority:** high
**Suggested labels:** type: feature, area: renderer, priority: high, state: blocked
**Dependencies:** ARQ-118

## Problem

Complete this task as part of the ordered Arq implementation plan. The implementation
must follow the complete blueprint and approved ADRs.

## Scope

Implement plan scene abstraction.

## Non-goals

- Do not expand into later release scope.
- Do not introduce unreviewed dependencies.
- Do not couple project semantics to renderer or external-format classes.

## Acceptance criteria

- [ ] The scope and non-goals are documented.
- [ ] The result is reviewed against the complete blueprint.
- [ ] Tests or evidence appropriate to the task are included.
- [ ] New dependencies and licence effects are recorded.
- [ ] Project semantics remain renderer-independent.
- [ ] Performance is measured on the protected benchmark.

## Evidence

Attach tests, screenshots, recordings, benchmark output or research notes as relevant.

## Documentation

Update the appropriate package specification and ADR if the task changes a decision.
",,,,,,,,,
ARQ-120,renderer: implement stable line weights,historical requirement; revalidate,"[""E18""]",backlog/issues/120-renderer-implement-stable-line-weights.md,https://github.com/ruddvz/Arq/blob/a02ccc69e44e41324324c9482a43edbfb58e7905/backlog/issues/120-renderer-implement-stable-line-weights.md,Reuse existing implementation and linked issues; preserve original dependencies and acceptance; do not reopen simply because this plan lists it.,explicit historic work-family allocation,"# renderer: implement stable line weights

**Issue ID:** ARQ-120
**Phase:** Phase 2
**Epic:** Rendering
**Priority:** high
**Suggested labels:** type: feature, area: renderer, priority: high, state: blocked
**Dependencies:** ARQ-119

## Problem

Complete this task as part of the ordered Arq implementation plan. The implementation
must follow the complete blueprint and approved ADRs.

## Scope

Implement stable line weights.

## Non-goals

- Do not expand into later release scope.
- Do not introduce unreviewed dependencies.
- Do not couple project semantics to renderer or external-format classes.

## Acceptance criteria

- [ ] The scope and non-goals are documented.
- [ ] The result is reviewed against the complete blueprint.
- [ ] Tests or evidence appropriate to the task are included.
- [ ] New dependencies and licence effects are recorded.
- [ ] Project semantics remain renderer-independent.
- [ ] Performance is measured on the protected benchmark.

## Evidence

Attach tests, screenshots, recordings, benchmark output or research notes as relevant.

## Documentation

Update the appropriate package specification and ADR if the task changes a decision.
",,,,,,,,,
ARQ-121,renderer: implement selection rendering,historical requirement; revalidate,"[""E18""]",backlog/issues/121-renderer-implement-selection-rendering.md,https://github.com/ruddvz/Arq/blob/a02ccc69e44e41324324c9482a43edbfb58e7905/backlog/issues/121-renderer-implement-selection-rendering.md,Reuse existing implementation and linked issues; preserve original dependencies and acceptance; do not reopen simply because this plan lists it.,explicit historic work-family allocation,"# renderer: implement selection rendering

**Issue ID:** ARQ-121
**Phase:** Phase 2
**Epic:** Rendering
**Priority:** normal
**Suggested labels:** type: feature, area: renderer, priority: normal, state: blocked
**Dependencies:** ARQ-120

## Problem

Complete this task as part of the ordered Arq implementation plan. The implementation
must follow the complete blueprint and approved ADRs.

## Scope

Implement selection rendering.

## Non-goals

- Do not expand into later release scope.
- Do not introduce unreviewed dependencies.
- Do not couple project semantics to renderer or external-format classes.

## Acceptance criteria

- [ ] The scope and non-goals are documented.
- [ ] The result is reviewed against the complete blueprint.
- [ ] Tests or evidence appropriate to the task are included.
- [ ] New dependencies and licence effects are recorded.
- [ ] Project semantics remain renderer-independent.
- [ ] Performance is measured on the protected benchmark.

## Evidence

Attach tests, screenshots, recordings, benchmark output or research notes as relevant.

## Documentation

Update the appropriate package specification and ADR if the task changes a decision.
",,,,,,,,,
ARQ-122,renderer: implement snap glyph rendering,historical requirement; revalidate,"[""E18""]",backlog/issues/122-renderer-implement-snap-glyph-rendering.md,https://github.com/ruddvz/Arq/blob/a02ccc69e44e41324324c9482a43edbfb58e7905/backlog/issues/122-renderer-implement-snap-glyph-rendering.md,Reuse existing implementation and linked issues; preserve original dependencies and acceptance; do not reopen simply because this plan lists it.,explicit historic work-family allocation,"# renderer: implement snap glyph rendering

**Issue ID:** ARQ-122
**Phase:** Phase 2
**Epic:** Rendering
**Priority:** normal
**Suggested labels:** type: feature, area: renderer, priority: normal, state: blocked
**Dependencies:** ARQ-121

## Problem

Complete this task as part of the ordered Arq implementation plan. The implementation
must follow the complete blueprint and approved ADRs.

## Scope

Implement snap glyph rendering.

## Non-goals

- Do not expand into later release scope.
- Do not introduce unreviewed dependencies.
- Do not couple project semantics to renderer or external-format classes.

## Acceptance criteria

- [ ] The scope and non-goals are documented.
- [ ] The result is reviewed against the complete blueprint.
- [ ] Tests or evidence appropriate to the task are included.
- [ ] New dependencies and licence effects are recorded.
- [ ] Project semantics remain renderer-independent.
- [ ] Performance is measured on the protected benchmark.

## Evidence

Attach tests, screenshots, recordings, benchmark output or research notes as relevant.

## Documentation

Update the appropriate package specification and ADR if the task changes a decision.
",,,,,,,,,
ARQ-123,renderer: add Three.js WebGL scene,historical requirement; revalidate,"[""E18""]",backlog/issues/123-renderer-add-three-js-webgl-scene.md,https://github.com/ruddvz/Arq/blob/a02ccc69e44e41324324c9482a43edbfb58e7905/backlog/issues/123-renderer-add-three-js-webgl-scene.md,Reuse existing implementation and linked issues; preserve original dependencies and acceptance; do not reopen simply because this plan lists it.,explicit historic work-family allocation,"# renderer: add Three.js WebGL scene

**Issue ID:** ARQ-123
**Phase:** Phase 2
**Epic:** Rendering
**Priority:** normal
**Suggested labels:** type: feature, area: renderer, priority: normal, state: blocked
**Dependencies:** ARQ-122

## Problem

Complete this task as part of the ordered Arq implementation plan. The implementation
must follow the complete blueprint and approved ADRs.

## Scope

Add three.js webgl scene.

## Non-goals

- Do not expand into later release scope.
- Do not introduce unreviewed dependencies.
- Do not couple project semantics to renderer or external-format classes.

## Acceptance criteria

- [ ] The scope and non-goals are documented.
- [ ] The result is reviewed against the complete blueprint.
- [ ] Tests or evidence appropriate to the task are included.
- [ ] New dependencies and licence effects are recorded.
- [ ] Project semantics remain renderer-independent.
- [ ] Performance is measured on the protected benchmark.

## Evidence

Attach tests, screenshots, recordings, benchmark output or research notes as relevant.

## Documentation

Update the appropriate package specification and ADR if the task changes a decision.
",,,,,,,,,
ARQ-124,renderer: generate wall meshes,historical requirement; revalidate,"[""E18""]",backlog/issues/124-renderer-generate-wall-meshes.md,https://github.com/ruddvz/Arq/blob/a02ccc69e44e41324324c9482a43edbfb58e7905/backlog/issues/124-renderer-generate-wall-meshes.md,Reuse existing implementation and linked issues; preserve original dependencies and acceptance; do not reopen simply because this plan lists it.,explicit historic work-family allocation,"# renderer: generate wall meshes

**Issue ID:** ARQ-124
**Phase:** Phase 2
**Epic:** Rendering
**Priority:** normal
**Suggested labels:** type: feature, area: renderer, priority: normal, state: blocked
**Dependencies:** ARQ-123

## Problem

Complete this task as part of the ordered Arq implementation plan. The implementation
must follow the complete blueprint and approved ADRs.

## Scope

Generate wall meshes.

## Non-goals

- Do not expand into later release scope.
- Do not introduce unreviewed dependencies.
- Do not couple project semantics to renderer or external-format classes.

## Acceptance criteria

- [ ] The scope and non-goals are documented.
- [ ] The result is reviewed against the complete blueprint.
- [ ] Tests or evidence appropriate to the task are included.
- [ ] New dependencies and licence effects are recorded.
- [ ] Project semantics remain renderer-independent.
- [ ] Performance is measured on the protected benchmark.

## Evidence

Attach tests, screenshots, recordings, benchmark output or research notes as relevant.

## Documentation

Update the appropriate package specification and ADR if the task changes a decision.
",,,,,,,,,
ARQ-125,renderer: generate opening meshes,historical requirement; revalidate,"[""E18""]",backlog/issues/125-renderer-generate-opening-meshes.md,https://github.com/ruddvz/Arq/blob/a02ccc69e44e41324324c9482a43edbfb58e7905/backlog/issues/125-renderer-generate-opening-meshes.md,Reuse existing implementation and linked issues; preserve original dependencies and acceptance; do not reopen simply because this plan lists it.,explicit historic work-family allocation,"# renderer: generate opening meshes

**Issue ID:** ARQ-125
**Phase:** Phase 2
**Epic:** Rendering
**Priority:** normal
**Suggested labels:** type: feature, area: renderer, priority: normal, state: blocked
**Dependencies:** ARQ-124

## Problem

Complete this task as part of the ordered Arq implementation plan. The implementation
must follow the complete blueprint and approved ADRs.

## Scope

Generate opening meshes.

## Non-goals

- Do not expand into later release scope.
- Do not introduce unreviewed dependencies.
- Do not couple project semantics to renderer or external-format classes.

## Acceptance criteria

- [ ] The scope and non-goals are documented.
- [ ] The result is reviewed against the complete blueprint.
- [ ] Tests or evidence appropriate to the task are included.
- [ ] New dependencies and licence effects are recorded.
- [ ] Project semantics remain renderer-independent.
- [ ] Performance is measured on the protected benchmark.

## Evidence

Attach tests, screenshots, recordings, benchmark output or research notes as relevant.

## Documentation

Update the appropriate package specification and ADR if the task changes a decision.
",,,,,,,,,
ARQ-126,renderer: implement orthographic camera,historical requirement; revalidate,"[""E18""]",backlog/issues/126-renderer-implement-orthographic-camera.md,https://github.com/ruddvz/Arq/blob/a02ccc69e44e41324324c9482a43edbfb58e7905/backlog/issues/126-renderer-implement-orthographic-camera.md,Reuse existing implementation and linked issues; preserve original dependencies and acceptance; do not reopen simply because this plan lists it.,explicit historic work-family allocation,"# renderer: implement orthographic camera

**Issue ID:** ARQ-126
**Phase:** Phase 2
**Epic:** Rendering
**Priority:** normal
**Suggested labels:** type: feature, area: renderer, priority: normal, state: blocked
**Dependencies:** ARQ-125

## Problem

Complete this task as part of the ordered Arq implementation plan. The implementation
must follow the complete blueprint and approved ADRs.

## Scope

Implement orthographic camera.

## Non-goals

- Do not expand into later release scope.
- Do not introduce unreviewed dependencies.
- Do not couple project semantics to renderer or external-format classes.

## Acceptance criteria

- [ ] The scope and non-goals are documented.
- [ ] The result is reviewed against the complete blueprint.
- [ ] Tests or evidence appropriate to the task are included.
- [ ] New dependencies and licence effects are recorded.
- [ ] Project semantics remain renderer-independent.
- [ ] Performance is measured on the protected benchmark.

## Evidence

Attach tests, screenshots, recordings, benchmark output or research notes as relevant.

## Documentation

Update the appropriate package specification and ADR if the task changes a decision.
",,,,,,,,,
ARQ-127,renderer: implement orbit and fit,historical requirement; revalidate,"[""E18""]",backlog/issues/127-renderer-implement-orbit-and-fit.md,https://github.com/ruddvz/Arq/blob/a02ccc69e44e41324324c9482a43edbfb58e7905/backlog/issues/127-renderer-implement-orbit-and-fit.md,Reuse existing implementation and linked issues; preserve original dependencies and acceptance; do not reopen simply because this plan lists it.,explicit historic work-family allocation,"# renderer: implement orbit and fit

**Issue ID:** ARQ-127
**Phase:** Phase 2
**Epic:** Rendering
**Priority:** normal
**Suggested labels:** type: feature, area: renderer, priority: normal, state: blocked
**Dependencies:** ARQ-126

## Problem

Complete this task as part of the ordered Arq implementation plan. The implementation
must follow the complete blueprint and approved ADRs.

## Scope

Implement orbit and fit.

## Non-goals

- Do not expand into later release scope.
- Do not introduce unreviewed dependencies.
- Do not couple project semantics to renderer or external-format classes.

## Acceptance criteria

- [ ] The scope and non-goals are documented.
- [ ] The result is reviewed against the complete blueprint.
- [ ] Tests or evidence appropriate to the task are included.
- [ ] New dependencies and licence effects are recorded.
- [ ] Project semantics remain renderer-independent.
- [ ] Performance is measured on the protected benchmark.

## Evidence

Attach tests, screenshots, recordings, benchmark output or research notes as relevant.

## Documentation

Update the appropriate package specification and ADR if the task changes a decision.
",,,,,,,,,
ARQ-128,renderer: implement 2D and 3D shared selection,historical requirement; revalidate,"[""E18""]",backlog/issues/128-renderer-implement-2d-and-3d-shared-selection.md,https://github.com/ruddvz/Arq/blob/a02ccc69e44e41324324c9482a43edbfb58e7905/backlog/issues/128-renderer-implement-2d-and-3d-shared-selection.md,Reuse existing implementation and linked issues; preserve original dependencies and acceptance; do not reopen simply because this plan lists it.,explicit historic work-family allocation,"# renderer: implement 2D and 3D shared selection

**Issue ID:** ARQ-128
**Phase:** Phase 2
**Epic:** Rendering
**Priority:** normal
**Suggested labels:** type: feature, area: renderer, priority: normal, state: blocked
**Dependencies:** ARQ-127

## Problem

Complete this task as part of the ordered Arq implementation plan. The implementation
must follow the complete blueprint and approved ADRs.

## Scope

Implement 2d and 3d shared selection.

## Non-goals

- Do not expand into later release scope.
- Do not introduce unreviewed dependencies.
- Do not couple project semantics to renderer or external-format classes.

## Acceptance criteria

- [ ] The scope and non-goals are documented.
- [ ] The result is reviewed against the complete blueprint.
- [ ] Tests or evidence appropriate to the task are included.
- [ ] New dependencies and licence effects are recorded.
- [ ] Project semantics remain renderer-independent.
- [ ] Performance is measured on the protected benchmark.

## Evidence

Attach tests, screenshots, recordings, benchmark output or research notes as relevant.

## Documentation

Update the appropriate package specification and ADR if the task changes a decision.
",,,,,,,,,
ARQ-129,renderer: implement hide and isolate,historical requirement; revalidate,"[""E18""]",backlog/issues/129-renderer-implement-hide-and-isolate.md,https://github.com/ruddvz/Arq/blob/a02ccc69e44e41324324c9482a43edbfb58e7905/backlog/issues/129-renderer-implement-hide-and-isolate.md,Reuse existing implementation and linked issues; preserve original dependencies and acceptance; do not reopen simply because this plan lists it.,explicit historic work-family allocation,"# renderer: implement hide and isolate

**Issue ID:** ARQ-129
**Phase:** Phase 2
**Epic:** Rendering
**Priority:** normal
**Suggested labels:** type: feature, area: renderer, priority: normal, state: blocked
**Dependencies:** ARQ-128

## Problem

Complete this task as part of the ordered Arq implementation plan. The implementation
must follow the complete blueprint and approved ADRs.

## Scope

Implement hide and isolate.

## Non-goals

- Do not expand into later release scope.
- Do not introduce unreviewed dependencies.
- Do not couple project semantics to renderer or external-format classes.

## Acceptance criteria

- [ ] The scope and non-goals are documented.
- [ ] The result is reviewed against the complete blueprint.
- [ ] Tests or evidence appropriate to the task are included.
- [ ] New dependencies and licence effects are recorded.
- [ ] Project semantics remain renderer-independent.
- [ ] Performance is measured on the protected benchmark.

## Evidence

Attach tests, screenshots, recordings, benchmark output or research notes as relevant.

## Documentation

Update the appropriate package specification and ADR if the task changes a decision.
",,,,,,,,,
ARQ-130,inspect: build identity property group,historical requirement; revalidate,"[""E19""]",backlog/issues/130-inspect-build-identity-property-group.md,https://github.com/ruddvz/Arq/blob/a02ccc69e44e41324324c9482a43edbfb58e7905/backlog/issues/130-inspect-build-identity-property-group.md,Reuse existing implementation and linked issues; preserve original dependencies and acceptance; do not reopen simply because this plan lists it.,explicit historic work-family allocation,"# inspect: build identity property group

**Issue ID:** ARQ-130
**Phase:** Phase 2
**Epic:** Inspection
**Priority:** normal
**Suggested labels:** type: feature, area: inspect, priority: normal, state: blocked
**Dependencies:** ARQ-129

## Problem

Complete this task as part of the ordered Arq implementation plan. The implementation
must follow the complete blueprint and approved ADRs.

## Scope

Build identity property group.

## Non-goals

- Do not expand into later release scope.
- Do not introduce unreviewed dependencies.
- Do not couple project semantics to renderer or external-format classes.

## Acceptance criteria

- [ ] The scope and non-goals are documented.
- [ ] The result is reviewed against the complete blueprint.
- [ ] Tests or evidence appropriate to the task are included.
- [ ] New dependencies and licence effects are recorded.

## Evidence

Attach tests, screenshots, recordings, benchmark output or research notes as relevant.

## Documentation

Update the appropriate package specification and ADR if the task changes a decision.
",,,,,,,,,
ARQ-131,inspect: build geometry property group,historical requirement; revalidate,"[""E19""]",backlog/issues/131-inspect-build-geometry-property-group.md,https://github.com/ruddvz/Arq/blob/a02ccc69e44e41324324c9482a43edbfb58e7905/backlog/issues/131-inspect-build-geometry-property-group.md,Reuse existing implementation and linked issues; preserve original dependencies and acceptance; do not reopen simply because this plan lists it.,explicit historic work-family allocation,"# inspect: build geometry property group

**Issue ID:** ARQ-131
**Phase:** Phase 2
**Epic:** Inspection
**Priority:** normal
**Suggested labels:** type: feature, area: inspect, priority: normal, state: blocked
**Dependencies:** ARQ-130

## Problem

Complete this task as part of the ordered Arq implementation plan. The implementation
must follow the complete blueprint and approved ADRs.

## Scope

Build geometry property group.

## Non-goals

- Do not expand into later release scope.
- Do not introduce unreviewed dependencies.
- Do not couple project semantics to renderer or external-format classes.

## Acceptance criteria

- [ ] The scope and non-goals are documented.
- [ ] The result is reviewed against the complete blueprint.
- [ ] Tests or evidence appropriate to the task are included.
- [ ] New dependencies and licence effects are recorded.

## Evidence

Attach tests, screenshots, recordings, benchmark output or research notes as relevant.

## Documentation

Update the appropriate package specification and ADR if the task changes a decision.
",,,,,,,,,
ARQ-132,inspect: build type and instance group,historical requirement; revalidate,"[""E19""]",backlog/issues/132-inspect-build-type-and-instance-group.md,https://github.com/ruddvz/Arq/blob/a02ccc69e44e41324324c9482a43edbfb58e7905/backlog/issues/132-inspect-build-type-and-instance-group.md,Reuse existing implementation and linked issues; preserve original dependencies and acceptance; do not reopen simply because this plan lists it.,explicit historic work-family allocation,"# inspect: build type and instance group

**Issue ID:** ARQ-132
**Phase:** Phase 2
**Epic:** Inspection
**Priority:** normal
**Suggested labels:** type: feature, area: inspect, priority: normal, state: blocked
**Dependencies:** ARQ-131

## Problem

Complete this task as part of the ordered Arq implementation plan. The implementation
must follow the complete blueprint and approved ADRs.

## Scope

Build type and instance group.

## Non-goals

- Do not expand into later release scope.
- Do not introduce unreviewed dependencies.
- Do not couple project semantics to renderer or external-format classes.

## Acceptance criteria

- [ ] The scope and non-goals are documented.
- [ ] The result is reviewed against the complete blueprint.
- [ ] Tests or evidence appropriate to the task are included.
- [ ] New dependencies and licence effects are recorded.

## Evidence

Attach tests, screenshots, recordings, benchmark output or research notes as relevant.

## Documentation

Update the appropriate package specification and ADR if the task changes a decision.
",,,,,,,,,
ARQ-133,inspect: build relationships group,historical requirement; revalidate,"[""E19""]",backlog/issues/133-inspect-build-relationships-group.md,https://github.com/ruddvz/Arq/blob/a02ccc69e44e41324324c9482a43edbfb58e7905/backlog/issues/133-inspect-build-relationships-group.md,Reuse existing implementation and linked issues; preserve original dependencies and acceptance; do not reopen simply because this plan lists it.,explicit historic work-family allocation,"# inspect: build relationships group

**Issue ID:** ARQ-133
**Phase:** Phase 2
**Epic:** Inspection
**Priority:** normal
**Suggested labels:** type: feature, area: inspect, priority: normal, state: blocked
**Dependencies:** ARQ-132

## Problem

Complete this task as part of the ordered Arq implementation plan. The implementation
must follow the complete blueprint and approved ADRs.

## Scope

Build relationships group.

## Non-goals

- Do not expand into later release scope.
- Do not introduce unreviewed dependencies.
- Do not couple project semantics to renderer or external-format classes.

## Acceptance criteria

- [ ] The scope and non-goals are documented.
- [ ] The result is reviewed against the complete blueprint.
- [ ] Tests or evidence appropriate to the task are included.
- [ ] New dependencies and licence effects are recorded.

## Evidence

Attach tests, screenshots, recordings, benchmark output or research notes as relevant.

## Documentation

Update the appropriate package specification and ADR if the task changes a decision.
",,,,,,,,,
ARQ-134,inspect: build warnings group,historical requirement; revalidate,"[""E19""]",backlog/issues/134-inspect-build-warnings-group.md,https://github.com/ruddvz/Arq/blob/a02ccc69e44e41324324c9482a43edbfb58e7905/backlog/issues/134-inspect-build-warnings-group.md,Reuse existing implementation and linked issues; preserve original dependencies and acceptance; do not reopen simply because this plan lists it.,explicit historic work-family allocation,"# inspect: build warnings group

**Issue ID:** ARQ-134
**Phase:** Phase 2
**Epic:** Inspection
**Priority:** normal
**Suggested labels:** type: feature, area: inspect, priority: normal, state: blocked
**Dependencies:** ARQ-133

## Problem

Complete this task as part of the ordered Arq implementation plan. The implementation
must follow the complete blueprint and approved ADRs.

## Scope

Build warnings group.

## Non-goals

- Do not expand into later release scope.
- Do not introduce unreviewed dependencies.
- Do not couple project semantics to renderer or external-format classes.

## Acceptance criteria

- [ ] The scope and non-goals are documented.
- [ ] The result is reviewed against the complete blueprint.
- [ ] Tests or evidence appropriate to the task are included.
- [ ] New dependencies and licence effects are recorded.

## Evidence

Attach tests, screenshots, recordings, benchmark output or research notes as relevant.

## Documentation

Update the appropriate package specification and ADR if the task changes a decision.
",,,,,,,,,
ARQ-135,inspect: build history group,historical requirement; revalidate,"[""E19""]",backlog/issues/135-inspect-build-history-group.md,https://github.com/ruddvz/Arq/blob/a02ccc69e44e41324324c9482a43edbfb58e7905/backlog/issues/135-inspect-build-history-group.md,Reuse existing implementation and linked issues; preserve original dependencies and acceptance; do not reopen simply because this plan lists it.,explicit historic work-family allocation,"# inspect: build history group

**Issue ID:** ARQ-135
**Phase:** Phase 2
**Epic:** Inspection
**Priority:** normal
**Suggested labels:** type: feature, area: inspect, priority: normal, state: blocked
**Dependencies:** ARQ-134

## Problem

Complete this task as part of the ordered Arq implementation plan. The implementation
must follow the complete blueprint and approved ADRs.

## Scope

Build history group.

## Non-goals

- Do not expand into later release scope.
- Do not introduce unreviewed dependencies.
- Do not couple project semantics to renderer or external-format classes.

## Acceptance criteria

- [ ] The scope and non-goals are documented.
- [ ] The result is reviewed against the complete blueprint.
- [ ] Tests or evidence appropriate to the task are included.
- [ ] New dependencies and licence effects are recorded.

## Evidence

Attach tests, screenshots, recordings, benchmark output or research notes as relevant.

## Documentation

Update the appropriate package specification and ADR if the task changes a decision.
",,,,,,,,,
ARQ-136,docs: define dimension reference model,historical requirement; revalidate,"[""E16""]",backlog/issues/136-docs-define-dimension-reference-model.md,https://github.com/ruddvz/Arq/blob/a02ccc69e44e41324324c9482a43edbfb58e7905/backlog/issues/136-docs-define-dimension-reference-model.md,Reuse existing implementation and linked issues; preserve original dependencies and acceptance; do not reopen simply because this plan lists it.,explicit historic work-family allocation,"# docs: define dimension reference model

**Issue ID:** ARQ-136
**Phase:** Phase 0
**Epic:** Documentation
**Priority:** normal
**Suggested labels:** type: feature, area: docs, priority: normal, state: blocked
**Dependencies:** ARQ-135

## Problem

Complete this task as part of the ordered Arq implementation plan. The implementation
must follow the complete blueprint and approved ADRs.

## Scope

Define dimension reference model.

## Non-goals

- Do not expand into later release scope.
- Do not introduce unreviewed dependencies.
- Do not couple project semantics to renderer or external-format classes.

## Acceptance criteria

- [ ] The scope and non-goals are documented.
- [ ] The result is reviewed against the complete blueprint.
- [ ] Tests or evidence appropriate to the task are included.
- [ ] New dependencies and licence effects are recorded.

## Evidence

Attach tests, screenshots, recordings, benchmark output or research notes as relevant.

## Documentation

Update the appropriate package specification and ADR if the task changes a decision.
",,,,,,,,,
ARQ-137,docs: implement linear dimension,historical requirement; revalidate,"[""E16""]",backlog/issues/137-docs-implement-linear-dimension.md,https://github.com/ruddvz/Arq/blob/a02ccc69e44e41324324c9482a43edbfb58e7905/backlog/issues/137-docs-implement-linear-dimension.md,Reuse existing implementation and linked issues; preserve original dependencies and acceptance; do not reopen simply because this plan lists it.,explicit historic work-family allocation,"# docs: implement linear dimension

**Issue ID:** ARQ-137
**Phase:** Phase 0
**Epic:** Documentation
**Priority:** normal
**Suggested labels:** type: feature, area: docs, priority: normal, state: blocked
**Dependencies:** ARQ-136

## Problem

Complete this task as part of the ordered Arq implementation plan. The implementation
must follow the complete blueprint and approved ADRs.

## Scope

Implement linear dimension.

## Non-goals

- Do not expand into later release scope.
- Do not introduce unreviewed dependencies.
- Do not couple project semantics to renderer or external-format classes.

## Acceptance criteria

- [ ] The scope and non-goals are documented.
- [ ] The result is reviewed against the complete blueprint.
- [ ] Tests or evidence appropriate to the task are included.
- [ ] New dependencies and licence effects are recorded.

## Evidence

Attach tests, screenshots, recordings, benchmark output or research notes as relevant.

## Documentation

Update the appropriate package specification and ADR if the task changes a decision.
",,,,,,,,,
ARQ-138,docs: implement room label,historical requirement; revalidate,"[""E17""]",backlog/issues/138-docs-implement-room-label.md,https://github.com/ruddvz/Arq/blob/a02ccc69e44e41324324c9482a43edbfb58e7905/backlog/issues/138-docs-implement-room-label.md,Reuse existing implementation and linked issues; preserve original dependencies and acceptance; do not reopen simply because this plan lists it.,explicit historic work-family allocation,"# docs: implement room label

**Issue ID:** ARQ-138
**Phase:** Phase 0
**Epic:** Documentation
**Priority:** normal
**Suggested labels:** type: feature, area: docs, priority: normal, state: blocked
**Dependencies:** ARQ-137

## Problem

Complete this task as part of the ordered Arq implementation plan. The implementation
must follow the complete blueprint and approved ADRs.

## Scope

Implement room label.

## Non-goals

- Do not expand into later release scope.
- Do not introduce unreviewed dependencies.
- Do not couple project semantics to renderer or external-format classes.

## Acceptance criteria

- [ ] The scope and non-goals are documented.
- [ ] The result is reviewed against the complete blueprint.
- [ ] Tests or evidence appropriate to the task are included.
- [ ] New dependencies and licence effects are recorded.

## Evidence

Attach tests, screenshots, recordings, benchmark output or research notes as relevant.

## Documentation

Update the appropriate package specification and ADR if the task changes a decision.
",,,,,,,,,
ARQ-139,docs: implement text note,historical requirement; revalidate,"[""E17""]",backlog/issues/139-docs-implement-text-note.md,https://github.com/ruddvz/Arq/blob/a02ccc69e44e41324324c9482a43edbfb58e7905/backlog/issues/139-docs-implement-text-note.md,Reuse existing implementation and linked issues; preserve original dependencies and acceptance; do not reopen simply because this plan lists it.,explicit historic work-family allocation,"# docs: implement text note

**Issue ID:** ARQ-139
**Phase:** Phase 0
**Epic:** Documentation
**Priority:** normal
**Suggested labels:** type: feature, area: docs, priority: normal, state: blocked
**Dependencies:** ARQ-138

## Problem

Complete this task as part of the ordered Arq implementation plan. The implementation
must follow the complete blueprint and approved ADRs.

## Scope

Implement text note.

## Non-goals

- Do not expand into later release scope.
- Do not introduce unreviewed dependencies.
- Do not couple project semantics to renderer or external-format classes.

## Acceptance criteria

- [ ] The scope and non-goals are documented.
- [ ] The result is reviewed against the complete blueprint.
- [ ] Tests or evidence appropriate to the task are included.
- [ ] New dependencies and licence effects are recorded.

## Evidence

Attach tests, screenshots, recordings, benchmark output or research notes as relevant.

## Documentation

Update the appropriate package specification and ADR if the task changes a decision.
",,,,,,,,,
ARQ-140,docs: define sheet schema,historical requirement; revalidate,"[""E20""]",backlog/issues/140-docs-define-sheet-schema.md,https://github.com/ruddvz/Arq/blob/a02ccc69e44e41324324c9482a43edbfb58e7905/backlog/issues/140-docs-define-sheet-schema.md,Reuse existing implementation and linked issues; preserve original dependencies and acceptance; do not reopen simply because this plan lists it.,explicit historic work-family allocation,"# docs: define sheet schema

**Issue ID:** ARQ-140
**Phase:** Phase 0
**Epic:** Documentation
**Priority:** normal
**Suggested labels:** type: feature, area: docs, priority: normal, state: blocked
**Dependencies:** ARQ-139

## Problem

Complete this task as part of the ordered Arq implementation plan. The implementation
must follow the complete blueprint and approved ADRs.

## Scope

Define sheet schema.

## Non-goals

- Do not expand into later release scope.
- Do not introduce unreviewed dependencies.
- Do not couple project semantics to renderer or external-format classes.

## Acceptance criteria

- [ ] The scope and non-goals are documented.
- [ ] The result is reviewed against the complete blueprint.
- [ ] Tests or evidence appropriate to the task are included.
- [ ] New dependencies and licence effects are recorded.

## Evidence

Attach tests, screenshots, recordings, benchmark output or research notes as relevant.

## Documentation

Update the appropriate package specification and ADR if the task changes a decision.
",,,,,,,,,
ARQ-141,docs: build one plan viewport,historical requirement; revalidate,"[""E20""]",backlog/issues/141-docs-build-one-plan-viewport.md,https://github.com/ruddvz/Arq/blob/a02ccc69e44e41324324c9482a43edbfb58e7905/backlog/issues/141-docs-build-one-plan-viewport.md,Reuse existing implementation and linked issues; preserve original dependencies and acceptance; do not reopen simply because this plan lists it.,explicit historic work-family allocation,"# docs: build one plan viewport

**Issue ID:** ARQ-141
**Phase:** Phase 0
**Epic:** Documentation
**Priority:** normal
**Suggested labels:** type: feature, area: docs, priority: normal, state: blocked
**Dependencies:** ARQ-140

## Problem

Complete this task as part of the ordered Arq implementation plan. The implementation
must follow the complete blueprint and approved ADRs.

## Scope

Build one plan viewport.

## Non-goals

- Do not expand into later release scope.
- Do not introduce unreviewed dependencies.
- Do not couple project semantics to renderer or external-format classes.

## Acceptance criteria

- [ ] The scope and non-goals are documented.
- [ ] The result is reviewed against the complete blueprint.
- [ ] Tests or evidence appropriate to the task are included.
- [ ] New dependencies and licence effects are recorded.

## Evidence

Attach tests, screenshots, recordings, benchmark output or research notes as relevant.

## Documentation

Update the appropriate package specification and ADR if the task changes a decision.
",,,,,,,,,
ARQ-142,pdf: prototype pdf-lib vector export,historical requirement; revalidate,"[""E20""]",backlog/issues/142-pdf-prototype-pdf-lib-vector-export.md,https://github.com/ruddvz/Arq/blob/a02ccc69e44e41324324c9482a43edbfb58e7905/backlog/issues/142-pdf-prototype-pdf-lib-vector-export.md,Reuse existing implementation and linked issues; preserve original dependencies and acceptance; do not reopen simply because this plan lists it.,explicit historic work-family allocation,"# pdf: prototype pdf-lib vector export

**Issue ID:** ARQ-142
**Phase:** Phase 3
**Epic:** Documentation and PDF
**Priority:** normal
**Suggested labels:** type: feature, area: pdf, priority: normal, state: blocked
**Dependencies:** ARQ-141

## Problem

Complete this task as part of the ordered Arq implementation plan. The implementation
must follow the complete blueprint and approved ADRs.

## Scope

Prototype pdf-lib vector export.

## Non-goals

- Do not expand into later release scope.
- Do not introduce unreviewed dependencies.
- Do not couple project semantics to renderer or external-format classes.

## Acceptance criteria

- [ ] The scope and non-goals are documented.
- [ ] The result is reviewed against the complete blueprint.
- [ ] Tests or evidence appropriate to the task are included.
- [ ] New dependencies and licence effects are recorded.

## Evidence

Attach tests, screenshots, recordings, benchmark output or research notes as relevant.

## Documentation

Update the appropriate package specification and ADR if the task changes a decision.
",,,,,,,,,
ARQ-143,pdf: implement font embedding tests,historical requirement; revalidate,"[""E20""]",backlog/issues/143-pdf-implement-font-embedding-tests.md,https://github.com/ruddvz/Arq/blob/a02ccc69e44e41324324c9482a43edbfb58e7905/backlog/issues/143-pdf-implement-font-embedding-tests.md,Reuse existing implementation and linked issues; preserve original dependencies and acceptance; do not reopen simply because this plan lists it.,explicit historic work-family allocation,"# pdf: implement font embedding tests

**Issue ID:** ARQ-143
**Phase:** Phase 3
**Epic:** Documentation and PDF
**Priority:** normal
**Suggested labels:** type: feature, area: pdf, priority: normal, state: blocked
**Dependencies:** ARQ-142

## Problem

Complete this task as part of the ordered Arq implementation plan. The implementation
must follow the complete blueprint and approved ADRs.

## Scope

Implement font embedding tests.

## Non-goals

- Do not expand into later release scope.
- Do not introduce unreviewed dependencies.
- Do not couple project semantics to renderer or external-format classes.

## Acceptance criteria

- [ ] The scope and non-goals are documented.
- [ ] The result is reviewed against the complete blueprint.
- [ ] Tests or evidence appropriate to the task are included.
- [ ] New dependencies and licence effects are recorded.

## Evidence

Attach tests, screenshots, recordings, benchmark output or research notes as relevant.

## Documentation

Update the appropriate package specification and ADR if the task changes a decision.
",,,,,,,,,
ARQ-144,pdf: implement scale validation,historical requirement; revalidate,"[""E20""]",backlog/issues/144-pdf-implement-scale-validation.md,https://github.com/ruddvz/Arq/blob/a02ccc69e44e41324324c9482a43edbfb58e7905/backlog/issues/144-pdf-implement-scale-validation.md,Reuse existing implementation and linked issues; preserve original dependencies and acceptance; do not reopen simply because this plan lists it.,explicit historic work-family allocation,"# pdf: implement scale validation

**Issue ID:** ARQ-144
**Phase:** Phase 3
**Epic:** Documentation and PDF
**Priority:** normal
**Suggested labels:** type: feature, area: pdf, priority: normal, state: blocked
**Dependencies:** ARQ-143

## Problem

Complete this task as part of the ordered Arq implementation plan. The implementation
must follow the complete blueprint and approved ADRs.

## Scope

Implement scale validation.

## Non-goals

- Do not expand into later release scope.
- Do not introduce unreviewed dependencies.
- Do not couple project semantics to renderer or external-format classes.

## Acceptance criteria

- [ ] The scope and non-goals are documented.
- [ ] The result is reviewed against the complete blueprint.
- [ ] Tests or evidence appropriate to the task are included.
- [ ] New dependencies and licence effects are recorded.

## Evidence

Attach tests, screenshots, recordings, benchmark output or research notes as relevant.

## Documentation

Update the appropriate package specification and ADR if the task changes a decision.
",,,,,,,,,
ARQ-145,pdf: add export metadata,historical requirement; revalidate,"[""E20""]",backlog/issues/145-pdf-add-export-metadata.md,https://github.com/ruddvz/Arq/blob/a02ccc69e44e41324324c9482a43edbfb58e7905/backlog/issues/145-pdf-add-export-metadata.md,Reuse existing implementation and linked issues; preserve original dependencies and acceptance; do not reopen simply because this plan lists it.,explicit historic work-family allocation,"# pdf: add export metadata

**Issue ID:** ARQ-145
**Phase:** Phase 3
**Epic:** Documentation and PDF
**Priority:** normal
**Suggested labels:** type: feature, area: pdf, priority: normal, state: blocked
**Dependencies:** ARQ-144

## Problem

Complete this task as part of the ordered Arq implementation plan. The implementation
must follow the complete blueprint and approved ADRs.

## Scope

Add export metadata.

## Non-goals

- Do not expand into later release scope.
- Do not introduce unreviewed dependencies.
- Do not couple project semantics to renderer or external-format classes.

## Acceptance criteria

- [ ] The scope and non-goals are documented.
- [ ] The result is reviewed against the complete blueprint.
- [ ] Tests or evidence appropriate to the task are included.
- [ ] New dependencies and licence effects are recorded.

## Evidence

Attach tests, screenshots, recordings, benchmark output or research notes as relevant.

## Documentation

Update the appropriate package specification and ADR if the task changes a decision.
",,,,,,,,,
ARQ-146,reliability: implement corrupt cache recovery,historical requirement; revalidate,"[""E07""]",backlog/issues/146-reliability-implement-corrupt-cache-recovery.md,https://github.com/ruddvz/Arq/blob/a02ccc69e44e41324324c9482a43edbfb58e7905/backlog/issues/146-reliability-implement-corrupt-cache-recovery.md,Reuse existing implementation and linked issues; preserve original dependencies and acceptance; do not reopen simply because this plan lists it.,explicit historic work-family allocation,"# reliability: implement corrupt cache recovery

**Issue ID:** ARQ-146
**Phase:** Phase 4
**Epic:** Reliability
**Priority:** normal
**Suggested labels:** type: feature, area: reliability, priority: normal, state: blocked
**Dependencies:** ARQ-145

## Problem

Complete this task as part of the ordered Arq implementation plan. The implementation
must follow the complete blueprint and approved ADRs.

## Scope

Implement corrupt cache recovery.

## Non-goals

- Do not expand into later release scope.
- Do not introduce unreviewed dependencies.
- Do not couple project semantics to renderer or external-format classes.

## Acceptance criteria

- [ ] The scope and non-goals are documented.
- [ ] The result is reviewed against the complete blueprint.
- [ ] Tests or evidence appropriate to the task are included.
- [ ] New dependencies and licence effects are recorded.
- [ ] Recovery behaviour is tested.
- [ ] No committed work is discarded silently.

## Evidence

Attach tests, screenshots, recordings, benchmark output or research notes as relevant.

## Documentation

Update the appropriate package specification and ADR if the task changes a decision.
",,,,,,,,,
ARQ-147,reliability: implement safe mode,historical requirement; revalidate,"[""E07""]",backlog/issues/147-reliability-implement-safe-mode.md,https://github.com/ruddvz/Arq/blob/a02ccc69e44e41324324c9482a43edbfb58e7905/backlog/issues/147-reliability-implement-safe-mode.md,Reuse existing implementation and linked issues; preserve original dependencies and acceptance; do not reopen simply because this plan lists it.,explicit historic work-family allocation,"# reliability: implement safe mode

**Issue ID:** ARQ-147
**Phase:** Phase 4
**Epic:** Reliability
**Priority:** normal
**Suggested labels:** type: feature, area: reliability, priority: normal, state: blocked
**Dependencies:** ARQ-146

## Problem

Complete this task as part of the ordered Arq implementation plan. The implementation
must follow the complete blueprint and approved ADRs.

## Scope

Implement safe mode.

## Non-goals

- Do not expand into later release scope.
- Do not introduce unreviewed dependencies.
- Do not couple project semantics to renderer or external-format classes.

## Acceptance criteria

- [ ] The scope and non-goals are documented.
- [ ] The result is reviewed against the complete blueprint.
- [ ] Tests or evidence appropriate to the task are included.
- [ ] New dependencies and licence effects are recorded.
- [ ] Recovery behaviour is tested.
- [ ] No committed work is discarded silently.

## Evidence

Attach tests, screenshots, recordings, benchmark output or research notes as relevant.

## Documentation

Update the appropriate package specification and ADR if the task changes a decision.
",,,,,,,,,
ARQ-148,performance: define benchmark hardware,historical requirement; revalidate,"[""E23""]",backlog/issues/148-performance-define-benchmark-hardware.md,https://github.com/ruddvz/Arq/blob/a02ccc69e44e41324324c9482a43edbfb58e7905/backlog/issues/148-performance-define-benchmark-hardware.md,Reuse existing implementation and linked issues; preserve original dependencies and acceptance; do not reopen simply because this plan lists it.,explicit historic work-family allocation,"# performance: define benchmark hardware

**Issue ID:** ARQ-148
**Phase:** Phase 4
**Epic:** Performance
**Priority:** normal
**Suggested labels:** type: feature, area: performance, priority: normal, state: blocked
**Dependencies:** ARQ-147

## Problem

Complete this task as part of the ordered Arq implementation plan. The implementation
must follow the complete blueprint and approved ADRs.

## Scope

Define benchmark hardware.

## Non-goals

- Do not expand into later release scope.
- Do not introduce unreviewed dependencies.
- Do not couple project semantics to renderer or external-format classes.

## Acceptance criteria

- [ ] The scope and non-goals are documented.
- [ ] The result is reviewed against the complete blueprint.
- [ ] Tests or evidence appropriate to the task are included.
- [ ] New dependencies and licence effects are recorded.
- [ ] Baseline and regression threshold are recorded.
- [ ] The benchmark device is named.

## Evidence

Attach tests, screenshots, recordings, benchmark output or research notes as relevant.

## Documentation

Update the appropriate package specification and ADR if the task changes a decision.
",,,,,,,,,
ARQ-149,performance: add selection benchmark,historical requirement; revalidate,"[""E23""]",backlog/issues/149-performance-add-selection-benchmark.md,https://github.com/ruddvz/Arq/blob/a02ccc69e44e41324324c9482a43edbfb58e7905/backlog/issues/149-performance-add-selection-benchmark.md,Reuse existing implementation and linked issues; preserve original dependencies and acceptance; do not reopen simply because this plan lists it.,explicit historic work-family allocation,"# performance: add selection benchmark

**Issue ID:** ARQ-149
**Phase:** Phase 4
**Epic:** Performance
**Priority:** normal
**Suggested labels:** type: feature, area: performance, priority: normal, state: blocked
**Dependencies:** ARQ-148

## Problem

Complete this task as part of the ordered Arq implementation plan. The implementation
must follow the complete blueprint and approved ADRs.

## Scope

Add selection benchmark.

## Non-goals

- Do not expand into later release scope.
- Do not introduce unreviewed dependencies.
- Do not couple project semantics to renderer or external-format classes.

## Acceptance criteria

- [ ] The scope and non-goals are documented.
- [ ] The result is reviewed against the complete blueprint.
- [ ] Tests or evidence appropriate to the task are included.
- [ ] New dependencies and licence effects are recorded.
- [ ] Baseline and regression threshold are recorded.
- [ ] The benchmark device is named.

## Evidence

Attach tests, screenshots, recordings, benchmark output or research notes as relevant.

## Documentation

Update the appropriate package specification and ADR if the task changes a decision.
",,,,,,,,,
ARQ-150,performance: add room rebuild benchmark,historical requirement; revalidate,"[""E23""]",backlog/issues/150-performance-add-room-rebuild-benchmark.md,https://github.com/ruddvz/Arq/blob/a02ccc69e44e41324324c9482a43edbfb58e7905/backlog/issues/150-performance-add-room-rebuild-benchmark.md,Reuse existing implementation and linked issues; preserve original dependencies and acceptance; do not reopen simply because this plan lists it.,explicit historic work-family allocation,"# performance: add room rebuild benchmark

**Issue ID:** ARQ-150
**Phase:** Phase 4
**Epic:** Performance
**Priority:** normal
**Suggested labels:** type: feature, area: performance, priority: normal, state: blocked
**Dependencies:** ARQ-149

## Problem

Complete this task as part of the ordered Arq implementation plan. The implementation
must follow the complete blueprint and approved ADRs.

## Scope

Add room rebuild benchmark.

## Non-goals

- Do not expand into later release scope.
- Do not introduce unreviewed dependencies.
- Do not couple project semantics to renderer or external-format classes.

## Acceptance criteria

- [ ] The scope and non-goals are documented.
- [ ] The result is reviewed against the complete blueprint.
- [ ] Tests or evidence appropriate to the task are included.
- [ ] New dependencies and licence effects are recorded.
- [ ] Baseline and regression threshold are recorded.
- [ ] The benchmark device is named.

## Evidence

Attach tests, screenshots, recordings, benchmark output or research notes as relevant.

## Documentation

Update the appropriate package specification and ADR if the task changes a decision.
",,,,,,,,,
ARQ-151,performance: add render frame benchmark,historical requirement; revalidate,"[""E23""]",backlog/issues/151-performance-add-render-frame-benchmark.md,https://github.com/ruddvz/Arq/blob/a02ccc69e44e41324324c9482a43edbfb58e7905/backlog/issues/151-performance-add-render-frame-benchmark.md,Reuse existing implementation and linked issues; preserve original dependencies and acceptance; do not reopen simply because this plan lists it.,explicit historic work-family allocation,"# performance: add render frame benchmark

**Issue ID:** ARQ-151
**Phase:** Phase 4
**Epic:** Performance
**Priority:** normal
**Suggested labels:** type: feature, area: performance, priority: normal, state: blocked
**Dependencies:** ARQ-150

## Problem

Complete this task as part of the ordered Arq implementation plan. The implementation
must follow the complete blueprint and approved ADRs.

## Scope

Add render frame benchmark.

## Non-goals

- Do not expand into later release scope.
- Do not introduce unreviewed dependencies.
- Do not couple project semantics to renderer or external-format classes.

## Acceptance criteria

- [ ] The scope and non-goals are documented.
- [ ] The result is reviewed against the complete blueprint.
- [ ] Tests or evidence appropriate to the task are included.
- [ ] New dependencies and licence effects are recorded.
- [ ] Baseline and regression threshold are recorded.
- [ ] The benchmark device is named.

## Evidence

Attach tests, screenshots, recordings, benchmark output or research notes as relevant.

## Documentation

Update the appropriate package specification and ADR if the task changes a decision.
",,,,,,,,,
ARQ-152,accessibility: complete keyboard-only workflow,historical requirement; revalidate,"[""E21""]",backlog/issues/152-accessibility-complete-keyboard-only-workflow.md,https://github.com/ruddvz/Arq/blob/a02ccc69e44e41324324c9482a43edbfb58e7905/backlog/issues/152-accessibility-complete-keyboard-only-workflow.md,Reuse existing implementation and linked issues; preserve original dependencies and acceptance; do not reopen simply because this plan lists it.,explicit historic work-family allocation,"# accessibility: complete keyboard-only workflow

**Issue ID:** ARQ-152
**Phase:** Phase 4
**Epic:** Accessibility
**Priority:** normal
**Suggested labels:** type: feature, area: accessibility, priority: normal, state: blocked
**Dependencies:** ARQ-151

## Problem

Complete this task as part of the ordered Arq implementation plan. The implementation
must follow the complete blueprint and approved ADRs.

## Scope

Complete keyboard-only workflow.

## Non-goals

- Do not expand into later release scope.
- Do not introduce unreviewed dependencies.
- Do not couple project semantics to renderer or external-format classes.

## Acceptance criteria

- [ ] The scope and non-goals are documented.
- [ ] The result is reviewed against the complete blueprint.
- [ ] Tests or evidence appropriate to the task are included.
- [ ] New dependencies and licence effects are recorded.
- [ ] Keyboard and assistive-technology behaviour is tested.
- [ ] Status is not communicated by colour alone.

## Evidence

Attach tests, screenshots, recordings, benchmark output or research notes as relevant.

## Documentation

Update the appropriate package specification and ADR if the task changes a decision.
",,,,,,,,,
ARQ-153,accessibility: add VoiceOver labels,historical requirement; revalidate,"[""E21""]",backlog/issues/153-accessibility-add-voiceover-labels.md,https://github.com/ruddvz/Arq/blob/a02ccc69e44e41324324c9482a43edbfb58e7905/backlog/issues/153-accessibility-add-voiceover-labels.md,Reuse existing implementation and linked issues; preserve original dependencies and acceptance; do not reopen simply because this plan lists it.,explicit historic work-family allocation,"# accessibility: add VoiceOver labels

**Issue ID:** ARQ-153
**Phase:** Phase 4
**Epic:** Accessibility
**Priority:** normal
**Suggested labels:** type: feature, area: accessibility, priority: normal, state: blocked
**Dependencies:** ARQ-152

## Problem

Complete this task as part of the ordered Arq implementation plan. The implementation
must follow the complete blueprint and approved ADRs.

## Scope

Add voiceover labels.

## Non-goals

- Do not expand into later release scope.
- Do not introduce unreviewed dependencies.
- Do not couple project semantics to renderer or external-format classes.

## Acceptance criteria

- [ ] The scope and non-goals are documented.
- [ ] The result is reviewed against the complete blueprint.
- [ ] Tests or evidence appropriate to the task are included.
- [ ] New dependencies and licence effects are recorded.
- [ ] Keyboard and assistive-technology behaviour is tested.
- [ ] Status is not communicated by colour alone.

## Evidence

Attach tests, screenshots, recordings, benchmark output or research notes as relevant.

## Documentation

Update the appropriate package specification and ADR if the task changes a decision.
",,,,,,,,,
ARQ-154,accessibility: test 200 percent zoom,historical requirement; revalidate,"[""E21""]",backlog/issues/154-accessibility-test-200-percent-zoom.md,https://github.com/ruddvz/Arq/blob/a02ccc69e44e41324324c9482a43edbfb58e7905/backlog/issues/154-accessibility-test-200-percent-zoom.md,Reuse existing implementation and linked issues; preserve original dependencies and acceptance; do not reopen simply because this plan lists it.,explicit historic work-family allocation,"# accessibility: test 200 percent zoom

**Issue ID:** ARQ-154
**Phase:** Phase 4
**Epic:** Accessibility
**Priority:** normal
**Suggested labels:** type: feature, area: accessibility, priority: normal, state: blocked
**Dependencies:** ARQ-153

## Problem

Complete this task as part of the ordered Arq implementation plan. The implementation
must follow the complete blueprint and approved ADRs.

## Scope

Test 200 percent zoom.

## Non-goals

- Do not expand into later release scope.
- Do not introduce unreviewed dependencies.
- Do not couple project semantics to renderer or external-format classes.

## Acceptance criteria

- [ ] The scope and non-goals are documented.
- [ ] The result is reviewed against the complete blueprint.
- [ ] Tests or evidence appropriate to the task are included.
- [ ] New dependencies and licence effects are recorded.
- [ ] Keyboard and assistive-technology behaviour is tested.
- [ ] Status is not communicated by colour alone.

## Evidence

Attach tests, screenshots, recordings, benchmark output or research notes as relevant.

## Documentation

Update the appropriate package specification and ADR if the task changes a decision.
",,,,,,,,,
ARQ-155,security: create threat model,historical requirement; revalidate,"[""E09""]",backlog/issues/155-security-create-threat-model.md,https://github.com/ruddvz/Arq/blob/a02ccc69e44e41324324c9482a43edbfb58e7905/backlog/issues/155-security-create-threat-model.md,Reuse existing implementation and linked issues; preserve original dependencies and acceptance; do not reopen simply because this plan lists it.,explicit historic work-family allocation,"# security: create threat model

**Issue ID:** ARQ-155
**Phase:** Phase 4
**Epic:** Security
**Priority:** normal
**Suggested labels:** type: feature, area: security, priority: normal, state: blocked
**Dependencies:** ARQ-154

## Problem

Complete this task as part of the ordered Arq implementation plan. The implementation
must follow the complete blueprint and approved ADRs.

## Scope

Create threat model.

## Non-goals

- Do not expand into later release scope.
- Do not introduce unreviewed dependencies.
- Do not couple project semantics to renderer or external-format classes.

## Acceptance criteria

- [ ] The scope and non-goals are documented.
- [ ] The result is reviewed against the complete blueprint.
- [ ] Tests or evidence appropriate to the task are included.
- [ ] New dependencies and licence effects are recorded.
- [ ] Threats, permission checks and safe failure are documented.
- [ ] No sensitive project content is logged by default.

## Evidence

Attach tests, screenshots, recordings, benchmark output or research notes as relevant.

## Documentation

Update the appropriate package specification and ADR if the task changes a decision.
",,,,,,,,,
ARQ-156,security: fuzz arq archive,historical requirement; revalidate,"[""E09""]",backlog/issues/156-security-fuzz-arq-archive.md,https://github.com/ruddvz/Arq/blob/a02ccc69e44e41324324c9482a43edbfb58e7905/backlog/issues/156-security-fuzz-arq-archive.md,Reuse existing implementation and linked issues; preserve original dependencies and acceptance; do not reopen simply because this plan lists it.,explicit historic work-family allocation,"# security: fuzz arq archive

**Issue ID:** ARQ-156
**Phase:** Phase 4
**Epic:** Security
**Priority:** normal
**Suggested labels:** type: feature, area: security, priority: normal, state: blocked
**Dependencies:** ARQ-155

## Problem

Complete this task as part of the ordered Arq implementation plan. The implementation
must follow the complete blueprint and approved ADRs.

## Scope

Fuzz arq archive.

## Non-goals

- Do not expand into later release scope.
- Do not introduce unreviewed dependencies.
- Do not couple project semantics to renderer or external-format classes.

## Acceptance criteria

- [ ] The scope and non-goals are documented.
- [ ] The result is reviewed against the complete blueprint.
- [ ] Tests or evidence appropriate to the task are included.
- [ ] New dependencies and licence effects are recorded.
- [ ] Threats, permission checks and safe failure are documented.
- [ ] No sensitive project content is logged by default.

## Evidence

Attach tests, screenshots, recordings, benchmark output or research notes as relevant.

## Documentation

Update the appropriate package specification and ADR if the task changes a decision.
",,,,,,,,,
ARQ-157,security: add file size and complexity limits,historical requirement; revalidate,"[""E09""]",backlog/issues/157-security-add-file-size-and-complexity-limits.md,https://github.com/ruddvz/Arq/blob/a02ccc69e44e41324324c9482a43edbfb58e7905/backlog/issues/157-security-add-file-size-and-complexity-limits.md,Reuse existing implementation and linked issues; preserve original dependencies and acceptance; do not reopen simply because this plan lists it.,explicit historic work-family allocation,"# security: add file size and complexity limits

**Issue ID:** ARQ-157
**Phase:** Phase 4
**Epic:** Security
**Priority:** normal
**Suggested labels:** type: feature, area: security, priority: normal, state: blocked
**Dependencies:** ARQ-156

## Problem

Complete this task as part of the ordered Arq implementation plan. The implementation
must follow the complete blueprint and approved ADRs.

## Scope

Add file size and complexity limits.

## Non-goals

- Do not expand into later release scope.
- Do not introduce unreviewed dependencies.
- Do not couple project semantics to renderer or external-format classes.

## Acceptance criteria

- [ ] The scope and non-goals are documented.
- [ ] The result is reviewed against the complete blueprint.
- [ ] Tests or evidence appropriate to the task are included.
- [ ] New dependencies and licence effects are recorded.
- [ ] Threats, permission checks and safe failure are documented.
- [ ] No sensitive project content is logged by default.

## Evidence

Attach tests, screenshots, recordings, benchmark output or research notes as relevant.

## Documentation

Update the appropriate package specification and ADR if the task changes a decision.
",,,,,,,,,
ARQ-158,exchange: prototype DXF parser,historical requirement; revalidate,"[""E34""]",backlog/issues/158-exchange-prototype-dxf-parser.md,https://github.com/ruddvz/Arq/blob/a02ccc69e44e41324324c9482a43edbfb58e7905/backlog/issues/158-exchange-prototype-dxf-parser.md,Reuse existing implementation and linked issues; preserve original dependencies and acceptance; do not reopen simply because this plan lists it.,explicit historic work-family allocation,"# exchange: prototype DXF parser

**Issue ID:** ARQ-158
**Phase:** Phase 5
**Epic:** Interoperability
**Priority:** normal
**Suggested labels:** type: feature, area: exchange, priority: normal, state: blocked
**Dependencies:** ARQ-157

## Problem

Complete this task as part of the ordered Arq implementation plan. The implementation
must follow the complete blueprint and approved ADRs.

## Scope

Prototype dxf parser.

## Non-goals

- Do not expand into later release scope.
- Do not introduce unreviewed dependencies.
- Do not couple project semantics to renderer or external-format classes.

## Acceptance criteria

- [ ] The scope and non-goals are documented.
- [ ] The result is reviewed against the complete blueprint.
- [ ] Tests or evidence appropriate to the task are included.
- [ ] New dependencies and licence effects are recorded.
- [ ] A support report identifies preserved and unsupported content.
- [ ] Failure cannot partially mutate the project.

## Evidence

Attach tests, screenshots, recordings, benchmark output or research notes as relevant.

## Documentation

Update the appropriate package specification and ADR if the task changes a decision.
",,,,,,,,,
ARQ-159,exchange: define DXF support matrix,historical requirement; revalidate,"[""E34""]",backlog/issues/159-exchange-define-dxf-support-matrix.md,https://github.com/ruddvz/Arq/blob/a02ccc69e44e41324324c9482a43edbfb58e7905/backlog/issues/159-exchange-define-dxf-support-matrix.md,Reuse existing implementation and linked issues; preserve original dependencies and acceptance; do not reopen simply because this plan lists it.,explicit historic work-family allocation,"# exchange: define DXF support matrix

**Issue ID:** ARQ-159
**Phase:** Phase 5
**Epic:** Interoperability
**Priority:** normal
**Suggested labels:** type: feature, area: exchange, priority: normal, state: blocked
**Dependencies:** ARQ-158

## Problem

Complete this task as part of the ordered Arq implementation plan. The implementation
must follow the complete blueprint and approved ADRs.

## Scope

Define dxf support matrix.

## Non-goals

- Do not expand into later release scope.
- Do not introduce unreviewed dependencies.
- Do not couple project semantics to renderer or external-format classes.

## Acceptance criteria

- [ ] The scope and non-goals are documented.
- [ ] The result is reviewed against the complete blueprint.
- [ ] Tests or evidence appropriate to the task are included.
- [ ] New dependencies and licence effects are recorded.
- [ ] A support report identifies preserved and unsupported content.
- [ ] Failure cannot partially mutate the project.

## Evidence

Attach tests, screenshots, recordings, benchmark output or research notes as relevant.

## Documentation

Update the appropriate package specification and ADR if the task changes a decision.
",,,,,,,,,
ARQ-160,exchange: prototype web-ifc viewer,historical requirement; revalidate,"[""E34""]",backlog/issues/160-exchange-prototype-web-ifc-viewer.md,https://github.com/ruddvz/Arq/blob/a02ccc69e44e41324324c9482a43edbfb58e7905/backlog/issues/160-exchange-prototype-web-ifc-viewer.md,Reuse existing implementation and linked issues; preserve original dependencies and acceptance; do not reopen simply because this plan lists it.,explicit historic work-family allocation,"# exchange: prototype web-ifc viewer

**Issue ID:** ARQ-160
**Phase:** Phase 5
**Epic:** Interoperability
**Priority:** normal
**Suggested labels:** type: feature, area: exchange, priority: normal, state: blocked
**Dependencies:** ARQ-159

## Problem

Complete this task as part of the ordered Arq implementation plan. The implementation
must follow the complete blueprint and approved ADRs.

## Scope

Prototype web-ifc viewer.

## Non-goals

- Do not expand into later release scope.
- Do not introduce unreviewed dependencies.
- Do not couple project semantics to renderer or external-format classes.

## Acceptance criteria

- [ ] The scope and non-goals are documented.
- [ ] The result is reviewed against the complete blueprint.
- [ ] Tests or evidence appropriate to the task are included.
- [ ] New dependencies and licence effects are recorded.
- [ ] A support report identifies preserved and unsupported content.
- [ ] Failure cannot partially mutate the project.

## Evidence

Attach tests, screenshots, recordings, benchmark output or research notes as relevant.

## Documentation

Update the appropriate package specification and ADR if the task changes a decision.
",,,,,,,,,
ARQ-161,exchange: define IFC mapping report,historical requirement; revalidate,"[""E34""]",backlog/issues/161-exchange-define-ifc-mapping-report.md,https://github.com/ruddvz/Arq/blob/a02ccc69e44e41324324c9482a43edbfb58e7905/backlog/issues/161-exchange-define-ifc-mapping-report.md,Reuse existing implementation and linked issues; preserve original dependencies and acceptance; do not reopen simply because this plan lists it.,explicit historic work-family allocation,"# exchange: define IFC mapping report

**Issue ID:** ARQ-161
**Phase:** Phase 5
**Epic:** Interoperability
**Priority:** normal
**Suggested labels:** type: feature, area: exchange, priority: normal, state: blocked
**Dependencies:** ARQ-160

## Problem

Complete this task as part of the ordered Arq implementation plan. The implementation
must follow the complete blueprint and approved ADRs.

## Scope

Define ifc mapping report.

## Non-goals

- Do not expand into later release scope.
- Do not introduce unreviewed dependencies.
- Do not couple project semantics to renderer or external-format classes.

## Acceptance criteria

- [ ] The scope and non-goals are documented.
- [ ] The result is reviewed against the complete blueprint.
- [ ] Tests or evidence appropriate to the task are included.
- [ ] New dependencies and licence effects are recorded.
- [ ] A support report identifies preserved and unsupported content.
- [ ] Failure cannot partially mutate the project.

## Evidence

Attach tests, screenshots, recordings, benchmark output or research notes as relevant.

## Documentation

Update the appropriate package specification and ADR if the task changes a decision.
",,,,,,,,,
ARQ-162,collaboration: prototype presence only,historical requirement; revalidate,"[""E43""]",backlog/issues/162-collaboration-prototype-presence-only.md,https://github.com/ruddvz/Arq/blob/a02ccc69e44e41324324c9482a43edbfb58e7905/backlog/issues/162-collaboration-prototype-presence-only.md,Reuse existing implementation and linked issues; preserve original dependencies and acceptance; do not reopen simply because this plan lists it.,explicit historic work-family allocation,"# collaboration: prototype presence only

**Issue ID:** ARQ-162
**Phase:** Phase 6
**Epic:** Collaboration
**Priority:** normal
**Suggested labels:** type: feature, area: collaboration, priority: normal, state: blocked
**Dependencies:** ARQ-161

## Problem

Complete this task as part of the ordered Arq implementation plan. The implementation
must follow the complete blueprint and approved ADRs.

## Scope

Prototype presence only.

## Non-goals

- Do not expand into later release scope.
- Do not introduce unreviewed dependencies.
- Do not couple project semantics to renderer or external-format classes.

## Acceptance criteria

- [ ] The scope and non-goals are documented.
- [ ] The result is reviewed against the complete blueprint.
- [ ] Tests or evidence appropriate to the task are included.
- [ ] New dependencies and licence effects are recorded.
- [ ] Server-side permissions are enforced.
- [ ] Destructive conflicts are not silently merged.

## Evidence

Attach tests, screenshots, recordings, benchmark output or research notes as relevant.

## Documentation

Update the appropriate package specification and ADR if the task changes a decision.
",,,,,,,,,
ARQ-163,collaboration: implement comments,historical requirement; revalidate,"[""E35""]",backlog/issues/163-collaboration-implement-comments.md,https://github.com/ruddvz/Arq/blob/a02ccc69e44e41324324c9482a43edbfb58e7905/backlog/issues/163-collaboration-implement-comments.md,Reuse existing implementation and linked issues; preserve original dependencies and acceptance; do not reopen simply because this plan lists it.,explicit historic work-family allocation,"# collaboration: implement comments

**Issue ID:** ARQ-163
**Phase:** Phase 6
**Epic:** Collaboration
**Priority:** normal
**Suggested labels:** type: feature, area: collaboration, priority: normal, state: blocked
**Dependencies:** ARQ-162

## Problem

Complete this task as part of the ordered Arq implementation plan. The implementation
must follow the complete blueprint and approved ADRs.

## Scope

Implement comments.

## Non-goals

- Do not expand into later release scope.
- Do not introduce unreviewed dependencies.
- Do not couple project semantics to renderer or external-format classes.

## Acceptance criteria

- [ ] The scope and non-goals are documented.
- [ ] The result is reviewed against the complete blueprint.
- [ ] Tests or evidence appropriate to the task are included.
- [ ] New dependencies and licence effects are recorded.
- [ ] Server-side permissions are enforced.
- [ ] Destructive conflicts are not silently merged.

## Evidence

Attach tests, screenshots, recordings, benchmark output or research notes as relevant.

## Documentation

Update the appropriate package specification and ADR if the task changes a decision.
",,,,,,,,,
ARQ-164,collaboration: implement issues,historical requirement; revalidate,"[""E35""]",backlog/issues/164-collaboration-implement-issues.md,https://github.com/ruddvz/Arq/blob/a02ccc69e44e41324324c9482a43edbfb58e7905/backlog/issues/164-collaboration-implement-issues.md,Reuse existing implementation and linked issues; preserve original dependencies and acceptance; do not reopen simply because this plan lists it.,explicit historic work-family allocation,"# collaboration: implement issues

**Issue ID:** ARQ-164
**Phase:** Phase 6
**Epic:** Collaboration
**Priority:** normal
**Suggested labels:** type: feature, area: collaboration, priority: normal, state: blocked
**Dependencies:** ARQ-163

## Problem

Complete this task as part of the ordered Arq implementation plan. The implementation
must follow the complete blueprint and approved ADRs.

## Scope

Implement issues.

## Non-goals

- Do not expand into later release scope.
- Do not introduce unreviewed dependencies.
- Do not couple project semantics to renderer or external-format classes.

## Acceptance criteria

- [ ] The scope and non-goals are documented.
- [ ] The result is reviewed against the complete blueprint.
- [ ] Tests or evidence appropriate to the task are included.
- [ ] New dependencies and licence effects are recorded.
- [ ] Server-side permissions are enforced.
- [ ] Destructive conflicts are not silently merged.

## Evidence

Attach tests, screenshots, recordings, benchmark output or research notes as relevant.

## Documentation

Update the appropriate package specification and ADR if the task changes a decision.
",,,,,,,,,
ARQ-165,collaboration: implement revision snapshots,historical requirement; revalidate,"[""E35""]",backlog/issues/165-collaboration-implement-revision-snapshots.md,https://github.com/ruddvz/Arq/blob/a02ccc69e44e41324324c9482a43edbfb58e7905/backlog/issues/165-collaboration-implement-revision-snapshots.md,Reuse existing implementation and linked issues; preserve original dependencies and acceptance; do not reopen simply because this plan lists it.,explicit historic work-family allocation,"# collaboration: implement revision snapshots

**Issue ID:** ARQ-165
**Phase:** Phase 6
**Epic:** Collaboration
**Priority:** normal
**Suggested labels:** type: feature, area: collaboration, priority: normal, state: blocked
**Dependencies:** ARQ-164

## Problem

Complete this task as part of the ordered Arq implementation plan. The implementation
must follow the complete blueprint and approved ADRs.

## Scope

Implement revision snapshots.

## Non-goals

- Do not expand into later release scope.
- Do not introduce unreviewed dependencies.
- Do not couple project semantics to renderer or external-format classes.

## Acceptance criteria

- [ ] The scope and non-goals are documented.
- [ ] The result is reviewed against the complete blueprint.
- [ ] Tests or evidence appropriate to the task are included.
- [ ] New dependencies and licence effects are recorded.
- [ ] Server-side permissions are enforced.
- [ ] Destructive conflicts are not silently merged.

## Evidence

Attach tests, screenshots, recordings, benchmark output or research notes as relevant.

## Documentation

Update the appropriate package specification and ADR if the task changes a decision.
",,,,,,,,,
ARQ-166,ai: define ArqScript grammar v0,historical requirement; revalidate,"[""E36""]",backlog/issues/166-ai-define-arqscript-grammar-v0.md,https://github.com/ruddvz/Arq/blob/a02ccc69e44e41324324c9482a43edbfb58e7905/backlog/issues/166-ai-define-arqscript-grammar-v0.md,Reuse existing implementation and linked issues; preserve original dependencies and acceptance; do not reopen simply because this plan lists it.,explicit historic work-family allocation,"# ai: define ArqScript grammar v0

**Issue ID:** ARQ-166
**Phase:** Phase 7
**Epic:** AI and ArqScript
**Priority:** normal
**Suggested labels:** type: feature, area: ai, priority: normal, state: blocked
**Dependencies:** ARQ-165

## Problem

Complete this task as part of the ordered Arq implementation plan. The implementation
must follow the complete blueprint and approved ADRs.

## Scope

Define arqscript grammar v0.

## Non-goals

- Do not expand into later release scope.
- Do not introduce unreviewed dependencies.
- Do not couple project semantics to renderer or external-format classes.

## Acceptance criteria

- [ ] The scope and non-goals are documented.
- [ ] The result is reviewed against the complete blueprint.
- [ ] Tests or evidence appropriate to the task are included.
- [ ] New dependencies and licence effects are recorded.
- [ ] The output is a previewable typed operation.
- [ ] Assumptions, validation and grouped undo are visible.

## Evidence

Attach tests, screenshots, recordings, benchmark output or research notes as relevant.

## Documentation

Update the appropriate package specification and ADR if the task changes a decision.
",,,,,,,,,
ARQ-167,ai: implement ArqScript parser,historical requirement; revalidate,"[""E36""]",backlog/issues/167-ai-implement-arqscript-parser.md,https://github.com/ruddvz/Arq/blob/a02ccc69e44e41324324c9482a43edbfb58e7905/backlog/issues/167-ai-implement-arqscript-parser.md,Reuse existing implementation and linked issues; preserve original dependencies and acceptance; do not reopen simply because this plan lists it.,explicit historic work-family allocation,"# ai: implement ArqScript parser

**Issue ID:** ARQ-167
**Phase:** Phase 7
**Epic:** AI and ArqScript
**Priority:** normal
**Suggested labels:** type: feature, area: ai, priority: normal, state: blocked
**Dependencies:** ARQ-166

## Problem

Complete this task as part of the ordered Arq implementation plan. The implementation
must follow the complete blueprint and approved ADRs.

## Scope

Implement arqscript parser.

## Non-goals

- Do not expand into later release scope.
- Do not introduce unreviewed dependencies.
- Do not couple project semantics to renderer or external-format classes.

## Acceptance criteria

- [ ] The scope and non-goals are documented.
- [ ] The result is reviewed against the complete blueprint.
- [ ] Tests or evidence appropriate to the task are included.
- [ ] New dependencies and licence effects are recorded.
- [ ] The output is a previewable typed operation.
- [ ] Assumptions, validation and grouped undo are visible.

## Evidence

Attach tests, screenshots, recordings, benchmark output or research notes as relevant.

## Documentation

Update the appropriate package specification and ADR if the task changes a decision.
",,,,,,,,,
ARQ-168,ai: add ten deterministic benchmarks,historical requirement; revalidate,"[""E36""]",backlog/issues/168-ai-add-ten-deterministic-benchmarks.md,https://github.com/ruddvz/Arq/blob/a02ccc69e44e41324324c9482a43edbfb58e7905/backlog/issues/168-ai-add-ten-deterministic-benchmarks.md,Reuse existing implementation and linked issues; preserve original dependencies and acceptance; do not reopen simply because this plan lists it.,explicit historic work-family allocation,"# ai: add ten deterministic benchmarks

**Issue ID:** ARQ-168
**Phase:** Phase 7
**Epic:** AI and ArqScript
**Priority:** normal
**Suggested labels:** type: feature, area: ai, priority: normal, state: blocked
**Dependencies:** ARQ-167

## Problem

Complete this task as part of the ordered Arq implementation plan. The implementation
must follow the complete blueprint and approved ADRs.

## Scope

Add ten deterministic benchmarks.

## Non-goals

- Do not expand into later release scope.
- Do not introduce unreviewed dependencies.
- Do not couple project semantics to renderer or external-format classes.

## Acceptance criteria

- [ ] The scope and non-goals are documented.
- [ ] The result is reviewed against the complete blueprint.
- [ ] Tests or evidence appropriate to the task are included.
- [ ] New dependencies and licence effects are recorded.
- [ ] The output is a previewable typed operation.
- [ ] Assumptions, validation and grouped undo are visible.

## Evidence

Attach tests, screenshots, recordings, benchmark output or research notes as relevant.

## Documentation

Update the appropriate package specification and ADR if the task changes a decision.
",,,,,,,,,
ARQ-169,ai: prototype explain selection,historical requirement; revalidate,"[""E36""]",backlog/issues/169-ai-prototype-explain-selection.md,https://github.com/ruddvz/Arq/blob/a02ccc69e44e41324324c9482a43edbfb58e7905/backlog/issues/169-ai-prototype-explain-selection.md,Reuse existing implementation and linked issues; preserve original dependencies and acceptance; do not reopen simply because this plan lists it.,explicit historic work-family allocation,"# ai: prototype explain selection

**Issue ID:** ARQ-169
**Phase:** Phase 7
**Epic:** AI and ArqScript
**Priority:** normal
**Suggested labels:** type: feature, area: ai, priority: normal, state: blocked
**Dependencies:** ARQ-168

## Problem

Complete this task as part of the ordered Arq implementation plan. The implementation
must follow the complete blueprint and approved ADRs.

## Scope

Prototype explain selection.

## Non-goals

- Do not expand into later release scope.
- Do not introduce unreviewed dependencies.
- Do not couple project semantics to renderer or external-format classes.

## Acceptance criteria

- [ ] The scope and non-goals are documented.
- [ ] The result is reviewed against the complete blueprint.
- [ ] Tests or evidence appropriate to the task are included.
- [ ] New dependencies and licence effects are recorded.
- [ ] The output is a previewable typed operation.
- [ ] Assumptions, validation and grouped undo are visible.

## Evidence

Attach tests, screenshots, recordings, benchmark output or research notes as relevant.

## Documentation

Update the appropriate package specification and ADR if the task changes a decision.
",,,,,,,,,
ARQ-170,ai: prototype one-step wall edit proposal,historical requirement; revalidate,"[""E36""]",backlog/issues/170-ai-prototype-one-step-wall-edit-proposal.md,https://github.com/ruddvz/Arq/blob/a02ccc69e44e41324324c9482a43edbfb58e7905/backlog/issues/170-ai-prototype-one-step-wall-edit-proposal.md,Reuse existing implementation and linked issues; preserve original dependencies and acceptance; do not reopen simply because this plan lists it.,explicit historic work-family allocation,"# ai: prototype one-step wall edit proposal

**Issue ID:** ARQ-170
**Phase:** Phase 7
**Epic:** AI and ArqScript
**Priority:** normal
**Suggested labels:** type: feature, area: ai, priority: normal, state: blocked
**Dependencies:** ARQ-169

## Problem

Complete this task as part of the ordered Arq implementation plan. The implementation
must follow the complete blueprint and approved ADRs.

## Scope

Prototype one-step wall edit proposal.

## Non-goals

- Do not expand into later release scope.
- Do not introduce unreviewed dependencies.
- Do not couple project semantics to renderer or external-format classes.

## Acceptance criteria

- [ ] The scope and non-goals are documented.
- [ ] The result is reviewed against the complete blueprint.
- [ ] Tests or evidence appropriate to the task are included.
- [ ] New dependencies and licence effects are recorded.
- [ ] The output is a previewable typed operation.
- [ ] Assumptions, validation and grouped undo are visible.

## Evidence

Attach tests, screenshots, recordings, benchmark output or research notes as relevant.

## Documentation

Update the appropriate package specification and ADR if the task changes a decision.
",,,,,,,,,
ARQ-171,ipad: test Pencil web input,historical requirement; revalidate,"[""E22""]",backlog/issues/171-ipad-test-pencil-web-input.md,https://github.com/ruddvz/Arq/blob/a02ccc69e44e41324324c9482a43edbfb58e7905/backlog/issues/171-ipad-test-pencil-web-input.md,Reuse existing implementation and linked issues; preserve original dependencies and acceptance; do not reopen simply because this plan lists it.,explicit historic work-family allocation,"# ipad: test Pencil web input

**Issue ID:** ARQ-171
**Phase:** Phase 8
**Epic:** Native iPad
**Priority:** normal
**Suggested labels:** type: feature, area: ipad, priority: normal, state: blocked
**Dependencies:** ARQ-170

## Problem

Complete this task as part of the ordered Arq implementation plan. The implementation
must follow the complete blueprint and approved ADRs.

## Scope

Test pencil web input.

## Non-goals

- Do not expand into later release scope.
- Do not introduce unreviewed dependencies.
- Do not couple project semantics to renderer or external-format classes.

## Acceptance criteria

- [ ] The scope and non-goals are documented.
- [ ] The result is reviewed against the complete blueprint.
- [ ] Tests or evidence appropriate to the task are included.
- [ ] New dependencies and licence effects are recorded.
- [ ] Pencil, finger and keyboard roles are separated.
- [ ] Native value is compared with browser behaviour.

## Evidence

Attach tests, screenshots, recordings, benchmark output or research notes as relevant.

## Documentation

Update the appropriate package specification and ADR if the task changes a decision.
",,,,,,,,,
ARQ-172,ipad: prototype native hover,historical requirement; revalidate,"[""E44""]",backlog/issues/172-ipad-prototype-native-hover.md,https://github.com/ruddvz/Arq/blob/a02ccc69e44e41324324c9482a43edbfb58e7905/backlog/issues/172-ipad-prototype-native-hover.md,Reuse existing implementation and linked issues; preserve original dependencies and acceptance; do not reopen simply because this plan lists it.,explicit historic work-family allocation,"# ipad: prototype native hover

**Issue ID:** ARQ-172
**Phase:** Phase 8
**Epic:** Native iPad
**Priority:** normal
**Suggested labels:** type: feature, area: ipad, priority: normal, state: blocked
**Dependencies:** ARQ-171

## Problem

Complete this task as part of the ordered Arq implementation plan. The implementation
must follow the complete blueprint and approved ADRs.

## Scope

Prototype native hover.

## Non-goals

- Do not expand into later release scope.
- Do not introduce unreviewed dependencies.
- Do not couple project semantics to renderer or external-format classes.

## Acceptance criteria

- [ ] The scope and non-goals are documented.
- [ ] The result is reviewed against the complete blueprint.
- [ ] Tests or evidence appropriate to the task are included.
- [ ] New dependencies and licence effects are recorded.
- [ ] Pencil, finger and keyboard roles are separated.
- [ ] Native value is compared with browser behaviour.

## Evidence

Attach tests, screenshots, recordings, benchmark output or research notes as relevant.

## Documentation

Update the appropriate package specification and ADR if the task changes a decision.
",,,,,,,,,
ARQ-173,ipad: prototype RoomPlan conversion,historical requirement; revalidate,"[""E44""]",backlog/issues/173-ipad-prototype-roomplan-conversion.md,https://github.com/ruddvz/Arq/blob/a02ccc69e44e41324324c9482a43edbfb58e7905/backlog/issues/173-ipad-prototype-roomplan-conversion.md,Reuse existing implementation and linked issues; preserve original dependencies and acceptance; do not reopen simply because this plan lists it.,explicit historic work-family allocation,"# ipad: prototype RoomPlan conversion

**Issue ID:** ARQ-173
**Phase:** Phase 8
**Epic:** Native iPad
**Priority:** normal
**Suggested labels:** type: feature, area: ipad, priority: normal, state: blocked
**Dependencies:** ARQ-172

## Problem

Complete this task as part of the ordered Arq implementation plan. The implementation
must follow the complete blueprint and approved ADRs.

## Scope

Prototype roomplan conversion.

## Non-goals

- Do not expand into later release scope.
- Do not introduce unreviewed dependencies.
- Do not couple project semantics to renderer or external-format classes.

## Acceptance criteria

- [ ] The scope and non-goals are documented.
- [ ] The result is reviewed against the complete blueprint.
- [ ] Tests or evidence appropriate to the task are included.
- [ ] New dependencies and licence effects are recorded.
- [ ] Pencil, finger and keyboard roles are separated.
- [ ] Native value is compared with browser behaviour.

## Evidence

Attach tests, screenshots, recordings, benchmark output or research notes as relevant.

## Documentation

Update the appropriate package specification and ADR if the task changes a decision.
",,,,,,,,,
ARQ-174,product: approve complete route map and page ownership,historical requirement; revalidate,"[""E10""]",backlog/issues/174-product-approve-complete-route-map-and-page-ownership.md,https://github.com/ruddvz/Arq/blob/a02ccc69e44e41324324c9482a43edbfb58e7905/backlog/issues/174-product-approve-complete-route-map-and-page-ownership.md,Reuse existing implementation and linked issues; preserve original dependencies and acceptance; do not reopen simply because this plan lists it.,explicit historic work-family allocation,"# product: approve complete route map and page ownership

**Issue ID:** ARQ-174
**Phase:** Phase 0 or relevant gated phase
**Priority:** high

## Scope

Approve complete route map and page ownership.

## Acceptance criteria

- [ ] Relevant files are reviewed.
- [ ] Contradictions are resolved through ADR or decision register.
- [ ] Owners and evidence are recorded.
- [ ] Resulting implementation issues are created.
- [ ] Security, accessibility, performance and licence effects are considered.
",,,,,,,,,
ARQ-175,design: design all public and application page states,historical requirement; revalidate,"[""E10""]",backlog/issues/175-design-design-all-public-and-application-page-states.md,https://github.com/ruddvz/Arq/blob/a02ccc69e44e41324324c9482a43edbfb58e7905/backlog/issues/175-design-design-all-public-and-application-page-states.md,Reuse existing implementation and linked issues; preserve original dependencies and acceptance; do not reopen simply because this plan lists it.,explicit historic work-family allocation,"# design: design all public and application page states

**Issue ID:** ARQ-175
**Phase:** Phase 0 or relevant gated phase
**Priority:** high

## Scope

Design all public and application page states.

## Acceptance criteria

- [ ] Relevant files are reviewed.
- [ ] Contradictions are resolved through ADR or decision register.
- [ ] Owners and evidence are recorded.
- [ ] Resulting implementation issues are created.
- [ ] Security, accessibility, performance and licence effects are considered.
",,,,,,,,,
ARQ-176,design: review and refine draft SVG technical icons,historical requirement; revalidate,"[""E10""]",backlog/issues/176-design-review-and-refine-draft-svg-technical-icons.md,https://github.com/ruddvz/Arq/blob/a02ccc69e44e41324324c9482a43edbfb58e7905/backlog/issues/176-design-review-and-refine-draft-svg-technical-icons.md,Reuse existing implementation and linked issues; preserve original dependencies and acceptance; do not reopen simply because this plan lists it.,explicit historic work-family allocation,"# design: review and refine draft SVG technical icons

**Issue ID:** ARQ-176
**Phase:** Phase 0 or relevant gated phase
**Priority:** high

## Scope

Review and refine draft svg technical icons.

## Acceptance criteria

- [ ] Relevant files are reviewed.
- [ ] Contradictions are resolved through ADR or decision register.
- [ ] Owners and evidence are recorded.
- [ ] Resulting implementation issues are created.
- [ ] Security, accessibility, performance and licence effects are considered.
",,,,,,,,,
ARQ-177,design: build component test harness,historical requirement; revalidate,"[""E10""]",backlog/issues/177-design-build-component-test-harness.md,https://github.com/ruddvz/Arq/blob/a02ccc69e44e41324324c9482a43edbfb58e7905/backlog/issues/177-design-build-component-test-harness.md,Reuse existing implementation and linked issues; preserve original dependencies and acceptance; do not reopen simply because this plan lists it.,explicit historic work-family allocation,"# design: build component test harness

**Issue ID:** ARQ-177
**Phase:** Phase 0 or relevant gated phase
**Priority:** high

## Scope

Build component test harness.

## Acceptance criteria

- [ ] Relevant files are reviewed.
- [ ] Contradictions are resolved through ADR or decision register.
- [ ] Owners and evidence are recorded.
- [ ] Resulting implementation issues are created.
- [ ] Security, accessibility, performance and licence effects are considered.
",,,,,,,,,
ARQ-178,api: review and approve OpenAPI draft,historical requirement; revalidate,"[""E33""]",backlog/issues/178-api-review-and-approve-openapi-draft.md,https://github.com/ruddvz/Arq/blob/a02ccc69e44e41324324c9482a43edbfb58e7905/backlog/issues/178-api-review-and-approve-openapi-draft.md,Reuse existing implementation and linked issues; preserve original dependencies and acceptance; do not reopen simply because this plan lists it.,explicit historic work-family allocation,"# api: review and approve OpenAPI draft

**Issue ID:** ARQ-178
**Phase:** Phase 0 or relevant gated phase
**Priority:** high

## Scope

Review and approve openapi draft.

## Acceptance criteria

- [ ] Relevant files are reviewed.
- [ ] Contradictions are resolved through ADR or decision register.
- [ ] Owners and evidence are recorded.
- [ ] Resulting implementation issues are created.
- [ ] Security, accessibility, performance and licence effects are considered.
",,,,,,,,,
ARQ-179,database: review PostgreSQL schema and tenancy model,historical requirement; revalidate,"[""E33""]",backlog/issues/179-database-review-postgresql-schema-and-tenancy-model.md,https://github.com/ruddvz/Arq/blob/a02ccc69e44e41324324c9482a43edbfb58e7905/backlog/issues/179-database-review-postgresql-schema-and-tenancy-model.md,Reuse existing implementation and linked issues; preserve original dependencies and acceptance; do not reopen simply because this plan lists it.,explicit historic work-family allocation,"# database: review PostgreSQL schema and tenancy model

**Issue ID:** ARQ-179
**Phase:** Phase 0 or relevant gated phase
**Priority:** high

## Scope

Review postgresql schema and tenancy model.

## Acceptance criteria

- [ ] Relevant files are reviewed.
- [ ] Contradictions are resolved through ADR or decision register.
- [ ] Owners and evidence are recorded.
- [ ] Resulting implementation issues are created.
- [ ] Security, accessibility, performance and licence effects are considered.
",,,,,,,,,
ARQ-180,architecture: approve TypeScript public contracts,historical requirement; revalidate,"[""E05""]",backlog/issues/180-architecture-approve-typescript-public-contracts.md,https://github.com/ruddvz/Arq/blob/a02ccc69e44e41324324c9482a43edbfb58e7905/backlog/issues/180-architecture-approve-typescript-public-contracts.md,Reuse existing implementation and linked issues; preserve original dependencies and acceptance; do not reopen simply because this plan lists it.,explicit historic work-family allocation,"# architecture: approve TypeScript public contracts

**Issue ID:** ARQ-180
**Phase:** Phase 0 or relevant gated phase
**Priority:** high

## Scope

Approve typescript public contracts.

## Acceptance criteria

- [ ] Relevant files are reviewed.
- [ ] Contradictions are resolved through ADR or decision register.
- [ ] Owners and evidence are recorded.
- [ ] Resulting implementation issues are created.
- [ ] Security, accessibility, performance and licence effects are considered.
",,,,,,,,,
ARQ-181,prototype: usability test static product shell,historical requirement; revalidate,"[""E01""]",backlog/issues/181-prototype-usability-test-static-product-shell.md,https://github.com/ruddvz/Arq/blob/a02ccc69e44e41324324c9482a43edbfb58e7905/backlog/issues/181-prototype-usability-test-static-product-shell.md,Reuse existing implementation and linked issues; preserve original dependencies and acceptance; do not reopen simply because this plan lists it.,explicit historic work-family allocation,"# prototype: usability test static product shell

**Issue ID:** ARQ-181
**Phase:** Phase 0 or relevant gated phase
**Priority:** high

## Scope

Usability test static product shell.

## Acceptance criteria

- [ ] Relevant files are reviewed.
- [ ] Contradictions are resolved through ADR or decision register.
- [ ] Owners and evidence are recorded.
- [ ] Resulting implementation issues are created.
- [ ] Security, accessibility, performance and licence effects are considered.
",,,,,,,,,
ARQ-182,quality: triage anticipated bug catalogue into release gates,historical requirement; revalidate,"[""E25""]",backlog/issues/182-quality-triage-anticipated-bug-catalogue-into-release-gates.md,https://github.com/ruddvz/Arq/blob/a02ccc69e44e41324324c9482a43edbfb58e7905/backlog/issues/182-quality-triage-anticipated-bug-catalogue-into-release-gates.md,Reuse existing implementation and linked issues; preserve original dependencies and acceptance; do not reopen simply because this plan lists it.,explicit historic work-family allocation,"# quality: triage anticipated bug catalogue into release gates

**Issue ID:** ARQ-182
**Phase:** Phase 0 or relevant gated phase
**Priority:** high

## Scope

Triage anticipated bug catalogue into release gates.

## Acceptance criteria

- [ ] Relevant files are reviewed.
- [ ] Contradictions are resolved through ADR or decision register.
- [ ] Owners and evidence are recorded.
- [ ] Resulting implementation issues are created.
- [ ] Security, accessibility, performance and licence effects are considered.
",,,,,,,,,
ARQ-183,quality: import QA test catalogue into test management,historical requirement; revalidate,"[""E25""]",backlog/issues/183-quality-import-qa-test-catalogue-into-test-management.md,https://github.com/ruddvz/Arq/blob/a02ccc69e44e41324324c9482a43edbfb58e7905/backlog/issues/183-quality-import-qa-test-catalogue-into-test-management.md,Reuse existing implementation and linked issues; preserve original dependencies and acceptance; do not reopen simply because this plan lists it.,explicit historic work-family allocation,"# quality: import QA test catalogue into test management

**Issue ID:** ARQ-183
**Phase:** Phase 0 or relevant gated phase
**Priority:** high

## Scope

Import qa test catalogue into test management.

## Acceptance criteria

- [ ] Relevant files are reviewed.
- [ ] Contradictions are resolved through ADR or decision register.
- [ ] Owners and evidence are recorded.
- [ ] Resulting implementation issues are created.
- [ ] Security, accessibility, performance and licence effects are considered.
",,,,,,,,,
ARQ-184,security: approve RBAC matrix and authorisation tests,historical requirement; revalidate,"[""E33""]",backlog/issues/184-security-approve-rbac-matrix-and-authorisation-tests.md,https://github.com/ruddvz/Arq/blob/a02ccc69e44e41324324c9482a43edbfb58e7905/backlog/issues/184-security-approve-rbac-matrix-and-authorisation-tests.md,Reuse existing implementation and linked issues; preserve original dependencies and acceptance; do not reopen simply because this plan lists it.,explicit historic work-family allocation,"# security: approve RBAC matrix and authorisation tests

**Issue ID:** ARQ-184
**Phase:** Phase 0 or relevant gated phase
**Priority:** high

## Scope

Approve rbac matrix and authorisation tests.

## Acceptance criteria

- [ ] Relevant files are reviewed.
- [ ] Contradictions are resolved through ADR or decision register.
- [ ] Owners and evidence are recorded.
- [ ] Resulting implementation issues are created.
- [ ] Security, accessibility, performance and licence effects are considered.
",,,,,,,,,
ARQ-185,analytics: approve event dictionary and privacy properties,historical requirement; revalidate,"[""E24""]",backlog/issues/185-analytics-approve-event-dictionary-and-privacy-properties.md,https://github.com/ruddvz/Arq/blob/a02ccc69e44e41324324c9482a43edbfb58e7905/backlog/issues/185-analytics-approve-event-dictionary-and-privacy-properties.md,Reuse existing implementation and linked issues; preserve original dependencies and acceptance; do not reopen simply because this plan lists it.,explicit historic work-family allocation,"# analytics: approve event dictionary and privacy properties

**Issue ID:** ARQ-185
**Phase:** Phase 0 or relevant gated phase
**Priority:** high

## Scope

Approve event dictionary and privacy properties.

## Acceptance criteria

- [ ] Relevant files are reviewed.
- [ ] Contradictions are resolved through ADR or decision register.
- [ ] Owners and evidence are recorded.
- [ ] Resulting implementation issues are created.
- [ ] Security, accessibility, performance and licence effects are considered.
",,,,,,,,,
ARQ-186,legal: complete privacy terms acceptable use and AI review,historical requirement; revalidate,"[""E26""]",backlog/issues/186-legal-complete-privacy-terms-acceptable-use-and-ai-review.md,https://github.com/ruddvz/Arq/blob/a02ccc69e44e41324324c9482a43edbfb58e7905/backlog/issues/186-legal-complete-privacy-terms-acceptable-use-and-ai-review.md,Reuse existing implementation and linked issues; preserve original dependencies and acceptance; do not reopen simply because this plan lists it.,explicit historic work-family allocation,"# legal: complete privacy terms acceptable use and AI review

**Issue ID:** ARQ-186
**Phase:** Phase 0 or relevant gated phase
**Priority:** high

## Scope

Complete privacy terms acceptable use and ai review.

## Acceptance criteria

- [ ] Relevant files are reviewed.
- [ ] Contradictions are resolved through ADR or decision register.
- [ ] Owners and evidence are recorded.
- [ ] Resulting implementation issues are created.
- [ ] Security, accessibility, performance and licence effects are considered.
",,,,,,,,,
ARQ-187,business: conduct pricing and entitlement research,historical requirement; revalidate,"[""E26""]",backlog/issues/187-business-conduct-pricing-and-entitlement-research.md,https://github.com/ruddvz/Arq/blob/a02ccc69e44e41324324c9482a43edbfb58e7905/backlog/issues/187-business-conduct-pricing-and-entitlement-research.md,Reuse existing implementation and linked issues; preserve original dependencies and acceptance; do not reopen simply because this plan lists it.,explicit historic work-family allocation,"# business: conduct pricing and entitlement research

**Issue ID:** ARQ-187
**Phase:** Phase 0 or relevant gated phase
**Priority:** high

## Scope

Conduct pricing and entitlement research.

## Acceptance criteria

- [ ] Relevant files are reviewed.
- [ ] Contradictions are resolved through ADR or decision register.
- [ ] Owners and evidence are recorded.
- [ ] Resulting implementation issues are created.
- [ ] Security, accessibility, performance and licence effects are considered.
",,,,,,,,,
ARQ-188,operations: approve backup retention support and incident plans,historical requirement; revalidate,"[""E24""]",backlog/issues/188-operations-approve-backup-retention-support-and-incident-plans.md,https://github.com/ruddvz/Arq/blob/a02ccc69e44e41324324c9482a43edbfb58e7905/backlog/issues/188-operations-approve-backup-retention-support-and-incident-plans.md,Reuse existing implementation and linked issues; preserve original dependencies and acceptance; do not reopen simply because this plan lists it.,explicit historic work-family allocation,"# operations: approve backup retention support and incident plans

**Issue ID:** ARQ-188
**Phase:** Phase 0 or relevant gated phase
**Priority:** high

## Scope

Approve backup retention support and incident plans.

## Acceptance criteria

- [ ] Relevant files are reviewed.
- [ ] Contradictions are resolved through ADR or decision register.
- [ ] Owners and evidence are recorded.
- [ ] Resulting implementation issues are created.
- [ ] Security, accessibility, performance and licence effects are considered.
",,,,,,,,,
ARQ-189,platform: complete browser and device validation matrix,historical requirement; revalidate,"[""E22""]",backlog/issues/189-platform-complete-browser-and-device-validation-matrix.md,https://github.com/ruddvz/Arq/blob/a02ccc69e44e41324324c9482a43edbfb58e7905/backlog/issues/189-platform-complete-browser-and-device-validation-matrix.md,Reuse existing implementation and linked issues; preserve original dependencies and acceptance; do not reopen simply because this plan lists it.,explicit historic work-family allocation,"# platform: complete browser and device validation matrix

**Issue ID:** ARQ-189
**Phase:** Phase 0 or relevant gated phase
**Priority:** high

## Scope

Complete browser and device validation matrix.

## Acceptance criteria

- [ ] Relevant files are reviewed.
- [ ] Contradictions are resolved through ADR or decision register.
- [ ] Owners and evidence are recorded.
- [ ] Resulting implementation issues are created.
- [ ] Security, accessibility, performance and licence effects are considered.
",,,,,,,,,
ARQ-190,design: differentiate component doc content per component,historical requirement; revalidate,"[""E10""]",backlog/issues/190-design-differentiate-component-doc-content-per-component.md,https://github.com/ruddvz/Arq/blob/a02ccc69e44e41324324c9482a43edbfb58e7905/backlog/issues/190-design-differentiate-component-doc-content-per-component.md,Reuse existing implementation and linked issues; preserve original dependencies and acceptance; do not reopen simply because this plan lists it.,explicit historic work-family allocation,"# design: differentiate component doc content per component

**Issue ID:** ARQ-190
**Phase:** Phase 0
**Epic:** Design system
**Priority:** high
**Suggested labels:** type: docs, area: design, priority: high, state: ready
**Dependencies:** ARQ-177

## Problem

All 84 files in `docs/components/` share byte-identical content after the ""Purpose""
line (verified programmatically: `CMP-001-button.md` and `CMP-016-checkbox.md`, and
every other pair, are identical from ""## Anatomy"" onward). The same problem existed
for the 57 page specs in `docs/pages/` and was fixed under ARQ-175 with four
category-specific templates (PUB/AUTH/APP/PROJ). Components need the same treatment,
but per-component rather than per-category, since a Button and a Canvas have almost
nothing in common beyond both being ""components.""

## Scope

For each of the 84 components in `docs/components/COMPONENT-MAP.csv`, replace the
generic ""Anatomy / Required states / Behaviour / Sizing / Keyboard and accessibility
/ Acceptance criteria"" boilerplate with content specific to that component - what it
actually is, which states genuinely apply to it (a Toast doesn't have a meaningful
""Selected"" state; a Canvas doesn't have ""Hover"" in the button sense), and its real
keyboard/accessibility contract (a Data table's keyboard model is not a Button's).

`component-harness/components.js` (ARQ-177) already has a `renderer` field per
component classifying ~40 of the 84 as mapping to simple native controls and ~44 as
layout chrome or engine-dependent - that classification is a reasonable starting
point for grouping this work, not a reason to skip it.

## Non-goals

- Do not expand into full visual mockups (that's ARQ-175/176's territory, not this).
- Do not introduce a frontend framework choice while doing this - it's a content fix.

## Acceptance criteria

- [ ] No two component docs are byte-identical after ""Purpose"" unless they are
      genuinely the same kind of control with no meaningful difference.
- [ ] Required states reflect what actually applies to each component, not a
      copy-pasted universal list.
- [ ] `component-harness/components.js` states arrays are regenerated from the
      corrected docs and the harness still renders without errors.

## Evidence

Programmatic diff showing all 84 files are byte-identical after ""Purpose"" (same
method used to verify the ARQ-175 finding for pages).
",,,,,,,,,
ARQ-191,editor: implement centre and nearest snap,historical requirement; revalidate,"[""E04""]",backlog/issues/191-editor-implement-centre-and-nearest-snap.md,https://github.com/ruddvz/Arq/blob/a02ccc69e44e41324324c9482a43edbfb58e7905/backlog/issues/191-editor-implement-centre-and-nearest-snap.md,Reuse existing implementation and linked issues; preserve original dependencies and acceptance; do not reopen simply because this plan lists it.,explicit historic work-family allocation,"# editor: implement centre and nearest snap

**Issue ID:** ARQ-191
**Phase:** Phase 1
**Epic:** Editor interaction
**Priority:** high
**Suggested labels:** type: feature, area: editor, priority: high, state: done
**Dependencies:** ARQ-052, ARQ-192

## Problem

`docs/ux/SELECTION-AND-SNAPPING.md` lists eight snap sources. ARQ-046 through ARQ-052
covered Endpoint, Midpoint, Intersection, Perpendicular, Grid, Extension and their
tie-break behaviour. Centre and Nearest remained missing.

## Scope

- Nearest snap returns the closest point on a segment to the cursor, valid within or
  beyond the segment bounds through endpoint clamping.
- Centre snap returns the authored centre of a valid circle or the parent-circle
  centre of a valid arc through `CircularCandidate`.
- Rectangular bounding-box centres remain out of scope.

## Non-goals

- Do not expand into later release scope.
- Do not introduce unreviewed dependencies.
- Do not couple project semantics to renderer or external-format classes.
- Do not introduce canonical circle or arc BIM entities.

## Acceptance criteria

- [x] The scope and non-goals are documented.
- [x] Nearest snap is implemented against `SegmentCandidate` with tests.
- [x] Circular candidate geometry is split into ARQ-192.
- [x] Centre snap is implemented against `CircularCandidate` with tests.
- [x] Escape and Enter behaviour matches the other snap sources.
- [x] Invalid input produces no snap preview and leaves committed state unchanged.

## Evidence

- `packages/editor-shell/src/nearest-snap.ts`
- `packages/editor-shell/src/nearest-snap.test.ts`
- `packages/editor-shell/src/circular-candidate.ts`
- `packages/editor-shell/src/centre-snap.ts`
- `packages/editor-shell/src/centre-snap.test.ts`
- `docs/ux/SELECTION-AND-SNAPPING.md`
",,,,,,,,,
ARQ-192,editor: define circular snap candidate,historical requirement; revalidate,"[""E04""]",backlog/issues/192-editor-define-circular-snap-candidate.md,https://github.com/ruddvz/Arq/blob/a02ccc69e44e41324324c9482a43edbfb58e7905/backlog/issues/192-editor-define-circular-snap-candidate.md,Reuse existing implementation and linked issues; preserve original dependencies and acceptance; do not reopen simply because this plan lists it.,explicit historic work-family allocation,"# editor: define circular snap candidate

**Issue ID:** ARQ-192
**Phase:** Phase 1
**Epic:** Editor interaction
**Priority:** high
**Suggested labels:** type: feature, area: editor, priority: high, state: done
**Dependencies:** ARQ-045

## Problem

ARQ-191 intentionally left Centre snap incomplete because the editor had no
renderer-independent closed-shape candidate contract. Only open `SegmentCandidate`
and point-like `EndpointCandidate` existed, so Centre snap could not be implemented
without first defining a clean candidate boundary.

## Scope

- Add a minimal `CircularCandidate` contract for circles and arcs.
- Store only shape kind, world-space centre and radius.
- Keep the contract independent of renderer, BIM element and import-format classes.
- Detect invalid non-finite centres and non-positive or non-finite radii.
- Export the contract from `@arq/editor-shell`.

## Non-goals

- Do not introduce canonical circle or arc BIM entities.
- Do not define rectangular bounding-box centres.
- Do not add renderer ownership or stable project IDs to snap candidates.
- Do not resolve the canonical project-unit ADR.

## Acceptance criteria

- [x] `CircularCandidate` supports circle and arc candidates.
- [x] Invalid candidates are detectable without mutating project state.
- [x] The contract is exported by `@arq/editor-shell`.
- [x] Centre snap consumes it without renderer or BIM dependencies.
- [x] Focused type and runtime checks pass.
",,,,,,,,,
ARQ-193,file-system: approve SQLite based .arq format,historical requirement; revalidate,"[""E07""]",backlog/issues/193-file-system-approve-sqlite-based-arq-format.md,https://github.com/ruddvz/Arq/blob/a02ccc69e44e41324324c9482a43edbfb58e7905/backlog/issues/193-file-system-approve-sqlite-based-arq-format.md,Reuse existing implementation and linked issues; preserve original dependencies and acceptance; do not reopen simply because this plan lists it.,explicit historic work-family allocation,"# file-system: approve SQLite based .arq format

**Issue ID:** ARQ-193
**Phase:** File-system and instant architecture foundation
**Priority:** critical

## Problem

Arq needs one fast, recoverable and cross-platform native project format and runtime.

## Scope

Approve sqlite based .arq format.

## Acceptance criteria

- [ ] Follows ADR-0019 through ADR-0023.
- [ ] Does not synchronise raw SQLite database bytes.
- [ ] Preserves canonical model semantics.
- [ ] Has deterministic tests across native and WASM where applicable.
- [ ] Has crash, quota and malformed-file tests.
- [ ] Documents performance and security effects.
- [ ] Does not require derived caches to open a project.
",,,,,,,,,
ARQ-194,file-system: reserve application ID and define format header,historical requirement; revalidate,"[""E07""]",backlog/issues/194-file-system-reserve-application-id-and-define-format-header.md,https://github.com/ruddvz/Arq/blob/a02ccc69e44e41324324c9482a43edbfb58e7905/backlog/issues/194-file-system-reserve-application-id-and-define-format-header.md,Reuse existing implementation and linked issues; preserve original dependencies and acceptance; do not reopen simply because this plan lists it.,explicit historic work-family allocation,"# file-system: reserve application ID and define format header

**Issue ID:** ARQ-194
**Phase:** File-system and instant architecture foundation
**Priority:** critical

## Problem

Arq needs one fast, recoverable and cross-platform native project format and runtime.

## Scope

Reserve application id and define format header.

## Acceptance criteria

- [ ] Follows ADR-0019 through ADR-0023.
- [ ] Does not synchronise raw SQLite database bytes.
- [ ] Preserves canonical model semantics.
- [ ] Has deterministic tests across native and WASM where applicable.
- [ ] Has crash, quota and malformed-file tests.
- [ ] Documents performance and security effects.
- [ ] Does not require derived caches to open a project.
",,,,,,,,,
ARQ-195,file-system: implement native arqfs schema v1 prototype,historical requirement; revalidate,"[""E07""]",backlog/issues/195-file-system-implement-native-arqfs-schema-v1-prototype.md,https://github.com/ruddvz/Arq/blob/a02ccc69e44e41324324c9482a43edbfb58e7905/backlog/issues/195-file-system-implement-native-arqfs-schema-v1-prototype.md,Reuse existing implementation and linked issues; preserve original dependencies and acceptance; do not reopen simply because this plan lists it.,explicit historic work-family allocation,"# file-system: implement native arqfs schema v1 prototype

**Issue ID:** ARQ-195
**Phase:** File-system and instant architecture foundation
**Priority:** critical

## Problem

Arq needs one fast, recoverable and cross-platform native project format and runtime.

## Scope

Implement native arqfs schema v1 prototype.

## Acceptance criteria

- [ ] Follows ADR-0019 through ADR-0023.
- [ ] Does not synchronise raw SQLite database bytes.
- [ ] Preserves canonical model semantics.
- [ ] Has deterministic tests across native and WASM where applicable.
- [ ] Has crash, quota and malformed-file tests.
- [ ] Documents performance and security effects.
- [ ] Does not require derived caches to open a project.
",,,,,,,,,
ARQ-196,file-system: implement SQLite WASM OPFS prototype,historical requirement; revalidate,"[""E07""]",backlog/issues/196-file-system-implement-sqlite-wasm-opfs-prototype.md,https://github.com/ruddvz/Arq/blob/a02ccc69e44e41324324c9482a43edbfb58e7905/backlog/issues/196-file-system-implement-sqlite-wasm-opfs-prototype.md,Reuse existing implementation and linked issues; preserve original dependencies and acceptance; do not reopen simply because this plan lists it.,explicit historic work-family allocation,"# file-system: implement SQLite WASM OPFS prototype

**Issue ID:** ARQ-196
**Phase:** File-system and instant architecture foundation
**Priority:** critical

## Problem

Arq needs one fast, recoverable and cross-platform native project format and runtime.

## Scope

Implement sqlite wasm opfs prototype.

## Acceptance criteria

- [ ] Follows ADR-0019 through ADR-0023.
- [ ] Does not synchronise raw SQLite database bytes.
- [ ] Preserves canonical model semantics.
- [ ] Has deterministic tests across native and WASM where applicable.
- [ ] Has crash, quota and malformed-file tests.
- [ ] Documents performance and security effects.
- [ ] Does not require derived caches to open a project.
",,,,,,,,,
ARQ-197,file-system: implement clean export through backup API,historical requirement; revalidate,"[""E07""]",backlog/issues/197-file-system-implement-clean-export-through-backup-api.md,https://github.com/ruddvz/Arq/blob/a02ccc69e44e41324324c9482a43edbfb58e7905/backlog/issues/197-file-system-implement-clean-export-through-backup-api.md,Reuse existing implementation and linked issues; preserve original dependencies and acceptance; do not reopen simply because this plan lists it.,explicit historic work-family allocation,"# file-system: implement clean export through backup API

**Issue ID:** ARQ-197
**Phase:** File-system and instant architecture foundation
**Priority:** critical

## Problem

Arq needs one fast, recoverable and cross-platform native project format and runtime.

## Scope

Implement clean export through backup api.

## Acceptance criteria

- [ ] Follows ADR-0019 through ADR-0023.
- [ ] Does not synchronise raw SQLite database bytes.
- [ ] Preserves canonical model semantics.
- [ ] Has deterministic tests across native and WASM where applicable.
- [ ] Has crash, quota and malformed-file tests.
- [ ] Documents performance and security effects.
- [ ] Does not require derived caches to open a project.
",,,,,,,,,
ARQ-198,file-system: implement working copy and linked document states,historical requirement; revalidate,"[""E07""]",backlog/issues/198-file-system-implement-working-copy-and-linked-document-states.md,https://github.com/ruddvz/Arq/blob/a02ccc69e44e41324324c9482a43edbfb58e7905/backlog/issues/198-file-system-implement-working-copy-and-linked-document-states.md,Reuse existing implementation and linked issues; preserve original dependencies and acceptance; do not reopen simply because this plan lists it.,explicit historic work-family allocation,"# file-system: implement working copy and linked document states

**Issue ID:** ARQ-198
**Phase:** File-system and instant architecture foundation
**Priority:** critical

## Problem

Arq needs one fast, recoverable and cross-platform native project format and runtime.

## Scope

Implement working copy and linked document states.

## Acceptance criteria

- [ ] Follows ADR-0019 through ADR-0023.
- [ ] Does not synchronise raw SQLite database bytes.
- [ ] Preserves canonical model semantics.
- [ ] Has deterministic tests across native and WASM where applicable.
- [ ] Has crash, quota and malformed-file tests.
- [ ] Documents performance and security effects.
- [ ] Does not require derived caches to open a project.
",,,,,,,,,
ARQ-199,file-system: implement content addressed resource chunks,historical requirement; revalidate,"[""E07""]",backlog/issues/199-file-system-implement-content-addressed-resource-chunks.md,https://github.com/ruddvz/Arq/blob/a02ccc69e44e41324324c9482a43edbfb58e7905/backlog/issues/199-file-system-implement-content-addressed-resource-chunks.md,Reuse existing implementation and linked issues; preserve original dependencies and acceptance; do not reopen simply because this plan lists it.,explicit historic work-family allocation,"# file-system: implement content addressed resource chunks

**Issue ID:** ARQ-199
**Phase:** File-system and instant architecture foundation
**Priority:** critical

## Problem

Arq needs one fast, recoverable and cross-platform native project format and runtime.

## Scope

Implement content addressed resource chunks.

## Acceptance criteria

- [ ] Follows ADR-0019 through ADR-0023.
- [ ] Does not synchronise raw SQLite database bytes.
- [ ] Preserves canonical model semantics.
- [ ] Has deterministic tests across native and WASM where applicable.
- [ ] Has crash, quota and malformed-file tests.
- [ ] Documents performance and security effects.
- [ ] Does not require derived caches to open a project.
",,,,,,,,,
ARQ-200,file-system: implement semantic project hashing,historical requirement; revalidate,"[""E07""]",backlog/issues/200-file-system-implement-semantic-project-hashing.md,https://github.com/ruddvz/Arq/blob/a02ccc69e44e41324324c9482a43edbfb58e7905/backlog/issues/200-file-system-implement-semantic-project-hashing.md,Reuse existing implementation and linked issues; preserve original dependencies and acceptance; do not reopen simply because this plan lists it.,explicit historic work-family allocation,"# file-system: implement semantic project hashing

**Issue ID:** ARQ-200
**Phase:** File-system and instant architecture foundation
**Priority:** critical

## Problem

Arq needs one fast, recoverable and cross-platform native project format and runtime.

## Scope

Implement semantic project hashing.

## Acceptance criteria

- [ ] Follows ADR-0019 through ADR-0023.
- [ ] Does not synchronise raw SQLite database bytes.
- [ ] Preserves canonical model semantics.
- [ ] Has deterministic tests across native and WASM where applicable.
- [ ] Has crash, quota and malformed-file tests.
- [ ] Documents performance and security effects.
- [ ] Does not require derived caches to open a project.
",,,,,,,,,
ARQ-201,file-system: implement copy on write migrations,historical requirement; revalidate,"[""E07""]",backlog/issues/201-file-system-implement-copy-on-write-migrations.md,https://github.com/ruddvz/Arq/blob/a02ccc69e44e41324324c9482a43edbfb58e7905/backlog/issues/201-file-system-implement-copy-on-write-migrations.md,Reuse existing implementation and linked issues; preserve original dependencies and acceptance; do not reopen simply because this plan lists it.,explicit historic work-family allocation,"# file-system: implement copy on write migrations

**Issue ID:** ARQ-201
**Phase:** File-system and instant architecture foundation
**Priority:** critical

## Problem

Arq needs one fast, recoverable and cross-platform native project format and runtime.

## Scope

Implement copy on write migrations.

## Acceptance criteria

- [ ] Follows ADR-0019 through ADR-0023.
- [ ] Does not synchronise raw SQLite database bytes.
- [ ] Preserves canonical model semantics.
- [ ] Has deterministic tests across native and WASM where applicable.
- [ ] Has crash, quota and malformed-file tests.
- [ ] Documents performance and security effects.
- [ ] Does not require derived caches to open a project.
",,,,,,,,,
ARQ-202,file-system: implement safe mode and recovery report,historical requirement; revalidate,"[""E07""]",backlog/issues/202-file-system-implement-safe-mode-and-recovery-report.md,https://github.com/ruddvz/Arq/blob/a02ccc69e44e41324324c9482a43edbfb58e7905/backlog/issues/202-file-system-implement-safe-mode-and-recovery-report.md,Reuse existing implementation and linked issues; preserve original dependencies and acceptance; do not reopen simply because this plan lists it.,explicit historic work-family allocation,"# file-system: implement safe mode and recovery report

**Issue ID:** ARQ-202
**Phase:** File-system and instant architecture foundation
**Priority:** critical

## Problem

Arq needs one fast, recoverable and cross-platform native project format and runtime.

## Scope

Implement safe mode and recovery report.

## Acceptance criteria

- [ ] Follows ADR-0019 through ADR-0023.
- [ ] Does not synchronise raw SQLite database bytes.
- [ ] Preserves canonical model semantics.
- [ ] Has deterministic tests across native and WASM where applicable.
- [ ] Has crash, quota and malformed-file tests.
- [ ] Documents performance and security effects.
- [ ] Does not require derived caches to open a project.
",,,,,,,,,
ARQ-203,core: create shared Rust arq-core workspace,historical requirement; revalidate,"[""E05""]",backlog/issues/203-core-create-shared-rust-arq-core-workspace.md,https://github.com/ruddvz/Arq/blob/a02ccc69e44e41324324c9482a43edbfb58e7905/backlog/issues/203-core-create-shared-rust-arq-core-workspace.md,Reuse existing implementation and linked issues; preserve original dependencies and acceptance; do not reopen simply because this plan lists it.,explicit historic work-family allocation,"# core: create shared Rust arq-core workspace

**Issue ID:** ARQ-203
**Phase:** File-system and instant architecture foundation
**Priority:** critical

## Problem

Arq needs one fast, recoverable and cross-platform native project format and runtime.

## Scope

Create shared rust arq-core workspace.

## Acceptance criteria

- [ ] Follows ADR-0019 through ADR-0023.
- [ ] Does not synchronise raw SQLite database bytes.
- [ ] Preserves canonical model semantics.
- [ ] Has deterministic tests across native and WASM where applicable.
- [ ] Has crash, quota and malformed-file tests.
- [ ] Documents performance and security effects.
- [ ] Does not require derived caches to open a project.
",,,,,,,,,
ARQ-204,core: compile arq-core to WebAssembly Worker,historical requirement; revalidate,"[""E05""]",backlog/issues/204-core-compile-arq-core-to-webassembly-worker.md,https://github.com/ruddvz/Arq/blob/a02ccc69e44e41324324c9482a43edbfb58e7905/backlog/issues/204-core-compile-arq-core-to-webassembly-worker.md,Reuse existing implementation and linked issues; preserve original dependencies and acceptance; do not reopen simply because this plan lists it.,explicit historic work-family allocation,"# core: compile arq-core to WebAssembly Worker

**Issue ID:** ARQ-204
**Phase:** File-system and instant architecture foundation
**Priority:** critical

## Problem

Arq needs one fast, recoverable and cross-platform native project format and runtime.

## Scope

Compile arq-core to webassembly worker.

## Acceptance criteria

- [ ] Follows ADR-0019 through ADR-0023.
- [ ] Does not synchronise raw SQLite database bytes.
- [ ] Preserves canonical model semantics.
- [ ] Has deterministic tests across native and WASM where applicable.
- [ ] Has crash, quota and malformed-file tests.
- [ ] Documents performance and security effects.
- [ ] Does not require derived caches to open a project.
",,,,,,,,,
ARQ-205,core: define iPad and desktop FFI boundary,historical requirement; revalidate,"[""E44""]",backlog/issues/205-core-define-ipad-and-desktop-ffi-boundary.md,https://github.com/ruddvz/Arq/blob/a02ccc69e44e41324324c9482a43edbfb58e7905/backlog/issues/205-core-define-ipad-and-desktop-ffi-boundary.md,Reuse existing implementation and linked issues; preserve original dependencies and acceptance; do not reopen simply because this plan lists it.,explicit historic work-family allocation,"# core: define iPad and desktop FFI boundary

**Issue ID:** ARQ-205
**Phase:** File-system and instant architecture foundation
**Priority:** critical

## Problem

Arq needs one fast, recoverable and cross-platform native project format and runtime.

## Scope

Define ipad and desktop ffi boundary.

## Acceptance criteria

- [ ] Follows ADR-0019 through ADR-0023.
- [ ] Does not synchronise raw SQLite database bytes.
- [ ] Preserves canonical model semantics.
- [ ] Has deterministic tests across native and WASM where applicable.
- [ ] Has crash, quota and malformed-file tests.
- [ ] Documents performance and security effects.
- [ ] Does not require derived caches to open a project.
",,,,,,,,,
ARQ-206,sync: define operation envelope and server sequence,historical requirement; revalidate,"[""E43""]",backlog/issues/206-sync-define-operation-envelope-and-server-sequence.md,https://github.com/ruddvz/Arq/blob/a02ccc69e44e41324324c9482a43edbfb58e7905/backlog/issues/206-sync-define-operation-envelope-and-server-sequence.md,Reuse existing implementation and linked issues; preserve original dependencies and acceptance; do not reopen simply because this plan lists it.,explicit historic work-family allocation,"# sync: define operation envelope and server sequence

**Issue ID:** ARQ-206
**Phase:** File-system and instant architecture foundation
**Priority:** critical

## Problem

Arq needs one fast, recoverable and cross-platform native project format and runtime.

## Scope

Define operation envelope and server sequence.

## Acceptance criteria

- [ ] Follows ADR-0019 through ADR-0023.
- [ ] Does not synchronise raw SQLite database bytes.
- [ ] Preserves canonical model semantics.
- [ ] Has deterministic tests across native and WASM where applicable.
- [ ] Has crash, quota and malformed-file tests.
- [ ] Documents performance and security effects.
- [ ] Does not require derived caches to open a project.
",,,,,,,,,
ARQ-207,sync: implement idempotent operation upload,historical requirement; revalidate,"[""E43""]",backlog/issues/207-sync-implement-idempotent-operation-upload.md,https://github.com/ruddvz/Arq/blob/a02ccc69e44e41324324c9482a43edbfb58e7905/backlog/issues/207-sync-implement-idempotent-operation-upload.md,Reuse existing implementation and linked issues; preserve original dependencies and acceptance; do not reopen simply because this plan lists it.,explicit historic work-family allocation,"# sync: implement idempotent operation upload

**Issue ID:** ARQ-207
**Phase:** File-system and instant architecture foundation
**Priority:** critical

## Problem

Arq needs one fast, recoverable and cross-platform native project format and runtime.

## Scope

Implement idempotent operation upload.

## Acceptance criteria

- [ ] Follows ADR-0019 through ADR-0023.
- [ ] Does not synchronise raw SQLite database bytes.
- [ ] Preserves canonical model semantics.
- [ ] Has deterministic tests across native and WASM where applicable.
- [ ] Has crash, quota and malformed-file tests.
- [ ] Documents performance and security effects.
- [ ] Does not require derived caches to open a project.
",,,,,,,,,
ARQ-208,sync: implement resumable resource chunk upload,historical requirement; revalidate,"[""E43""]",backlog/issues/208-sync-implement-resumable-resource-chunk-upload.md,https://github.com/ruddvz/Arq/blob/a02ccc69e44e41324324c9482a43edbfb58e7905/backlog/issues/208-sync-implement-resumable-resource-chunk-upload.md,Reuse existing implementation and linked issues; preserve original dependencies and acceptance; do not reopen simply because this plan lists it.,explicit historic work-family allocation,"# sync: implement resumable resource chunk upload

**Issue ID:** ARQ-208
**Phase:** File-system and instant architecture foundation
**Priority:** critical

## Problem

Arq needs one fast, recoverable and cross-platform native project format and runtime.

## Scope

Implement resumable resource chunk upload.

## Acceptance criteria

- [ ] Follows ADR-0019 through ADR-0023.
- [ ] Does not synchronise raw SQLite database bytes.
- [ ] Preserves canonical model semantics.
- [ ] Has deterministic tests across native and WASM where applicable.
- [ ] Has crash, quota and malformed-file tests.
- [ ] Documents performance and security effects.
- [ ] Does not require derived caches to open a project.
",,,,,,,,,
ARQ-209,sync: implement safe rebase and conflict classes,historical requirement; revalidate,"[""E43""]",backlog/issues/209-sync-implement-safe-rebase-and-conflict-classes.md,https://github.com/ruddvz/Arq/blob/a02ccc69e44e41324324c9482a43edbfb58e7905/backlog/issues/209-sync-implement-safe-rebase-and-conflict-classes.md,Reuse existing implementation and linked issues; preserve original dependencies and acceptance; do not reopen simply because this plan lists it.,explicit historic work-family allocation,"# sync: implement safe rebase and conflict classes

**Issue ID:** ARQ-209
**Phase:** File-system and instant architecture foundation
**Priority:** critical

## Problem

Arq needs one fast, recoverable and cross-platform native project format and runtime.

## Scope

Implement safe rebase and conflict classes.

## Acceptance criteria

- [ ] Follows ADR-0019 through ADR-0023.
- [ ] Does not synchronise raw SQLite database bytes.
- [ ] Preserves canonical model semantics.
- [ ] Has deterministic tests across native and WASM where applicable.
- [ ] Has crash, quota and malformed-file tests.
- [ ] Documents performance and security effects.
- [ ] Does not require derived caches to open a project.
",,,,,,,,,
ARQ-210,performance: implement progressive project opening,historical requirement; revalidate,"[""E23""]",backlog/issues/210-performance-implement-progressive-project-opening.md,https://github.com/ruddvz/Arq/blob/a02ccc69e44e41324324c9482a43edbfb58e7905/backlog/issues/210-performance-implement-progressive-project-opening.md,Reuse existing implementation and linked issues; preserve original dependencies and acceptance; do not reopen simply because this plan lists it.,explicit historic work-family allocation,"# performance: implement progressive project opening

**Issue ID:** ARQ-210
**Phase:** File-system and instant architecture foundation
**Priority:** critical

## Problem

Arq needs one fast, recoverable and cross-platform native project format and runtime.

## Scope

Implement progressive project opening.

## Acceptance criteria

- [ ] Follows ADR-0019 through ADR-0023.
- [ ] Does not synchronise raw SQLite database bytes.
- [ ] Preserves canonical model semantics.
- [ ] Has deterministic tests across native and WASM where applicable.
- [ ] Has crash, quota and malformed-file tests.
- [ ] Documents performance and security effects.
- [ ] Does not require derived caches to open a project.
",,,,,,,,,
ARQ-211,performance: implement viewport first entity queries,historical requirement; revalidate,"[""E23""]",backlog/issues/211-performance-implement-viewport-first-entity-queries.md,https://github.com/ruddvz/Arq/blob/a02ccc69e44e41324324c9482a43edbfb58e7905/backlog/issues/211-performance-implement-viewport-first-entity-queries.md,Reuse existing implementation and linked issues; preserve original dependencies and acceptance; do not reopen simply because this plan lists it.,explicit historic work-family allocation,"# performance: implement viewport first entity queries

**Issue ID:** ARQ-211
**Phase:** File-system and instant architecture foundation
**Priority:** critical

## Problem

Arq needs one fast, recoverable and cross-platform native project format and runtime.

## Scope

Implement viewport first entity queries.

## Acceptance criteria

- [ ] Follows ADR-0019 through ADR-0023.
- [ ] Does not synchronise raw SQLite database bytes.
- [ ] Preserves canonical model semantics.
- [ ] Has deterministic tests across native and WASM where applicable.
- [ ] Has crash, quota and malformed-file tests.
- [ ] Documents performance and security effects.
- [ ] Does not require derived caches to open a project.
",,,,,,,,,
ARQ-212,performance: implement adaptive device capability tiers,historical requirement; revalidate,"[""E23""]",backlog/issues/212-performance-implement-adaptive-device-capability-tiers.md,https://github.com/ruddvz/Arq/blob/a02ccc69e44e41324324c9482a43edbfb58e7905/backlog/issues/212-performance-implement-adaptive-device-capability-tiers.md,Reuse existing implementation and linked issues; preserve original dependencies and acceptance; do not reopen simply because this plan lists it.,explicit historic work-family allocation,"# performance: implement adaptive device capability tiers

**Issue ID:** ARQ-212
**Phase:** File-system and instant architecture foundation
**Priority:** critical

## Problem

Arq needs one fast, recoverable and cross-platform native project format and runtime.

## Scope

Implement adaptive device capability tiers.

## Acceptance criteria

- [ ] Follows ADR-0019 through ADR-0023.
- [ ] Does not synchronise raw SQLite database bytes.
- [ ] Preserves canonical model semantics.
- [ ] Has deterministic tests across native and WASM where applicable.
- [ ] Has crash, quota and malformed-file tests.
- [ ] Documents performance and security effects.
- [ ] Does not require derived caches to open a project.
",,,,,,,,,
ARQ-213,performance: protect main thread 50 ms budget,historical requirement; revalidate,"[""E23""]",backlog/issues/213-performance-protect-main-thread-50-ms-budget.md,https://github.com/ruddvz/Arq/blob/a02ccc69e44e41324324c9482a43edbfb58e7905/backlog/issues/213-performance-protect-main-thread-50-ms-budget.md,Reuse existing implementation and linked issues; preserve original dependencies and acceptance; do not reopen simply because this plan lists it.,explicit historic work-family allocation,"# performance: protect main thread 50 ms budget

**Issue ID:** ARQ-213
**Phase:** File-system and instant architecture foundation
**Priority:** critical

## Problem

Arq needs one fast, recoverable and cross-platform native project format and runtime.

## Scope

Protect main thread 50 ms budget.

## Acceptance criteria

- [ ] Follows ADR-0019 through ADR-0023.
- [ ] Does not synchronise raw SQLite database bytes.
- [ ] Preserves canonical model semantics.
- [ ] Has deterministic tests across native and WASM where applicable.
- [ ] Has crash, quota and malformed-file tests.
- [ ] Documents performance and security effects.
- [ ] Does not require derived caches to open a project.
",,,,,,,,,
ARQ-214,performance: add cross platform semantic determinism tests,historical requirement; revalidate,"[""E23""]",backlog/issues/214-performance-add-cross-platform-semantic-determinism-tests.md,https://github.com/ruddvz/Arq/blob/a02ccc69e44e41324324c9482a43edbfb58e7905/backlog/issues/214-performance-add-cross-platform-semantic-determinism-tests.md,Reuse existing implementation and linked issues; preserve original dependencies and acceptance; do not reopen simply because this plan lists it.,explicit historic work-family allocation,"# performance: add cross platform semantic determinism tests

**Issue ID:** ARQ-214
**Phase:** File-system and instant architecture foundation
**Priority:** critical

## Problem

Arq needs one fast, recoverable and cross-platform native project format and runtime.

## Scope

Add cross platform semantic determinism tests.

## Acceptance criteria

- [ ] Follows ADR-0019 through ADR-0023.
- [ ] Does not synchronise raw SQLite database bytes.
- [ ] Preserves canonical model semantics.
- [ ] Has deterministic tests across native and WASM where applicable.
- [ ] Has crash, quota and malformed-file tests.
- [ ] Documents performance and security effects.
- [ ] Does not require derived caches to open a project.
",,,,,,,,,
ARQ-215,platform: implement browser OPFS quota diagnostics,historical requirement; revalidate,"[""E07""]",backlog/issues/215-platform-implement-browser-opfs-quota-diagnostics.md,https://github.com/ruddvz/Arq/blob/a02ccc69e44e41324324c9482a43edbfb58e7905/backlog/issues/215-platform-implement-browser-opfs-quota-diagnostics.md,Reuse existing implementation and linked issues; preserve original dependencies and acceptance; do not reopen simply because this plan lists it.,explicit historic work-family allocation,"# platform: implement browser OPFS quota diagnostics

**Issue ID:** ARQ-215
**Phase:** File-system and instant architecture foundation
**Priority:** critical

## Problem

Arq needs one fast, recoverable and cross-platform native project format and runtime.

## Scope

Implement browser opfs quota diagnostics.

## Acceptance criteria

- [ ] Follows ADR-0019 through ADR-0023.
- [ ] Does not synchronise raw SQLite database bytes.
- [ ] Preserves canonical model semantics.
- [ ] Has deterministic tests across native and WASM where applicable.
- [ ] Has crash, quota and malformed-file tests.
- [ ] Documents performance and security effects.
- [ ] Does not require derived caches to open a project.
",,,,,,,,,
ARQ-216,platform: implement coordinated external document publication,historical requirement; revalidate,"[""E07""]",backlog/issues/216-platform-implement-coordinated-external-document-publication.md,https://github.com/ruddvz/Arq/blob/a02ccc69e44e41324324c9482a43edbfb58e7905/backlog/issues/216-platform-implement-coordinated-external-document-publication.md,Reuse existing implementation and linked issues; preserve original dependencies and acceptance; do not reopen simply because this plan lists it.,explicit historic work-family allocation,"# platform: implement coordinated external document publication

**Issue ID:** ARQ-216
**Phase:** File-system and instant architecture foundation
**Priority:** critical

## Problem

Arq needs one fast, recoverable and cross-platform native project format and runtime.

## Scope

Implement coordinated external document publication.

## Acceptance criteria

- [ ] Follows ADR-0019 through ADR-0023.
- [ ] Does not synchronise raw SQLite database bytes.
- [ ] Preserves canonical model semantics.
- [ ] Has deterministic tests across native and WASM where applicable.
- [ ] Has crash, quota and malformed-file tests.
- [ ] Documents performance and security effects.
- [ ] Does not require derived caches to open a project.
",,,,,,,,,
ARQ-217,security: fuzz untrusted arq reader and migrations,historical requirement; revalidate,"[""E09""]",backlog/issues/217-security-fuzz-untrusted-arq-reader-and-migrations.md,https://github.com/ruddvz/Arq/blob/a02ccc69e44e41324324c9482a43edbfb58e7905/backlog/issues/217-security-fuzz-untrusted-arq-reader-and-migrations.md,Reuse existing implementation and linked issues; preserve original dependencies and acceptance; do not reopen simply because this plan lists it.,explicit historic work-family allocation,"# security: fuzz untrusted arq reader and migrations

**Issue ID:** ARQ-217
**Phase:** File-system and instant architecture foundation
**Priority:** critical

## Problem

Arq needs one fast, recoverable and cross-platform native project format and runtime.

## Scope

Fuzz untrusted arq reader and migrations.

## Acceptance criteria

- [ ] Follows ADR-0019 through ADR-0023.
- [ ] Does not synchronise raw SQLite database bytes.
- [ ] Preserves canonical model semantics.
- [ ] Has deterministic tests across native and WASM where applicable.
- [ ] Has crash, quota and malformed-file tests.
- [ ] Documents performance and security effects.
- [ ] Does not require derived caches to open a project.
",,,,,,,,,
ARQ-218,architecture: remove active storage and archive contradictions,historical requirement; revalidate,"[""E05""]",backlog/issues/218-architecture-remove-active-storage-and-archive-contradictions.md,https://github.com/ruddvz/Arq/blob/a02ccc69e44e41324324c9482a43edbfb58e7905/backlog/issues/218-architecture-remove-active-storage-and-archive-contradictions.md,Reuse existing implementation and linked issues; preserve original dependencies and acceptance; do not reopen simply because this plan lists it.,explicit historic work-family allocation,"# architecture: remove active storage and archive contradictions

**Issue ID:** ARQ-218
**Priority:** critical or high
**Epic:** v3 execution readiness

## Acceptance criteria

- [ ] Current v2.0 blueprint and approved ADRs are followed.
- [ ] Contradictory older text is not copied into implementation.
- [ ] Normal, failure, recovery, accessibility and performance evidence exists.
- [ ] New dependency and licence effects are recorded.
- [ ] Deterministic regression coverage is added where applicable.
",,,,,,,,,
ARQ-219,file-system: run direct SQLite Worker VFS benchmark,historical requirement; revalidate,"[""E07""]",backlog/issues/219-file-system-run-direct-sqlite-worker-vfs-benchmark.md,https://github.com/ruddvz/Arq/blob/a02ccc69e44e41324324c9482a43edbfb58e7905/backlog/issues/219-file-system-run-direct-sqlite-worker-vfs-benchmark.md,Reuse existing implementation and linked issues; preserve original dependencies and acceptance; do not reopen simply because this plan lists it.,explicit historic work-family allocation,"# file-system: run direct SQLite Worker VFS benchmark

**Issue ID:** ARQ-219
**Priority:** critical or high
**Epic:** v3 execution readiness

## Acceptance criteria

- [ ] Current v2.0 blueprint and approved ADRs are followed.
- [ ] Contradictory older text is not copied into implementation.
- [ ] Normal, failure, recovery, accessibility and performance evidence exists.
- [ ] New dependency and licence effects are recorded.
- [ ] Deterministic regression coverage is added where applicable.
",,,,,,,,,
ARQ-220,file-system: implement browser single-writer project lock,historical requirement; revalidate,"[""E07""]",backlog/issues/220-file-system-implement-browser-single-writer-project-lock.md,https://github.com/ruddvz/Arq/blob/a02ccc69e44e41324324c9482a43edbfb58e7905/backlog/issues/220-file-system-implement-browser-single-writer-project-lock.md,Reuse existing implementation and linked issues; preserve original dependencies and acceptance; do not reopen simply because this plan lists it.,explicit historic work-family allocation,"# file-system: implement browser single-writer project lock

**Issue ID:** ARQ-220
**Priority:** critical or high
**Epic:** v3 execution readiness

## Acceptance criteria

- [ ] Current v2.0 blueprint and approved ADRs are followed.
- [ ] Contradictory older text is not copied into implementation.
- [ ] Normal, failure, recovery, accessibility and performance evidence exists.
- [ ] New dependency and licence effects are recorded.
- [ ] Deterministic regression coverage is added where applicable.
",,,,,,,,,
ARQ-221,file-system: implement feature flag compatibility matrix,historical requirement; revalidate,"[""E07""]",backlog/issues/221-file-system-implement-feature-flag-compatibility-matrix.md,https://github.com/ruddvz/Arq/blob/a02ccc69e44e41324324c9482a43edbfb58e7905/backlog/issues/221-file-system-implement-feature-flag-compatibility-matrix.md,Reuse existing implementation and linked issues; preserve original dependencies and acceptance; do not reopen simply because this plan lists it.,explicit historic work-family allocation,"# file-system: implement feature flag compatibility matrix

**Issue ID:** ARQ-221
**Priority:** critical or high
**Epic:** v3 execution readiness

## Acceptance criteria

- [ ] Current v2.0 blueprint and approved ADRs are followed.
- [ ] Contradictory older text is not copied into implementation.
- [ ] Normal, failure, recovery, accessibility and performance evidence exists.
- [ ] New dependency and licence effects are recorded.
- [ ] Deterministic regression coverage is added where applicable.
",,,,,,,,,
ARQ-222,file-system: implement canonical semantic hashing test oracle,historical requirement; revalidate,"[""E07""]",backlog/issues/222-file-system-implement-canonical-semantic-hashing-test-oracle.md,https://github.com/ruddvz/Arq/blob/a02ccc69e44e41324324c9482a43edbfb58e7905/backlog/issues/222-file-system-implement-canonical-semantic-hashing-test-oracle.md,Reuse existing implementation and linked issues; preserve original dependencies and acceptance; do not reopen simply because this plan lists it.,explicit historic work-family allocation,"# file-system: implement canonical semantic hashing test oracle

**Issue ID:** ARQ-222
**Priority:** critical or high
**Epic:** v3 execution readiness

## Acceptance criteria

- [ ] Current v2.0 blueprint and approved ADRs are followed.
- [ ] Contradictory older text is not copied into implementation.
- [ ] Normal, failure, recovery, accessibility and performance evidence exists.
- [ ] New dependency and licence effects are recorded.
- [ ] Deterministic regression coverage is added where applicable.
",,,,,,,,,
ARQ-223,file-system: validate clean export has no sidecars,historical requirement; revalidate,"[""E07""]",backlog/issues/223-file-system-validate-clean-export-has-no-sidecars.md,https://github.com/ruddvz/Arq/blob/a02ccc69e44e41324324c9482a43edbfb58e7905/backlog/issues/223-file-system-validate-clean-export-has-no-sidecars.md,Reuse existing implementation and linked issues; preserve original dependencies and acceptance; do not reopen simply because this plan lists it.,explicit historic work-family allocation,"# file-system: validate clean export has no sidecars

**Issue ID:** ARQ-223
**Priority:** critical or high
**Epic:** v3 execution readiness

## Acceptance criteria

- [ ] Current v2.0 blueprint and approved ADRs are followed.
- [ ] Contradictory older text is not copied into implementation.
- [ ] Normal, failure, recovery, accessibility and performance evidence exists.
- [ ] New dependency and licence effects are recorded.
- [ ] Deterministic regression coverage is added where applicable.
",,,,,,,,,
ARQ-224,core: implement canonical numeric normalisation,historical requirement; revalidate,"[""E03""]",backlog/issues/224-core-implement-canonical-numeric-normalisation.md,https://github.com/ruddvz/Arq/blob/a02ccc69e44e41324324c9482a43edbfb58e7905/backlog/issues/224-core-implement-canonical-numeric-normalisation.md,Reuse existing implementation and linked issues; preserve original dependencies and acceptance; do not reopen simply because this plan lists it.,explicit historic work-family allocation,"# core: implement canonical numeric normalisation

**Issue ID:** ARQ-224
**Priority:** critical or high
**Epic:** v3 execution readiness

## Acceptance criteria

- [ ] Current v2.0 blueprint and approved ADRs are followed.
- [ ] Contradictory older text is not copied into implementation.
- [ ] Normal, failure, recovery, accessibility and performance evidence exists.
- [ ] New dependency and licence effects are recorded.
- [ ] Deterministic regression coverage is added where applicable.
",,,,,,,,,
ARQ-225,core: implement deterministic record ordering,historical requirement; revalidate,"[""E03""]",backlog/issues/225-core-implement-deterministic-record-ordering.md,https://github.com/ruddvz/Arq/blob/a02ccc69e44e41324324c9482a43edbfb58e7905/backlog/issues/225-core-implement-deterministic-record-ordering.md,Reuse existing implementation and linked issues; preserve original dependencies and acceptance; do not reopen simply because this plan lists it.,explicit historic work-family allocation,"# core: implement deterministic record ordering

**Issue ID:** ARQ-225
**Priority:** critical or high
**Epic:** v3 execution readiness

## Acceptance criteria

- [ ] Current v2.0 blueprint and approved ADRs are followed.
- [ ] Contradictory older text is not copied into implementation.
- [ ] Normal, failure, recovery, accessibility and performance evidence exists.
- [ ] New dependency and licence effects are recorded.
- [ ] Deterministic regression coverage is added where applicable.
",,,,,,,,,
ARQ-226,commands: implement shared command lifecycle state machine,historical requirement; revalidate,"[""E04""]",backlog/issues/226-commands-implement-shared-command-lifecycle-state-machine.md,https://github.com/ruddvz/Arq/blob/a02ccc69e44e41324324c9482a43edbfb58e7905/backlog/issues/226-commands-implement-shared-command-lifecycle-state-machine.md,Reuse existing implementation and linked issues; preserve original dependencies and acceptance; do not reopen simply because this plan lists it.,explicit historic work-family allocation,"# commands: implement shared command lifecycle state machine

**Issue ID:** ARQ-226
**Priority:** critical or high
**Epic:** v3 execution readiness

## Acceptance criteria

- [ ] Current v2.0 blueprint and approved ADRs are followed.
- [ ] Contradictory older text is not copied into implementation.
- [ ] Normal, failure, recovery, accessibility and performance evidence exists.
- [ ] New dependency and licence effects are recorded.
- [ ] Deterministic regression coverage is added where applicable.
",,,,,,,,,
ARQ-227,commands: generate typed command registry from catalogue,historical requirement; revalidate,"[""E04""]",backlog/issues/227-commands-generate-typed-command-registry-from-catalogue.md,https://github.com/ruddvz/Arq/blob/a02ccc69e44e41324324c9482a43edbfb58e7905/backlog/issues/227-commands-generate-typed-command-registry-from-catalogue.md,Reuse existing implementation and linked issues; preserve original dependencies and acceptance; do not reopen simply because this plan lists it.,explicit historic work-family allocation,"# commands: generate typed command registry from catalogue

**Issue ID:** ARQ-227
**Priority:** critical or high
**Epic:** v3 execution readiness

## Acceptance criteria

- [ ] Current v2.0 blueprint and approved ADRs are followed.
- [ ] Contradictory older text is not copied into implementation.
- [ ] Normal, failure, recovery, accessibility and performance evidence exists.
- [ ] New dependency and licence effects are recorded.
- [ ] Deterministic regression coverage is added where applicable.
",,,,,,,,,
ARQ-228,entities: generate model types from entity catalogue,historical requirement; revalidate,"[""E05""]",backlog/issues/228-entities-generate-model-types-from-entity-catalogue.md,https://github.com/ruddvz/Arq/blob/a02ccc69e44e41324324c9482a43edbfb58e7905/backlog/issues/228-entities-generate-model-types-from-entity-catalogue.md,Reuse existing implementation and linked issues; preserve original dependencies and acceptance; do not reopen simply because this plan lists it.,explicit historic work-family allocation,"# entities: generate model types from entity catalogue

**Issue ID:** ARQ-228
**Priority:** critical or high
**Epic:** v3 execution readiness

## Acceptance criteria

- [ ] Current v2.0 blueprint and approved ADRs are followed.
- [ ] Contradictory older text is not copied into implementation.
- [ ] Normal, failure, recovery, accessibility and performance evidence exists.
- [ ] New dependency and licence effects are recorded.
- [ ] Deterministic regression coverage is added where applicable.
",,,,,,,,,
ARQ-229,ux: implement separate local sync and publication states,historical requirement; revalidate,"[""E07""]",backlog/issues/229-ux-implement-separate-local-sync-and-publication-states.md,https://github.com/ruddvz/Arq/blob/a02ccc69e44e41324324c9482a43edbfb58e7905/backlog/issues/229-ux-implement-separate-local-sync-and-publication-states.md,Reuse existing implementation and linked issues; preserve original dependencies and acceptance; do not reopen simply because this plan lists it.,explicit historic work-family allocation,"# ux: implement separate local sync and publication states

**Issue ID:** ARQ-229
**Priority:** critical or high
**Epic:** v3 execution readiness

## Acceptance criteria

- [ ] Current v2.0 blueprint and approved ADRs are followed.
- [ ] Contradictory older text is not copied into implementation.
- [ ] Normal, failure, recovery, accessibility and performance evidence exists.
- [ ] New dependency and licence effects are recorded.
- [ ] Deterministic regression coverage is added where applicable.
",,,,,,,,,
ARQ-230,ux: build canvas accessibility parallel interfaces,historical requirement; revalidate,"[""E21""]",backlog/issues/230-ux-build-canvas-accessibility-parallel-interfaces.md,https://github.com/ruddvz/Arq/blob/a02ccc69e44e41324324c9482a43edbfb58e7905/backlog/issues/230-ux-build-canvas-accessibility-parallel-interfaces.md,Reuse existing implementation and linked issues; preserve original dependencies and acceptance; do not reopen simply because this plan lists it.,explicit historic work-family allocation,"# ux: build canvas accessibility parallel interfaces

**Issue ID:** ARQ-230
**Priority:** critical or high
**Epic:** v3 execution readiness

## Acceptance criteria

- [ ] Current v2.0 blueprint and approved ADRs are followed.
- [ ] Contradictory older text is not copied into implementation.
- [ ] Normal, failure, recovery, accessibility and performance evidence exists.
- [ ] New dependency and licence effects are recorded.
- [ ] Deterministic regression coverage is added where applicable.
",,,,,,,,,
ARQ-231,performance: enforce route and editor bundle budgets,historical requirement; revalidate,"[""E23""]",backlog/issues/231-performance-enforce-route-and-editor-bundle-budgets.md,https://github.com/ruddvz/Arq/blob/a02ccc69e44e41324324c9482a43edbfb58e7905/backlog/issues/231-performance-enforce-route-and-editor-bundle-budgets.md,Reuse existing implementation and linked issues; preserve original dependencies and acceptance; do not reopen simply because this plan lists it.,explicit historic work-family allocation,"# performance: enforce route and editor bundle budgets

**Issue ID:** ARQ-231
**Priority:** critical or high
**Epic:** v3 execution readiness

## Acceptance criteria

- [ ] Current v2.0 blueprint and approved ADRs are followed.
- [ ] Contradictory older text is not copied into implementation.
- [ ] Normal, failure, recovery, accessibility and performance evidence exists.
- [ ] New dependency and licence effects are recorded.
- [ ] Deterministic regression coverage is added where applicable.
",,,,,,,,,
ARQ-232,performance: implement Worker backpressure and stale result cancellation,historical requirement; revalidate,"[""E23""]",backlog/issues/232-performance-implement-worker-backpressure-and-stale-result-cancellation.md,https://github.com/ruddvz/Arq/blob/a02ccc69e44e41324324c9482a43edbfb58e7905/backlog/issues/232-performance-implement-worker-backpressure-and-stale-result-cancellation.md,Reuse existing implementation and linked issues; preserve original dependencies and acceptance; do not reopen simply because this plan lists it.,explicit historic work-family allocation,"# performance: implement Worker backpressure and stale result cancellation

**Issue ID:** ARQ-232
**Priority:** critical or high
**Epic:** v3 execution readiness

## Acceptance criteria

- [ ] Current v2.0 blueprint and approved ADRs are followed.
- [ ] Contradictory older text is not copied into implementation.
- [ ] Normal, failure, recovery, accessibility and performance evidence exists.
- [ ] New dependency and licence effects are recorded.
- [ ] Deterministic regression coverage is added where applicable.
",,,,,,,,,
ARQ-233,performance: run Tier A through D device lab,historical requirement; revalidate,"[""E23""]",backlog/issues/233-performance-run-tier-a-through-d-device-lab.md,https://github.com/ruddvz/Arq/blob/a02ccc69e44e41324324c9482a43edbfb58e7905/backlog/issues/233-performance-run-tier-a-through-d-device-lab.md,Reuse existing implementation and linked issues; preserve original dependencies and acceptance; do not reopen simply because this plan lists it.,explicit historic work-family allocation,"# performance: run Tier A through D device lab

**Issue ID:** ARQ-233
**Priority:** critical or high
**Epic:** v3 execution readiness

## Acceptance criteria

- [ ] Current v2.0 blueprint and approved ADRs are followed.
- [ ] Contradictory older text is not copied into implementation.
- [ ] Normal, failure, recovery, accessibility and performance evidence exists.
- [ ] New dependency and licence effects are recorded.
- [ ] Deterministic regression coverage is added where applicable.
",,,,,,,,,
ARQ-234,quality: import master bug fix register,historical requirement; revalidate,"[""E25""]",backlog/issues/234-quality-import-master-bug-fix-register.md,https://github.com/ruddvz/Arq/blob/a02ccc69e44e41324324c9482a43edbfb58e7905/backlog/issues/234-quality-import-master-bug-fix-register.md,Reuse existing implementation and linked issues; preserve original dependencies and acceptance; do not reopen simply because this plan lists it.,explicit historic work-family allocation,"# quality: import master bug fix register

**Issue ID:** ARQ-234
**Priority:** critical or high
**Epic:** v3 execution readiness

## Acceptance criteria

- [ ] Current v2.0 blueprint and approved ADRs are followed.
- [ ] Contradictory older text is not copied into implementation.
- [ ] Normal, failure, recovery, accessibility and performance evidence exists.
- [ ] New dependency and licence effects are recorded.
- [ ] Deterministic regression coverage is added where applicable.
",,,,,,,,,
ARQ-235,quality: create regression fixture for every critical bug risk,historical requirement; revalidate,"[""E25""]",backlog/issues/235-quality-create-regression-fixture-for-every-critical-bug-risk.md,https://github.com/ruddvz/Arq/blob/a02ccc69e44e41324324c9482a43edbfb58e7905/backlog/issues/235-quality-create-regression-fixture-for-every-critical-bug-risk.md,Reuse existing implementation and linked issues; preserve original dependencies and acceptance; do not reopen simply because this plan lists it.,explicit historic work-family allocation,"# quality: create regression fixture for every critical bug risk

**Issue ID:** ARQ-235
**Priority:** critical or high
**Epic:** v3 execution readiness

## Acceptance criteria

- [ ] Current v2.0 blueprint and approved ADRs are followed.
- [ ] Contradictory older text is not copied into implementation.
- [ ] Normal, failure, recovery, accessibility and performance evidence exists.
- [ ] New dependency and licence effects are recorded.
- [ ] Deterministic regression coverage is added where applicable.
",,,,,,,,,
ARQ-236,quality: run source of truth contradiction check in CI,historical requirement; revalidate,"[""E25""]",backlog/issues/236-quality-run-source-of-truth-contradiction-check-in-ci.md,https://github.com/ruddvz/Arq/blob/a02ccc69e44e41324324c9482a43edbfb58e7905/backlog/issues/236-quality-run-source-of-truth-contradiction-check-in-ci.md,Reuse existing implementation and linked issues; preserve original dependencies and acceptance; do not reopen simply because this plan lists it.,explicit historic work-family allocation,"# quality: run source of truth contradiction check in CI

**Issue ID:** ARQ-236
**Priority:** critical or high
**Epic:** v3 execution readiness

## Acceptance criteria

- [ ] Current v2.0 blueprint and approved ADRs are followed.
- [ ] Contradictory older text is not copied into implementation.
- [ ] Normal, failure, recovery, accessibility and performance evidence exists.
- [ ] New dependency and licence effects are recorded.
- [ ] Deterministic regression coverage is added where applicable.
",,,,,,,,,
ARQ-237,security: configure SQLite defensive open policy,historical requirement; revalidate,"[""E09""]",backlog/issues/237-security-configure-sqlite-defensive-open-policy.md,https://github.com/ruddvz/Arq/blob/a02ccc69e44e41324324c9482a43edbfb58e7905/backlog/issues/237-security-configure-sqlite-defensive-open-policy.md,Reuse existing implementation and linked issues; preserve original dependencies and acceptance; do not reopen simply because this plan lists it.,explicit historic work-family allocation,"# security: configure SQLite defensive open policy

**Issue ID:** ARQ-237
**Priority:** critical or high
**Epic:** v3 execution readiness

## Acceptance criteria

- [ ] Current v2.0 blueprint and approved ADRs are followed.
- [ ] Contradictory older text is not copied into implementation.
- [ ] Normal, failure, recovery, accessibility and performance evidence exists.
- [ ] New dependency and licence effects are recorded.
- [ ] Deterministic regression coverage is added where applicable.
",,,,,,,,,
ARQ-238,security: implement resource size and expansion limits,historical requirement; revalidate,"[""E09""]",backlog/issues/238-security-implement-resource-size-and-expansion-limits.md,https://github.com/ruddvz/Arq/blob/a02ccc69e44e41324324c9482a43edbfb58e7905/backlog/issues/238-security-implement-resource-size-and-expansion-limits.md,Reuse existing implementation and linked issues; preserve original dependencies and acceptance; do not reopen simply because this plan lists it.,explicit historic work-family allocation,"# security: implement resource size and expansion limits

**Issue ID:** ARQ-238
**Priority:** critical or high
**Epic:** v3 execution readiness

## Acceptance criteria

- [ ] Current v2.0 blueprint and approved ADRs are followed.
- [ ] Contradictory older text is not copied into implementation.
- [ ] Normal, failure, recovery, accessibility and performance evidence exists.
- [ ] New dependency and licence effects are recorded.
- [ ] Deterministic regression coverage is added where applicable.
",,,,,,,,,
ARQ-239,security: redact support bundles and share tokens,historical requirement; revalidate,"[""E24""]",backlog/issues/239-security-redact-support-bundles-and-share-tokens.md,https://github.com/ruddvz/Arq/blob/a02ccc69e44e41324324c9482a43edbfb58e7905/backlog/issues/239-security-redact-support-bundles-and-share-tokens.md,Reuse existing implementation and linked issues; preserve original dependencies and acceptance; do not reopen simply because this plan lists it.,explicit historic work-family allocation,"# security: redact support bundles and share tokens

**Issue ID:** ARQ-239
**Priority:** critical or high
**Epic:** v3 execution readiness

## Acceptance criteria

- [ ] Current v2.0 blueprint and approved ADRs are followed.
- [ ] Contradictory older text is not copied into implementation.
- [ ] Normal, failure, recovery, accessibility and performance evidence exists.
- [ ] New dependency and licence effects are recorded.
- [ ] Deterministic regression coverage is added where applicable.
",,,,,,,,,
ARQ-240,research: validate complete command catalogue with architects,historical requirement; revalidate,"[""E01""]",backlog/issues/240-research-validate-complete-command-catalogue-with-architects.md,https://github.com/ruddvz/Arq/blob/a02ccc69e44e41324324c9482a43edbfb58e7905/backlog/issues/240-research-validate-complete-command-catalogue-with-architects.md,Reuse existing implementation and linked issues; preserve original dependencies and acceptance; do not reopen simply because this plan lists it.,explicit historic work-family allocation,"# research: validate complete command catalogue with architects

**Issue ID:** ARQ-240
**Priority:** critical or high
**Epic:** v3 execution readiness

## Acceptance criteria

- [ ] Current v2.0 blueprint and approved ADRs are followed.
- [ ] Contradictory older text is not copied into implementation.
- [ ] Normal, failure, recovery, accessibility and performance evidence exists.
- [ ] New dependency and licence effects are recorded.
- [ ] Deterministic regression coverage is added where applicable.
",,,,,,,,,
ARQ-241,product: approve full platform feature catalogue stages,historical requirement; revalidate,"[""E02""]",backlog/issues/241-product-approve-full-platform-feature-catalogue-stages.md,https://github.com/ruddvz/Arq/blob/a02ccc69e44e41324324c9482a43edbfb58e7905/backlog/issues/241-product-approve-full-platform-feature-catalogue-stages.md,Reuse existing implementation and linked issues; preserve original dependencies and acceptance; do not reopen simply because this plan lists it.,explicit historic work-family allocation,"# product: approve full platform feature catalogue stages

**Issue ID:** ARQ-241
**Priority:** critical or high
**Epic:** v3 execution readiness

## Acceptance criteria

- [ ] Current v2.0 blueprint and approved ADRs are followed.
- [ ] Contradictory older text is not copied into implementation.
- [ ] Normal, failure, recovery, accessibility and performance evidence exists.
- [ ] New dependency and licence effects are recorded.
- [ ] Deterministic regression coverage is added where applicable.
",,,,,,,,,
ARQ-242,prototype: review component lab at all responsive breakpoints,historical requirement; revalidate,"[""E10""]",backlog/issues/242-prototype-review-component-lab-at-all-responsive-breakpoints.md,https://github.com/ruddvz/Arq/blob/a02ccc69e44e41324324c9482a43edbfb58e7905/backlog/issues/242-prototype-review-component-lab-at-all-responsive-breakpoints.md,Reuse existing implementation and linked issues; preserve original dependencies and acceptance; do not reopen simply because this plan lists it.,explicit historic work-family allocation,"# prototype: review component lab at all responsive breakpoints

**Issue ID:** ARQ-242
**Priority:** critical or high
**Epic:** v3 execution readiness

## Acceptance criteria

- [ ] Current v2.0 blueprint and approved ADRs are followed.
- [ ] Contradictory older text is not copied into implementation.
- [ ] Normal, failure, recovery, accessibility and performance evidence exists.
- [ ] New dependency and licence effects are recorded.
- [ ] Deterministic regression coverage is added where applicable.
",,,,,,,,,
